predict,LONGITUDE,LATITUDE,depth,DissolvedO2_max,DissolvedO2_mean,DissolvedO2_min,disttoestuary_all_km,Salinity_Lt_max,Salinity_Lt_min,Salinity_max,Salinity_mean,Salinity_min,Salinity_range,sst_average,sst_Lt_max,sst_Lt_min,sst_max,sst_min,sst_range,substrate_simplified
predict,20.87526,-34.44339,-31.078971862793,260.006591796875,238.771347045898,212.366271972656,5.36497926712036,35.5974349975586,35.392692565918,35.7282333374023,35.4784927368164,35.3007164001465,0.430177092552185,18.1363105773926,21.8210678100586,15.0469884872437,22.5143985748291,13.929274559021,8.58512496948242,3
predict,20.51377,-34.49158,-23.7091236114502,264.051971435547,238.956100463867,210.289825439453,24.7359466552734,35.6098175048828,35.4273834228516,35.730827331543,35.5036392211914,35.3396339416504,0.391327679157257,18.0225219726562,21.8385257720947,14.978099822998,22.5102577209473,13.9620094299316,8.54824733734131,5
predict,20.869492,-34.463724,-66.1345520019531,260.153778076172,238.703720092773,244.836120605469,7.13413286209106,35.5985832214355,35.3960304260254,35.728588104248,35.4799270629883,35.3031806945801,0.426154792308807,18.2068099975586,21.8622417449951,15.0859003067017,22.5528831481934,13.9746360778809,8.5782470703125,4
predict,20.39632,-34.587001,-18.9850540161133,264.745391845703,239.121292114258,203.569931030273,31.4434604644775,35.6127319335938,35.4369049072266,35.731330871582,35.5119361877441,35.3499984741211,0.381888210773468,18.031623840332,21.8292808532715,14.9565753936768,22.5593700408936,13.8825254440308,8.67684364318848,5
predict,18.4799,-34.23168,-31.5264225006104,263.771270751953,243.002304077148,228.009017944336,11.038800239563,35.5527381896973,34.9699630737305,35.6701126098633,35.3706970214844,34.5793724060059,1.19210410118103,15.9331817626953,19.9691944122314,14.7577571868896,20.3499889373779,13.0096864700317,7.34030294418335,3
predict,18.48023,-34.3355,-51.391471862793,263.232025146484,241.95393371582,229.652297973633,22.1297473907471,35.5644569396973,35.1557350158691,35.6884155273438,35.4236145019531,34.8084182739258,0.938818514347076,15.8129167556763,20.2377147674561,15.0154371261597,20.3424549102783,12.853777885437,7.48867559432983,3
predict,18.70833333,-34.125,-30.7214050292969,263.796508789062,242.913314819336,230.54899597168,7.0763578414917,35.5463981628418,34.849292755127,35.6703910827637,35.3501243591309,34.4896469116211,1.30171859264374,16.5293216705322,19.8771533966064,14.5439643859863,21.4056262969971,13.1270198822021,8.27860641479492,3
predict,18.79166667,-34.125,-13.0974159240723,263.837158203125,242.594589233398,219.283706665039,1.94939255714417,35.5660972595215,35.1899490356445,35.6800346374512,35.4177017211914,34.8103790283203,0.86965399980545,16.552360534668,19.8788967132568,14.5283670425415,21.5371417999268,13.1030530929565,8.43408870697021,3
predict,20.65577201,-34.46748798,-62.5892639160156,262.422332763672,238.690689086914,224.110565185547,7.36220836639404,35.6029319763184,35.4119491577148,35.7288780212402,35.4912796020508,35.3230667114258,0.406107783317566,18.0952033996582,21.8544387817383,15.0102052688599,22.4134922027588,13.9916458129883,8.42184638977051,13
predict,19.41277,-34.69361,-43.6798477172852,262.421936035156,238.664962768555,212.976425170898,11.6952705383301,35.6157188415527,35.4141311645508,35.7260513305664,35.5071678161621,35.292911529541,0.432743400335312,16.5877056121826,20.8142509460449,15.146595954895,20.3592987060547,13.7967090606689,6.56258964538574,5
predict,18.8228,-34.22802,-25.3390827178955,263.729705810547,242.486709594727,210.852920532227,2.85033178329468,35.5616836547852,35.1867485046387,35.6769332885742,35.4145584106445,34.8052406311035,0.877618014812469,16.3460311889648,20.0282020568848,14.6805686950684,21.2450008392334,13.119574546814,8.12542533874512,3
predict,19.244536,-34.420833,-2.22316694259644,264.821899414062,240.462951660156,223.008941650391,13.6141891479492,35.5974388122559,35.3531188964844,35.7032814025879,35.4751014709473,35.1510009765625,0.551853001117706,16.180196762085,20.4061908721924,15.0381202697754,20.1388187408447,13.5660362243652,6.57278251647949,3
predict,20.75938197,-34.47232903,-58.4178733825684,261.291015625,238.494613647461,203.502044677734,8.56419944763184,35.6011810302734,35.4075546264648,35.7269134521484,35.4870986938477,35.31640625,0.41054230928421,18.1520709991455,21.8563995361328,15.0387191772461,22.4721412658691,13.9536142349243,8.51852607727051,4
predict,22.1665,-34.0824,-35.3412322998047,253.526748657227,238.410232543945,222.199462890625,5.02040719985962,35.588062286377,35.3870620727539,35.7267799377441,35.4717445373535,35.2770118713379,0.45173966884613,18.4519710540771,21.6135177612305,15.768988609314,23.068042755127,14.4366626739502,8.63138008117676,3
predict,18.397383,-33.82125,-16.0018882751465,265.578308105469,246.69807434082,231.382415771484,36.732780456543,35.3550148010254,32.4325408935547,35.5516929626465,34.5248336791992,32.1502494812012,3.80644702911377,14.7524690628052,18.931245803833,14.3034029006958,17.731273651123,12.5988903045654,5.13238430023193,3
predict,18.8069,-34.35546,-39.4667930603027,263.492553710938,241.750991821289,220.888977050781,2.95404553413391,35.5662269592285,35.2259635925293,35.6838722229004,35.4314994812012,34.9112548828125,0.803125977516174,16.0309658050537,20.1560573577881,14.8407697677612,20.8964309692383,13.1121129989624,7.78431797027588,3
predict,20.24844,-34.67452,-43.2073974609375,265.388122558594,239.418609619141,244.756317138672,17.0530700683594,35.6108207702637,35.4340171813965,35.7326927185059,35.5096702575684,35.3452796936035,0.388150990009308,18.0234546661377,21.8136959075928,14.9991893768311,22.4770774841309,14.0936450958252,8.38343238830566,5
predict,20.635058,-34.454235,-23.7091236114502,262.422332763672,238.854507446289,221.75407409668,24.7359466552734,35.6061935424805,35.4191703796387,35.7296028137207,35.5036392211914,35.3396339416504,0.3989437520504,18.0952033996582,21.8244037628174,14.9748287200928,22.4218807220459,13.9916458129883,8.42184638977051,13
predict,22.9523,-34.0769,-63.290168762207,250.238647460938,237.499618530273,209.096450805664,6.62515163421631,35.5590171813965,35.3796997070312,35.701847076416,35.4575080871582,35.2924308776855,0.413477003574371,18.2823314666748,21.4668655395508,16.1714324951172,22.7822017669678,14.9406843185425,7.84151792526245,13
predict,22.8952,-34.0527,-61.7601661682129,251.975463867188,238.596237182617,220.812377929688,6.62515163421631,35.577564239502,35.3855133056641,35.701847076416,35.4727478027344,35.2702407836914,0.449652075767517,18.3636131286621,21.4917602539062,16.1073055267334,22.7822017669678,14.9406843185425,8.37345790863037,13
predict,18.90879,-34.36316,-65.3227233886719,263.566345214844,240.374298095703,222.193832397461,12.1481971740723,35.5920295715332,35.3337173461914,35.6990852355957,35.4602966308594,35.0685997009277,0.592394590377808,16.1448402404785,20.2357368469238,14.9505233764648,20.4288692474365,13.0789136886597,7.34995555877686,5
predict,18.54166667,-34.125,-16.1363048553467,264.037200927734,243.917846679688,211.182525634766,1.75152826309204,35.553524017334,34.8400344848633,35.668098449707,35.3183403015137,34.3282737731934,1.35136997699738,16.3927116394043,19.9025020599365,14.6855754852295,20.9235877990723,13.2144594192505,7.70912933349609,3
predict,25.68333,-33.8,-12.431188583374,242.726257324219,232.307174682617,239.216934204102,2.38188362121582,35.491641998291,35.3127479553223,35.6295890808105,35.4034385681152,35.2316818237305,0.398595005273819,18.7047233581543,21.7274074554443,16.9462127685547,22.9451942443848,15.1341743469238,7.81101942062378,3
predict,20.732019,-34.454849,-62.5892639160156,262.716613769531,238.854507446289,210.648544311523,8.56419944763184,35.6021270751953,35.409107208252,35.7289886474609,35.4891929626465,35.3195877075195,0.409918010234833,18.1171741485596,21.8251609802246,14.9970636367798,22.4721412658691,14.0161809921265,8.40569877624512,13
predict,23.92771,-34.0264,-1.34236681461334,249.057189941406,236.266815185547,211.218368530273,10.270806312561,35.5109901428223,35.3433609008789,35.6334533691406,35.428092956543,35.264835357666,0.369865626096725,18.3915996551514,21.3960781097412,16.5222301483154,22.2899284362793,15.1428861618042,7.14704179763794,13
predict,25.8750912,-34.02165228,-76.7349395751953,238.523254394531,228.521865844727,202.956436157227,31.2046356201172,35.4919700622559,35.3136825561523,35.6193923950195,35.4039268493652,35.2131576538086,0.40660172700882,18.5153846740723,21.9126853942871,17.3102378845215,22.4240779876709,15.7134580612183,6.71062088012695,6
predict,26.3262,-33.7679,-27.6448459625244,236.475128173828,227.149063110352,209.386535644531,31.4613609313965,35.4880332946777,35.3138542175293,35.5999488830566,35.4015159606934,35.2149047851562,0.381752014160156,18.4773998260498,22.162504196167,17.3599033355713,22.1063213348389,15.5661268234253,6.54019403457642,13
predict,20.02303,-34.83685,-38.8827323913574,263.280364990234,239.074615478516,219.054489135742,22.0569400787354,35.6171722412109,35.4420700073242,35.7363586425781,35.5223388671875,35.3381805419922,0.39336821436882,17.5376625061035,21.6701164245605,15.1050052642822,21.8730392456055,14.0260496139526,7.84698867797852,5
predict,20.12635,-34.84055,-22.0705490112305,263.728973388672,239.094635009766,220.150192260742,10.9643697738647,35.6164093017578,35.4410591125488,35.7353477478027,35.5181198120117,35.3427543640137,0.391079246997833,17.8348655700684,21.7592277526855,15.0943841934204,22.334566116333,14.0848016738892,8.24976539611816,5
predict,27.77908,-33.145911,-44.3317413330078,227.038101196289,218.817657470703,220.136032104492,3.13513422012329,35.4847946166992,35.2568359375,35.5956916809082,35.3788986206055,35.0621490478516,0.53345000743866,20.0113315582275,24.657995223999,19.4017715454102,23.6624717712402,16.7217655181885,6.94070482254028,5
predict,25.70833333,-34.125,-94.758171081543,238.418670654297,228.169723510742,222.085510253906,25.6494312286377,35.4927597045898,35.3144874572754,35.621524810791,35.4047393798828,35.2085494995117,0.413820534944534,18.6239395141602,21.8379516601562,17.3161106109619,22.3859634399414,15.8535680770874,6.53239488601685,13
predict,25.70885,-34.04676,-20.9657115936279,239.830688476562,230.04833984375,204.119995117188,14.0853548049927,35.4914970397949,35.3165588378906,35.6272659301758,35.4043846130371,35.2240829467773,0.404665857553482,18.5148525238037,21.7760601043701,17.1684112548828,22.3938426971436,15.574315071106,6.8195276260376,9
predict,24.73319,-34.20624,-63.9410285949707,240.48356628418,229.768814086914,210.411956787109,5.8936505317688,35.4952125549316,35.3297080993652,35.6203498840332,35.4130020141602,35.2653312683105,0.354842990636826,18.2819919586182,21.4865989685059,16.9647674560547,21.9704341888428,15.3639736175537,6.60646104812622,13
predict,22.288192,-34.090983,-47.558780670166,253.384246826172,238.337371826172,220.085296630859,6.94381713867188,35.5875244140625,35.3877906799316,35.7294540405273,35.4718284606934,35.278694152832,0.453228533267975,18.438663482666,21.5987091064453,15.8160123825073,23.072868347168,14.4762620925903,8.59660720825195,13
predict,21.9185,-34.35273,-11.8746767044067,252.707748413086,237.980606079102,202.020202636719,7.34117937088013,35.5863075256348,35.3746948242188,35.7174873352051,35.4660186767578,35.2733726501465,0.456651002168655,18.3172569274902,21.6166973114014,15.7085475921631,22.8062400817871,14.290002822876,8.51623821258545,4
predict,21.45833333,-34.45833333,-45.0005149841309,254.832580566406,238.43359375,221.739807128906,8.60507011413574,35.5843353271484,35.3851585388184,35.712474822998,35.4670791625977,35.281909942627,0.427071541547775,18.1652908325195,21.7405395507812,15.4135980606079,22.6829586029053,14.0860223770142,8.59693622589111,4
predict,19.248486,-34.417292,-9.38669013977051,264.129211425781,240.462951660156,207.17805480957,11.5613031387329,35.5980987548828,35.3541717529297,35.7077560424805,35.4816436767578,35.1830558776855,0.549701988697052,16.2517890930176,20.4245376586914,15.0192575454712,20.285327911377,13.7244644165039,6.56086301803589,3
predict,20.437919,-34.531468,-23.7091236114502,264.051971435547,238.999160766602,244.001403808594,29.9414157867432,35.6106414794922,35.429141998291,35.730827331543,35.5036392211914,35.3470344543457,0.39068192243576,18.1407260894775,21.8287467956543,14.9734869003296,22.5102577209473,13.8849210739136,8.54824733734131,5
predict,17.875,-33.70833333,-178.250579833984,265.591705322266,245.39811706543,220.61376953125,47.1007080078125,35.4756126403809,33.7933387756348,35.6209144592285,34.9260139465332,33.2307739257812,2.43692135810852,15.25537109375,18.7659511566162,14.9446210861206,18.2808361053467,12.8765621185303,5.40427446365356,13
predict,17.95833333,-33.04166667,-15.1647758483887,267.626312255859,250.08056640625,222.208404541016,3.5268440246582,35.1557426452637,31.7848205566406,35.3840484619141,33.9250411987305,31.1720314025879,4.21201801300049,14.3453607559204,17.5272026062012,14.161003112793,17.1497955322266,11.8210802078247,5.3287148475647,3
predict,18.0239,-33.1086,1.31176874917927e-10,267.728393554688,250.17936706543,228.730575561523,25.6928520202637,35.1013641357422,30.9427795410156,35.3404960632324,33.5349617004395,30.1646976470947,5.09103870391846,14.4392290115356,17.6011447906494,14.188627243042,17.2427539825439,11.9661464691162,5.27660703659058,5
predict,18.3486,-34.1775,-54.648998260498,264.232513427734,241.95393371582,208.994323730469,52.1736793518066,35.561710357666,34.913875579834,35.6399765014648,35.0738372802734,34.6325454711914,1.26788651943207,15.6446990966797,19.9657649993896,14.8405418395996,19.9145774841309,12.6880674362183,7.22651052474976,3
predict,18.45833333,-34.375,-86.1722259521484,262.775238037109,241.136322021484,228.267578125,33.2219772338867,35.5960845947266,35.2771072387695,35.7007865905762,35.4462661743164,34.9252624511719,0.719705820083618,16.3215160369873,20.5170001983643,15.3060779571533,20.8138275146484,13.3965902328491,7.41723775863647,5
predict,18.625,-34.125,-25.3235263824463,263.883056640625,243.266891479492,221.886367797852,9.42857646942139,35.5503120422363,34.8582420349121,35.668773651123,35.3367004394531,34.421501159668,1.31540954113007,16.4815101623535,19.8581142425537,14.5226392745972,21.1810894012451,13.1988773345947,7.98221158981323,3
predict,18.79166667,-34.45833333,-56.3914222717285,263.433258056641,240.720901489258,209.040557861328,10.0156698226929,35.5889587402344,35.3056182861328,35.6966133117676,35.4537086486816,35.024543762207,0.64976578950882,16.1248931884766,20.2943840026855,15.0125274658203,20.5812683105469,13.2229270935059,7.35834169387817,5
predict,18.875,-34.125,-25.3390827178955,263.837158203125,242.486709594727,220.63996887207,1.94939255714417,35.5616836547852,35.1899490356445,35.6800346374512,35.4145584106445,34.8103790283203,0.877618014812469,16.552360534668,19.8788967132568,14.5283670425415,21.5371417999268,13.119574546814,8.12542533874512,3
predict,19.04166667,-34.375,-62.1850242614746,263.960327148438,240.441482543945,215.578903198242,7.2233247756958,35.5923042297363,35.3436050415039,35.703727722168,35.4690361022949,35.1215896606445,0.571663439273834,16.1341724395752,20.2552967071533,14.9639587402344,20.244384765625,13.1207237243652,7.12366199493408,3
predict,19.3397007,-34.58440018,-29.2932872772217,263.846313476562,239.407653808594,211.614227294922,12.6519565582275,35.6094055175781,35.394603729248,35.7184867858887,35.4969367980957,35.2519645690918,0.468679994344711,16.3094997406006,20.6197566986084,15.1224269866943,20.1835536956787,13.5742816925049,6.60927295684814,6
predict,19.375,-34.625,-1.60231959819794,263.508117675781,239.323364257812,214.859359741211,1.03691101074219,35.6116828918457,35.4022636413574,35.7207489013672,35.5000648498535,35.2641220092773,0.455402225255966,16.3099880218506,20.6349029541016,15.049765586853,20.1308174133301,13.5133037567139,6.61751365661621,5
predict,19.54166667,-34.79166667,-87.5119094848633,261.142425537109,238.037948608398,221.241287231445,16.1907653808594,35.620491027832,35.4282455444336,35.7315483093262,35.5178909301758,35.3186683654785,0.417170852422714,17.0058670043945,21.1391716003418,15.2772626876831,20.7731590270996,14.0654916763306,6.70766687393188,5
predict,19.625,-34.79166667,-52.7066802978516,261.363220214844,238.199783325195,210.255218505859,15.5223627090454,35.6207733154297,35.4310989379883,35.7321510314941,35.5188751220703,35.3184432983398,0.418521076440811,16.8844242095947,21.2470550537109,15.2739677429199,20.6874980926514,13.8237590789795,6.8637375831604,5
predict,19.95833333,-35.04166667,-77.9177856445312,261.734436035156,238.349731445312,220.08317565918,34.9664573669434,35.6249160766602,35.4489059448242,35.7367210388184,35.5260276794434,35.3346405029297,0.402400016784668,18.2239513397217,21.7891311645508,15.3182001113892,22.7730255126953,14.2504186630249,8.52260684967041,5
predict,19.95833333,-34.95833333,-53.3280220031738,262.867279052734,238.872360229492,227.917404174805,25.3409881591797,35.6220359802246,35.4463081359863,35.7366981506348,35.5229644775391,35.3371047973633,0.401037722826004,17.9198436737061,21.7344856262207,15.1875228881836,22.3829708099365,14.1957626342773,8.18720817565918,5
predict,21.20833333,-34.875,-81.4300918579102,252.926208496094,236.556976318359,220.234848022461,61.3757247924805,35.5948028564453,35.4258842468262,35.6997871398926,35.4962921142578,35.3456535339355,0.349336743354797,18.3171939849854,21.8468055725098,15.5636396408081,22.8535633087158,14.2299480438232,8.62361526489258,13
predict,21.20833333,-34.45833333,-33.8210906982422,257.181915283203,238.808395385742,203.291687011719,20.6658840179443,35.5911293029785,35.3873062133789,35.7210464477539,35.4704132080078,35.2882118225098,0.432644993066788,18.0776748657227,21.7978897094727,15.2191715240479,22.5722370147705,14.0788526535034,8.49338436126709,3
predict,21.29166667,-34.45833333,-64.1090698242188,256.818115234375,238.793655395508,212.187469482422,5.20030546188354,35.5905265808105,35.3877601623535,35.7191734313965,35.4700736999512,35.288028717041,0.431066989898682,18.098482131958,21.7917728424072,15.2550563812256,22.6317291259766,14.0799808502197,8.55174732208252,4
predict,21.375,-34.45833333,-22.4699649810791,255.615707397461,238.570861816406,242.380187988281,5.20030546188354,35.5862503051758,35.3848686218262,35.7151908874512,35.4677619934082,35.283935546875,0.43000328540802,18.1364574432373,21.7611274719238,15.3408031463623,22.6886901855469,14.0692729949951,8.61941719055176,5
predict,21.625,-34.45833333,-49.8589515686035,254.28825378418,238.312210083008,220.000686645508,17.7987003326416,35.5832252502441,35.3846244812012,35.7105712890625,35.467399597168,35.2817535400391,0.428396582603455,18.1814708709717,21.7198734283447,15.4781045913696,22.6771850585938,14.1460647583008,8.53111934661865,4
predict,21.70833333,-34.375,-52.5815048217773,253.782379150391,238.223068237305,243.123123168945,21.0149707794189,35.5819282531738,35.3822212219238,35.7110710144043,35.4670639038086,35.2773704528809,0.43558207154274,18.2161979675293,21.6887493133545,15.5617475509644,22.6975021362305,14.1902675628662,8.50723361968994,5
predict,21.875,-34.375,-60.6616516113281,252.526519775391,237.934677124023,227.529983520508,7.34117937088013,35.5809631347656,35.3854141235352,35.7139205932617,35.4679489135742,35.2803421020508,0.428534656763077,18.3175258636475,21.623836517334,15.6984720230103,22.8195457458496,14.3514022827148,8.46814250946045,13
predict,22.04166667,-34.29166667,-42.9698905944824,253.232757568359,238.189102172852,208.993682861328,11.491602897644,35.586109161377,35.3755874633789,35.7201309204102,35.4653282165527,35.2702980041504,0.455847769975662,18.3444137573242,21.6152305603027,15.7169466018677,22.8840885162354,14.3005475997925,8.58353996276855,4
predict,22.125,-34.20833333,-38.5614585876465,253.602096557617,238.386795043945,223.94123840332,8.94916725158691,35.5867042541504,35.3791427612305,35.7244644165039,35.4679718017578,35.2718887329102,0.454707771539688,18.3916416168213,21.6183280944824,15.7336692810059,23.0283164978027,14.3579072952271,8.67040824890137,13
predict,22.54166667,-34.04166667,-54.258186340332,253.577285766602,238.577728271484,222.933212280273,12.9602661132812,35.596923828125,35.3900985717773,35.7420196533203,35.4737205505371,35.2768096923828,0.479831278324127,18.3991451263428,21.5677871704102,15.9013175964355,23.1384029388428,14.516921043396,8.56348133087158,13
predict,24.45833333,-34.125,-48.8266792297363,241.58674621582,232.222778320312,226.414016723633,5.54524755477905,35.4987564086914,35.3361625671387,35.621883392334,35.4153213500977,35.2668609619141,0.352122008800507,18.1993370056152,21.4160480499268,16.837589263916,22.6017761230469,15.1885900497437,6.79895973205566,13
predict,24.625,-34.20833333,-48.8266792297363,240.959838867188,229.993988037109,220.000686645508,5.54524755477905,35.4972877502441,35.3326301574707,35.6212768554688,35.4153213500977,35.2663536071777,0.354982823133469,18.2456874847412,21.474552154541,16.974515914917,21.8756294250488,15.2440776824951,6.63155174255371,13
predict,24.875,-34.20833333,-52.7968139648438,238.905776977539,228.796997070312,218.990310668945,9.74197006225586,35.4940643310547,35.32568359375,35.6174583435059,35.4105834960938,35.2545509338379,0.362048655748367,18.4281578063965,21.5498600006104,17.0544338226318,22.1003913879395,15.5469312667847,6.55346059799194,13
predict,24.95833333,-34.29166667,-124.181884765625,237.055862426758,227.362213134766,210.724853515625,24.1597595214844,35.4953651428223,35.3248100280762,35.6177215576172,35.4114036560059,35.2465476989746,0.367546141147614,18.8848514556885,21.7473735809326,17.444938659668,22.5540733337402,16.4427928924561,6.11128044128418,5
predict,24.95833333,-34.125,-44.1959037780762,240.985290527344,230.657760620117,210.883041381836,9.74903202056885,35.4892845153809,35.3229484558105,35.6129531860352,35.4059906005859,35.2529106140137,0.359889984130859,18.3491401672363,21.541618347168,16.9611701965332,22.1461849212646,15.386531829834,6.75965309143066,3
predict,25.29166667,-34.04166667,-45.4156837463379,242.447082519531,231.028579711914,218.690673828125,2.92117857933044,35.4892616271973,35.3252639770508,35.6096420288086,35.4055480957031,35.2508583068848,0.357455998659134,18.3162631988525,21.6019058227539,17.023063659668,21.9802589416504,15.5606727600098,6.41958618164062,3
predict,25.375,-34.04166667,-0.548520863056183,241.43424987793,230.315200805664,221.950744628906,17.3525886535645,35.4915390014648,35.3220138549805,35.6148872375488,35.405632019043,35.2360305786133,0.381400734186172,18.3526802062988,21.6308307647705,17.0615310668945,22.0196704864502,15.6335382461548,6.38613224029541,13
predict,25.54166667,-34.125,-92.4175796508789,239.025512695312,228.045166015625,219.665313720703,25.8206996917725,35.493278503418,35.319896697998,35.6168251037598,35.4067230224609,35.220100402832,0.396076232194901,18.5358982086182,21.6864032745361,17.1659622192383,22.1960468292236,15.9596433639526,6.23640441894531,13
predict,25.625,-33.95833333,-20.9657115936279,240.416275024414,230.04833984375,209.373443603516,14.0853548049927,35.4915237426758,35.3177871704102,35.6272659301758,35.4066696166992,35.2316818237305,0.394222497940063,18.6760597229004,21.7462558746338,16.9701538085938,22.9221343994141,15.4103240966797,7.51181030273438,3
predict,25.70833333,-34.20833333,-116.398788452148,235.54833984375,225.043746948242,207.029266357422,36.7414436340332,35.4940643310547,35.3112297058105,35.6164360046387,35.4044075012207,35.187873840332,0.428627997636795,18.8790493011475,21.93408203125,17.4893684387207,22.4094123840332,16.198371887207,6.21104049682617,13
predict,25.79166667,-33.79166667,-33.0323219299316,241.941986083984,231.748184204102,213.53466796875,10.9455795288086,35.4916801452637,35.3119354248047,35.628116607666,35.4032287597656,35.2271461486816,0.401684999465942,18.5683498382568,21.7331104278564,16.9538536071777,22.6270923614502,15.11545753479,7.51163530349731,3
predict,25.875,-33.79166667,-43.809642791748,240.50456237793,230.727264404297,209.767303466797,12.0676488876343,35.4898300170898,35.3138580322266,35.6208076477051,35.4030418395996,35.2304382324219,0.388175487518311,18.5025272369385,21.8096866607666,17.0410556793213,22.5225219726562,15.2865781784058,7.23594427108765,3
predict,26.27479707,-33.87177707,-87.0851898193359,235.869812011719,226.496063232422,203.5849609375,36.6354942321777,35.4896774291992,35.3107261657715,35.6004180908203,35.401065826416,35.1993026733398,0.406589418649673,18.6020679473877,22.3305988311768,17.6039428710938,22.304615020752,15.9868869781494,6.3177285194397,13
predict,26.625,-33.79166667,-82.0152282714844,232.513519287109,223.350875854492,223.651550292969,9.86726474761963,35.4858360290527,35.3055038452148,35.5939636230469,35.3959121704102,35.1765289306641,0.410246163606644,18.6777191162109,22.9048728942871,17.9424228668213,22.1469383239746,15.9027910232544,6.24414730072021,13
predict,26.9,-33.61,-63.0517692565918,230.622711181641,220.14274597168,202.185684204102,0.540101230144501,35.4836273193359,35.2810935974121,35.5943832397461,35.3882865905762,35.12060546875,0.476269364356995,18.8808879852295,23.3420581817627,18.0206031799316,22.587085723877,15.9005527496338,6.68653297424316,5
predict,26.95833333,-33.70833333,-71.7054824829102,229.437759399414,219.092361450195,221.325012207031,14.9169788360596,35.4831085205078,35.2732162475586,35.596004486084,35.3852806091309,35.0957374572754,0.500165104866028,19.4898357391357,23.7545166015625,18.566499710083,22.7772064208984,16.6874294281006,6.08977794647217,13
predict,25.62527503,-34.07161068,-93.5678939819336,239.403564453125,228.584808349609,222.085632324219,29.2500305175781,35.493106842041,35.3188056945801,35.6176795959473,35.4060897827148,35.2147941589355,0.40053004026413,18.582311630249,21.6851749420166,17.1667613983154,22.2802715301514,15.8955955505371,6.38467693328857,5
predict,20.118269,-34.716851,-49.9207611083984,263.280364990234,239.440017700195,220.947601318359,10.9643697738647,35.615592956543,35.4399833679199,35.7342720031738,35.5181198120117,35.3381805419922,0.390575170516968,17.7467823028564,21.6814365386963,15.0298776626587,22.2786827087402,14.0237236022949,8.25495910644531,5
predict,19.686647,-34.768677,-45.1725578308105,261.870452880859,238.422805786133,219.740829467773,6.37272310256958,35.6216278076172,35.4414138793945,35.7357635498047,35.5216903686523,35.3342628479004,0.399242997169495,16.8535079956055,21.3415107727051,15.1938562393188,20.7373104095459,13.73264503479,7.00466537475586,5
predict,18.4375,-34.15766667,-60.3896789550781,263.500396728516,244.060440063477,229.779037475586,52.1736793518066,35.5152359008789,34.9699630737305,35.6701126098633,35.3183403015137,34.5793724060059,1.26788651943207,15.4779920578003,19.6691131591797,14.7577571868896,20.9235877990723,13.2144594192505,7.22651052474976,5
predict,18.35533333,-34.05383333,-54.648998260498,264.232513427734,244.060440063477,224.922958374023,45.1283836364746,35.4515151977539,33.5074234008789,35.668098449707,35.3183403015137,34.3282737731934,1.35136997699738,14.9222211837769,19.1885108947754,14.7725896835327,17.8329029083252,11.5614061355591,7.70912933349609,5
predict,18.37016667,-33.956,-31.5013809204102,265.161712646484,245.807632446289,220.465911865234,36.732780456543,35.4515151977539,33.5074234008789,35.5875930786133,34.769660949707,32.7102012634277,2.81535577774048,14.8337182998657,19.1885108947754,14.3840227127075,17.815938949585,12.3794574737549,5.43648195266724,5
predict,18.34283333,-33.9845,-60.3896789550781,264.825378417969,245.162094116211,219.763137817383,56.2198600769043,35.4972305297852,33.7888641357422,35.6199073791504,34.9267692565918,32.9588012695312,2.6026394367218,14.6559104919434,19.6691131591797,14.7725896835327,17.8514575958252,11.5614061355591,6.29005098342896,5
predict,18.38366667,-34.90566667,-410.915618896484,256.626586914062,235.344345092773,221.370635986328,78.6557846069336,35.6367988586426,35.3948097229004,35.7404098510742,35.514533996582,35.2542495727539,0.489880055189133,18.6057243347168,21.4146270751953,16.1843490600586,22.6858596801758,15.0352029800415,7.65065622329712,5
predict,18.3835,-34.28516667,-19.4395008087158,262.990875244141,241.898223876953,241.991821289062,37.7823257446289,35.5650329589844,35.0231666564941,35.6884422302246,35.3926849365234,34.6325454711914,1.12868189811707,15.8555240631104,20.3177642822266,15.1350803375244,20.4897899627686,12.909330368042,7.58045959472656,6
predict,18.30966667,-34.16816667,-70.6208419799805,263.500396728516,242.473480224609,221.504806518555,52.1736793518066,35.5667152404785,34.8411445617676,35.6805763244629,35.3350868225098,34.2892799377441,1.41182005405426,15.4779920578003,20.0574226379395,14.9993085861206,19.5573024749756,12.4393663406372,7.1179370880127,5
predict,18.3035,-34.15333333,-54.648998260498,264.232513427734,244.060440063477,220.0888671875,62.9759559631348,35.5152359008789,34.1593399047852,35.6399765014648,35.0738372802734,33.4965744018555,2.14764475822449,14.9222211837769,19.8605785369873,14.8752307891846,18.6739044189453,11.3563070297241,7.31759834289551,6
predict,27.934337,-33.04512,-44.3317413330078,226.708374023438,218.33674621582,229.069366455078,6.7576789855957,35.4856910705566,35.2612113952637,35.5950584411621,35.3781433105469,35.0621490478516,0.520371556282043,21.3198871612549,24.7724380493164,19.5320243835449,23.6624717712402,17.2500858306885,6.74928379058838,5
predict,20.10551,-34.92946,-75.4656295776367,263.132171630859,238.845474243164,220.062438964844,22.0569400787354,35.6219635009766,35.4463806152344,35.7357482910156,35.5216407775879,35.3415145874023,0.397404819726944,18.1170330047607,21.7835483551025,15.1536912918091,22.6371536254883,14.2063016891479,8.43085193634033,5
predict,19.815873,-34.847246,-39.7405471801758,262.110046386719,238.536163330078,228.947280883789,6.2077784538269,35.6196098327637,35.4416923522949,35.7361450195312,35.521053314209,35.3374137878418,0.398036986589432,16.9284839630127,21.4858837127686,15.1726455688477,20.9338092803955,13.7612648010254,7.17254495620728,5
predict,20.345902,-34.779312,-79.6514892578125,263.949066162109,238.915405273438,217.385391235352,21.6052837371826,35.6117477416992,35.435230255127,35.7331161499023,35.5126838684082,35.3458786010742,0.387923002243042,18.1978511810303,21.8423042297363,15.0527191162109,22.6855049133301,14.1937961578369,8.49170780181885,5
predict,20.247318,-34.667013,-30.6357669830322,265.307067871094,239.440017700195,221.305084228516,7.89308977127075,35.6108512878418,35.4338111877441,35.7334747314453,35.5103187561035,35.3437881469727,0.389461994171143,17.8592586517334,21.7959403991699,14.996898651123,22.3877658843994,14.0485506057739,8.33921432495117,5
predict,20.96883,-34.492406,-72.039192199707,259.278076171875,238.642791748047,221.839569091797,14.9205474853516,35.5962677001953,35.3872756958008,35.7293548583984,35.472900390625,35.2903594970703,0.437541723251343,18.2219314575195,21.8532161712646,15.1173248291016,22.6338710784912,14.045578956604,8.58829307556152,4
predict,24.946933,-34.323324,-124.324684143066,237.306640625,227.58708190918,221.370635986328,20.8328170776367,35.4956016540527,35.3252792358398,35.6183128356934,35.4115371704102,35.249626159668,0.365620911121368,18.7919006347656,21.6790237426758,17.3835849761963,22.4789218902588,16.3012638092041,6.17765808105469,5
predict,18.598182,-34.317135,-70.9270248413086,263.479797363281,242.129302978516,228.012664794922,21.358715057373,35.5655212402344,35.1701164245605,35.6846313476562,35.4212989807129,34.8156433105469,0.912217736244202,15.8134517669678,20.1823234558105,14.8975973129272,20.3617286682129,12.9888782501221,7.37285089492798,3
predict,22.191549,-34.194411,-54.5807266235352,253.537002563477,238.420654296875,224.467758178711,11.4034872055054,35.5867691040039,35.388355255127,35.7251281738281,35.4717178344727,35.2801551818848,0.444907993078232,18.4245147705078,21.597677230835,15.7894420623779,23.122127532959,14.3618593215942,8.76026916503906,13
predict,23.31,-34.11,-62.237117767334,248.291290283203,236.321960449219,218.606842041016,6.61209630966187,35.5317306518555,35.3652725219727,35.6619987487793,35.4431686401367,35.2951850891113,0.366497993469238,18.2754592895508,21.4374370574951,16.3165435791016,22.6581840515137,15.0123739242554,7.64581060409546,13
predict,25.7833,-34.0667,-98.0245590209961,238.029327392578,227.890350341797,202.13069152832,28.261173248291,35.4927101135254,35.3138084411621,35.6207656860352,35.4042549133301,35.2050170898438,0.414986848831177,18.6622371673584,21.88205909729,17.3583488464355,22.4384269714355,15.9350099563599,6.50341844558716,13
predict,22.2395,-34.0566,-47.558780670166,253.533660888672,238.410232543945,209.463745117188,5.02040719985962,35.5908622741699,35.3867301940918,35.7267799377441,35.4717445373535,35.2748947143555,0.461097985506058,18.4519710540771,21.6239185333252,15.759391784668,23.068042755127,14.4762620925903,8.59660720825195,3
predict,25.5764,-34.0483,-93.5678939819336,241.428329467773,228.584808349609,219.670333862305,25.8206996917725,35.4925918579102,35.3194618225098,35.6176795959473,35.4043846130371,35.2147941589355,0.395614296197891,18.423469543457,21.717586517334,17.1203155517578,22.1381187438965,15.574315071106,6.46452713012695,13
predict,25.47,-34.04,-93.5678939819336,240.416275024414,229.301635742188,212.219863891602,29.2500305175781,35.4930648803711,35.3208351135254,35.6199226379395,35.4066696166992,35.2305755615234,0.391569316387177,18.423469543457,21.6591949462891,17.0686187744141,22.1381187438965,15.6735916137695,6.46452713012695,13
predict,25.2333,-34.0333,-47.3332061767578,242.101760864258,230.797470092773,233.390274047852,5.80502510070801,35.4889144897461,35.3253898620605,35.6084365844727,35.4055938720703,35.2539939880371,0.354018747806549,18.3226776123047,21.5813293457031,16.9829444885254,22.022668838501,15.5142574310303,6.50841188430786,3
predict,25.14,-34.02,-34.9090843200684,241.978668212891,231.248687744141,218.888626098633,7.95363235473633,35.4859428405762,35.3213653564453,35.6100044250488,35.4035491943359,35.2516059875488,0.35831218957901,18.337646484375,21.5585327148438,16.9381732940674,22.0786991119385,15.4050922393799,6.67360734939575,3
predict,23.55965,-33.99554,-70.3074111938477,249.907440185547,236.868591308594,222.523651123047,3.84678149223328,35.5251884460449,35.3536796569824,35.6520652770996,35.4367408752441,35.2787857055664,0.374372154474258,18.3598556518555,21.4425182342529,16.349515914917,22.5094394683838,15.0787897109985,7.4306492805481,13
predict,26.8295,-33.6318,-38.6860885620117,231.38703918457,219.925994873047,219.932174682617,11.0559110641479,35.4840927124023,35.2864837646484,35.5943832397461,35.3882865905762,35.1599311828613,0.461252987384796,19.0295143127441,23.2127819061279,17.9919910430908,22.3866214752197,16.0318851470947,6.68653297424316,13
predict,27.126005,-33.551933,-59.9146842956543,228.335784912109,218.182632446289,208.916473388672,9.28118801116943,35.4836654663086,35.2666702270508,35.601188659668,35.3821258544922,35.0837211608887,0.514994442462921,19.202054977417,23.8839244842529,18.6188945770264,22.9547634124756,16.1919097900391,6.76285266876221,13
predict,27.336473,-33.399288,-22.3716812133789,227.047103881836,217.582244873047,223.298522949219,2.67321610450745,35.4836807250977,35.2579574584961,35.6014404296875,35.3795433044434,35.0622062683105,0.539052307605743,19.4405193328857,24.2032318115234,18.948148727417,23.01611328125,16.1829242706299,6.83318853378296,13
predict,27.466509,-33.381883,-72.6529769897461,226.520645141602,217.661392211914,220.9228515625,12.0551671981812,35.4842910766602,35.2566108703613,35.6052665710449,35.3785362243652,35.0570602416992,0.548867166042328,20.3910427093506,24.49245262146,19.3105621337891,23.4813442230225,17.5641613006592,5.91718244552612,13
predict,27.395086,-33.357927,-22.3716812133789,226.423385620117,217.58122253418,222.073959350586,12.0551671981812,35.4841613769531,35.255672454834,35.6029777526855,35.3794326782227,35.0606536865234,0.543929994106293,19.7358169555664,24.3783302307129,19.1281356811523,23.1727867126465,17.5641613006592,6.53941774368286,13
predict,27.457434,-33.345557,-40.0298042297363,226.410842895508,217.741638183594,204.973266601562,3.80359768867493,35.4838638305664,35.255443572998,35.6049118041992,35.3782043457031,35.0586280822754,0.54336541891098,19.7358169555664,24.40598487854,19.1653385162354,23.3490734100342,16.8096561431885,6.53941774368286,13
predict,27.68,-33.17,-64.8034820556641,227.259979248047,219.153259277344,221.221725463867,5.29623222351074,35.485782623291,35.2609748840332,35.5956153869629,35.3816337585449,35.0699195861816,0.52479499578476,19.9278678894043,24.5921192169189,19.3524894714355,23.6259880065918,16.7968578338623,6.82913017272949,5
predict,28.513935,-32.719639,-74.6640167236328,224.932266235352,215.996795654297,202.000274658203,10.1896696090698,35.4775810241699,35.2282028198242,35.5964126586914,35.3618698120117,35.0111846923828,0.585376977920532,21.9566402435303,25.3604564666748,20.3482227325439,25.0697174072266,18.528039932251,6.54167699813843,5
predict,28.463117,-32.658148,-33.3998565673828,224.88313293457,215.994552612305,211.388977050781,1.22195243835449,35.4773559570312,35.2278633117676,35.5968894958496,35.3613510131836,35.014274597168,0.582816481590271,21.5057945251465,25.3441772460938,20.3478584289551,24.9062423706055,17.8135986328125,7.09264421463013,13
predict,28.588329,-32.602278,-86.0188598632812,224.268707275391,215.539993286133,219.861740112305,8.21770668029785,35.4763069152832,35.2225303649902,35.5979461669922,35.3577194213867,35.0097274780273,0.587732255458832,22.0666580200195,25.3756542205811,20.4627952575684,25.3424663543701,18.7244167327881,6.61804819107056,5
predict,16.39,-31.08,-307.470672607422,262.497741699219,241.999160766602,220.409576416016,124.523513793945,35.4860877990723,35.1312370300293,35.5848922729492,35.3329734802246,34.9853134155273,0.595969974994659,17.1059398651123,19.3177833557129,15.3796701431274,20.2371845245361,14.080472946167,6.15671157836914,5
predict,29.298024995,-34.012064719,-3875.0009765625,232.021911621094,219.530487060547,219.729873657227,169.732818603516,35.5818405151367,35.3757591247559,35.6955604553223,35.4862174987793,35.2513542175293,0.446080088615417,21.8348865509033,24.8918075561523,19.2816047668457,25.6856269836426,18.3424892425537,7.34313726425171,16
predict,32.598024995,-27.712064719,-220.084976196289,219.475051879883,210.795120239258,214.649353027344,30.4869632720947,35.3996925354004,34.9488182067871,35.5407409667969,35.2100105285645,34.5850257873535,0.933286011219025,24.7514762878418,27.3010730743408,22.233829498291,27.9845237731934,21.4238662719727,6.56065607070923,2
predict,18.798024995,-34.112064719,-13.0974159240723,263.837158203125,242.594589233398,212.191925048828,1.94939255714417,35.5660972595215,35.1899490356445,35.6800346374512,35.4177017211914,34.8103790283203,0.86965399980545,16.552360534668,19.8788967132568,14.5283670425415,21.5371417999268,13.1030530929565,8.43408870697021,3
predict,25.398024995,-36.512064719,-4024.2978515625,243.716522216797,223.625793457031,222.98291015625,280.801971435547,35.622974395752,35.4358177185059,35.6878089904785,35.5340690612793,35.3284149169922,0.356527328491211,20.5689334869385,23.264181137085,18.2873592376709,24.7366371154785,17.6136531829834,7.12298440933228,16
predict,29.198024995,-32.512064719,-2142.94995117188,222.119583129883,214.131118774414,212.035934448242,40.3613662719727,35.4715118408203,35.2005767822266,35.6133232116699,35.3441200256348,35.0029754638672,0.610802292823792,23.7456169128418,26.0710315704346,21.129358291626,27.2607879638672,20.165491104126,7.09529590606689,1
predict,35.198024995,-28.012064719,-1935.4443359375,222.929290771484,211.886627197266,231.168853759766,270.978607177734,35.5123329162598,35.1669387817383,35.6773986816406,35.341236114502,34.7739944458008,0.903326272964478,24.5989246368408,27.2367362976074,21.7989978790283,28.1758975982666,20.9455375671387,7.23035955429077,1
predict,16.198024995,-37.112064719,-4637.99609375,257.530151367188,237.840927124023,207.23030090332,393.173431396484,35.584659576416,35.2379951477051,35.7172775268555,35.4387321472168,34.9902420043945,0.728401064872742,18.7514362335205,21.3134727478027,16.2455501556396,22.869312286377,14.8585405349731,8.01077175140381,16
predict,31.398024995,-30.112064719,-630.312927246094,221.050552368164,212.964065551758,221.01399230957,45.3470077514648,35.4327621459961,35.0833549499512,35.5828170776367,35.2790298461914,34.8609848022461,0.717473149299622,24.0313549041748,26.652515411377,21.6014461517334,27.31618309021,20.7090644836426,6.60711860656738,1
predict,26.598024995,-35.512064719,-4484.8740234375,235.451187133789,221.031127929688,204.937545776367,198.438339233398,35.6126747131348,35.4185791015625,35.7116928100586,35.5146560668945,35.2696380615234,0.444920063018799,21.3189716339111,24.0041217803955,18.9352874755859,25.2992610931396,18.049388885498,7.24987077713013,16
predict,30.298024995,-32.912064719,-3633.52197265625,229.959487915039,218.097366333008,221.874496459961,150.668563842773,35.559139251709,35.3051834106445,35.6756744384766,35.4461097717285,35.0741882324219,0.590548634529114,22.47336769104,25.4680767059326,19.9801197052002,26.4916381835938,19.0951595306396,7.3964786529541,16
predict,16.298024995,-34.512064719,-3678.51171875,255.691833496094,236.129913330078,227.917404174805,234.606735229492,35.620491027832,35.3486366271973,35.7154312133789,35.4883422851562,35.2020301818848,0.514236330986023,18.5041923522949,21.1963901519775,16.0906066894531,22.4421977996826,14.6813335418701,7.76086378097534,16
predict,16.698024995,-31.012064719,-249.587020874023,267.302124023438,245.61735534668,222.559661865234,90.827995300293,35.4004440307617,35.0620651245117,35.5093879699707,35.2496757507324,34.9346961975098,0.576947927474976,16.5363941192627,18.8385353088379,14.916693687439,19.7877426147461,13.7653646469116,6.02237796783447,5
predict,22.398024995,-34.612064719,-100.027603149414,247.339004516602,235.396362304688,220.403411865234,57.8308715820312,35.5495834350586,35.3833885192871,35.6721458435059,35.4599647521973,35.3262825012207,0.345684140920639,18.333703994751,21.3884620666504,16.3952159881592,22.5024509429932,14.8819122314453,7.62053966522217,5
predict,16.098024995,-33.012064719,-2536.31982421875,256.317321777344,237.351470947266,222.324905395508,180.830337524414,35.6103019714355,35.3358421325684,35.6606140136719,35.4893760681152,35.1107749938965,0.53845489025116,18.2398662567139,20.9101028442383,16.0301284790039,21.7513656616211,14.2572593688965,7.49410629272461,15
predict,32.898024995,-31.612064719,-3416.33032226562,229.917755126953,217.334548950195,207.44401550293,264.842193603516,35.5649833679199,35.2925415039062,35.7612075805664,35.4484062194824,34.9905853271484,0.773069024085999,22.8248805999756,25.8500022888184,20.0448417663574,26.8189086914062,19.2033367156982,7.61557245254517,1
predict,15.198024995,-31.012064719,-1338.98400878906,259.024658203125,238.067932128906,221.896682739258,234.066345214844,35.5666313171387,35.3039169311523,35.6472854614258,35.4475173950195,35.2361869812012,0.41183152794838,17.8988933563232,20.4436817169189,15.7491092681885,21.3046340942383,14.6683950424194,6.63623952865601,15
predict,32.498024995,-33.312064719,-3676.23486328125,233.726150512695,220.463653564453,221.852584838867,329.636566162109,35.6011009216309,35.3732643127441,35.6865386962891,35.5033874511719,35.112117767334,0.570971786975861,21.8564491271973,24.8215656280518,19.0352573394775,25.610538482666,18.4975891113281,7.11295032501221,16
predict,32.998024995,-29.012064719,-1815.66430664062,221.480545043945,212.238662719727,212.847534179688,89.6846771240234,35.4717597961426,35.1308288574219,35.5907936096191,35.312915802002,34.9130058288574,0.677243590354919,24.5596809387207,27.277889251709,21.9765453338623,28.1364078521729,21.3200016021729,6.81640672683716,1
predict,24.298024995,-35.312064719,-2257.99340820312,240.636703491211,223.379867553711,221.221725463867,135.657745361328,35.5154685974121,35.3097114562988,35.6518898010254,35.4234771728516,35.1558036804199,0.496556013822556,22.4136428833008,24.5229110717773,19.6457138061523,26.0789794921875,17.6965713500977,8.38240814208984,1
predict,24.298024995,-37.112064719,-4700.564453125,243.9482421875,226.12060546875,223.977981567383,335.208312988281,35.6254425048828,35.4062919616699,35.6990776062012,35.5224075317383,35.2597427368164,0.43911811709404,20.3215579986572,23.1088428497314,17.9907779693604,24.8548984527588,16.6184692382812,8.23642826080322,16
predict,34.898024995,-28.512064719,-2089.40991210938,223.543655395508,212.678756713867,228.261001586914,248.596694946289,35.5119132995605,35.189266204834,35.655403137207,35.3584899902344,34.8307952880859,0.824282944202423,24.4201984405518,27.0733051300049,21.7114429473877,28.1164855957031,20.6254119873047,7.49107360839844,1
predict,25.198024995,-34.312064719,-121.603523254395,236.269622802734,226.105102539062,228.564834594727,38.455738067627,35.4975204467773,35.3235473632812,35.6168556213379,35.4104042053223,35.2268829345703,0.387589007616043,19.0382499694824,21.8744010925293,17.5922870635986,22.4718437194824,16.5571022033691,5.91474294662476,5
predict,19.098024995,-36.412064719,-1032.01647949219,248.239822387695,233.186981201172,213.770538330078,202.553009033203,35.6044273376465,35.2997703552246,35.6913032531738,35.4708404541016,35.1465072631836,0.551533579826355,19.1794757843018,21.8408908843994,16.5286502838135,23.3444499969482,15.2292375564575,8.11521244049072,16
predict,17.398024995,-32.712064719,-266.645233154297,267.039337158203,247.075408935547,228.267578125,51.0066108703613,35.4012756347656,34.3453979492188,35.5788764953613,35.0532722473145,33.9537887573242,1.63305914402008,16.0768051147461,18.1842269897461,14.9891777038574,19.4882926940918,13.4768199920654,6.01147222518921,5
predict,26.398024995,-36.412064719,-3060.9619140625,241.954437255859,222.385787963867,228.564834594727,302.196746826172,35.6243286132812,35.4261360168457,35.730396270752,35.528678894043,35.2757148742676,0.460906624794006,20.6219120025635,23.2497119903564,18.3492527008057,24.6750564575195,17.4976501464844,7.177405834198,16
predict,34.798024995,-28.712064719,-2247.93188476562,223.751403808594,212.982574462891,221.874496459961,248.409744262695,35.5098991394043,35.198917388916,35.6401252746582,35.3644485473633,34.858715057373,0.781892001628876,24.3247928619385,27.010835647583,21.6685161590576,28.121488571167,20.5282535552979,7.5932354927063,1
predict,17.498024995,-36.312064719,-4169.19482421875,254.332489013672,236.368881225586,221.572662353516,262.533081054688,35.5973968505859,35.2691688537598,35.705940246582,35.4538078308105,35.0182113647461,0.689872562885284,18.8678398132324,21.4768123626709,16.2779598236084,22.7069149017334,14.9747552871704,7.73215961456299,16
predict,17.398024995,-31.312064719,-179.243911743164,272.195404052734,252.666442871094,220.997604370117,42.3270149230957,35.2176704406738,34.886604309082,35.3746032714844,35.0830039978027,34.7219276428223,0.64314478635788,15.4089164733887,17.8034725189209,13.7499132156372,18.4522171020508,12.4840803146362,5.96813631057739,13
predict,28.798024995,-34.612064719,-4193.13818359375,231.436645507812,220.270401000977,215.082046508789,191.499008178711,35.5994148254395,35.3839950561523,35.7059211730957,35.5079498291016,35.2307281494141,0.474913686513901,21.4324111938477,24.3480434417725,18.8513450622559,25.396297454834,18.2418403625488,7.15445756912231,16
predict,31.798024995,-30.312064719,-2709.06469726562,220.579772949219,212.779846191406,220.518020629883,93.9322204589844,35.4481391906738,35.1305351257324,35.61669921875,35.3067016601562,34.9038429260254,0.712657988071442,24.3071556091309,27.0455894470215,21.8838386535645,27.6659297943115,20.9811534881592,6.68477487564087,1
predict,16.698024995,-32.712064719,-456.5166015625,260.727416992188,240.095138549805,220.346450805664,116.585601806641,35.5965538024902,35.133975982666,35.6671028137207,35.4152221679688,34.8529777526855,0.825356006622314,17.5122928619385,19.8461399078369,15.7690591812134,20.9793701171875,14.5271234512329,6.45224666595459,4
predict,30.798024995,-34.012064719,-4098.67578125,234.663635253906,221.037002563477,221.3544921875,264.985290527344,35.6097755432129,35.4007530212402,35.7455863952637,35.5201416015625,35.2010841369629,0.545996367931366,21.4631671905518,24.3081226348877,18.8191661834717,25.4420833587646,18.0259799957275,7.41610336303711,16
predict,18.698024995,-37.312064719,-4494.734375,250.912490844727,233.556427001953,221.398040771484,314.677337646484,35.5953598022461,35.2733421325684,35.6828384399414,35.4621696472168,35.0306510925293,0.649079978466034,19.2627792358398,22.0359115600586,16.6536598205566,23.40500831604,14.8523902893066,8.55261707305908,16
predict,20.598024995,-36.312064719,-157.049346923828,248.839660644531,232.598785400391,212.581451416016,192.241302490234,35.5931129455566,35.4298515319824,35.6947250366211,35.4984130859375,35.3469924926758,0.345967769622803,19.143383026123,22.0030212402344,17.1034317016602,23.2109375,15.8641557693481,7.3467812538147,13
predict,16.898024995,-34.912064719,-3294.9873046875,255.25651550293,235.664779663086,221.370635986328,201.356155395508,35.614673614502,35.3327407836914,35.6801986694336,35.4802856445312,35.1432342529297,0.537187218666077,18.6273384094238,21.2468814849854,16.1820449829102,22.6020660400391,14.8336038589478,7.76846265792847,15
predict,34.398024995,-28.612064719,-1947.56750488281,223.672058105469,212.856536865234,206.303604125977,204.482452392578,35.5126037597656,35.1875457763672,35.6570854187012,35.3529510498047,34.8486709594727,0.81275075674057,24.4353218078613,27.1382236480713,21.783727645874,28.1426067352295,20.71240234375,7.43020582199097,1
predict,31.098024995,-33.012064719,-3764.08862304688,233.669296264648,219.109420776367,245.983383178711,211.340667724609,35.5975952148438,35.3323745727539,35.7072982788086,35.4784049987793,35.0163040161133,0.687534391880035,22.1029300689697,25.1309795379639,19.5040016174316,26.1274375915527,18.6976356506348,7.42980289459229,16
predict,31.298024995,-32.612064719,-3673.27758789062,230.655776977539,218.237106323242,220.070587158203,189.473251342773,35.5802726745605,35.3156814575195,35.7056846618652,35.4619178771973,34.9812393188477,0.724316477775574,22.3887786865234,25.4392127990723,19.8205471038818,26.2433757781982,19.2519207000732,6.991455078125,16
predict,35.898024995,-28.612064719,-2138.59252929688,225.428970336914,213.416900634766,224.408813476562,351.183166503906,35.518009185791,35.1958541870117,35.6125450134277,35.3763618469238,34.8357429504395,0.774828195571899,24.2220897674561,26.9031581878662,21.3560161590576,28.0811061859131,20.1574573516846,7.92365074157715,1
predict,29.498024995,-35.812064719,-4654.765625,236.568450927734,221.946594238281,232.546905517578,336.450561523438,35.6378707885742,35.4553718566895,35.7503623962402,35.5533294677734,35.323112487793,0.4271360039711,20.6605415344238,23.2858219146729,18.4517631530762,24.0111293792725,17.0962219238281,6.91490840911865,16
predict,22.698024995,-35.012064719,-153.214981079102,238.225982666016,227.975982666016,208.608093261719,108.650993347168,35.5292663574219,35.3486061096191,35.6604652404785,35.4371452331543,35.261417388916,0.402956277132034,19.8370475769043,22.1034488677979,17.7496852874756,23.2124786376953,16.985237121582,6.22724103927612,5
predict,18.198024995,-31.712064719,-27.7590160369873,279.481689453125,256.312713623047,225.927551269531,1.54323744773865,35.1385650634766,34.8263282775879,35.2931137084961,35.0084495544434,34.7051849365234,0.579299986362457,14.3782825469971,17.201587677002,13.0417022705078,17.8504486083984,11.3076877593994,6.54276180267334,7
predict,27.898024995,-33.412064719,-1807.13916015625,224.528594970703,216.669326782227,246.84455871582,34.2601051330566,35.4822616577148,35.2486114501953,35.6100578308105,35.3730773925781,35.0541648864746,0.557392656803131,23.1364097595215,25.2941875457764,20.3270072937012,26.1538391113281,19.5340232849121,6.6198148727417,10
predict,19.498024995,-34.912064719,-114.381538391113,260.439849853516,237.682678222656,223.029983520508,27.2824859619141,35.6271705627441,35.4450035095215,35.7342262268066,35.5253448486328,35.3354110717773,0.398787885904312,17.5548496246338,21.3578262329102,15.4343204498291,21.842960357666,14.4196071624756,7.42335319519043,5
predict,15.598024995,-35.512064719,-4644.03173828125,258.168853759766,237.710723876953,203.423858642578,350.280792236328,35.5956573486328,35.3011665344238,35.6892776489258,35.454273223877,35.041934967041,0.651724934577942,18.5219707489014,21.1934947967529,15.880202293396,22.7521781921387,14.4219179153442,8.33025932312012,16
predict,15.798024995,-31.112064719,-447.860473632812,259.491424560547,239.12321472168,215.996246337891,181.75895690918,35.5492210388184,35.2442626953125,35.6447601318359,35.4113883972168,35.1548805236816,0.488339990377426,17.6163711547852,19.9933261871338,15.6206588745117,20.8455200195312,14.5607376098633,6.28478288650513,13
predict,31.998024995,-32.412064719,-3591.52465820312,230.315017700195,218.067504882812,220.552719116211,231.804763793945,35.5868453979492,35.3150024414062,35.693660736084,35.4673347473145,35.0285301208496,0.66338050365448,22.3857097625732,25.5604267120361,19.6896190643311,26.2944469451904,18.979118347168,7.31532955169678,16
predict,32.198024995,-32.912064719,-3565.60961914062,232.485702514648,219.14387512207,221.485382080078,279.980590820312,35.5996513366699,35.3548355102539,35.7055358886719,35.4900131225586,35.1028938293457,0.598615229129791,22.0746822357178,25.1676254272461,19.2979621887207,25.9569721221924,18.5714435577393,7.38552761077881,16
predict,13.598024995,-30.812064719,-2547.35424804688,254.866744995117,236.727569580078,202.49267578125,377.355102539062,35.6437873840332,35.3954315185547,35.7780342102051,35.5183639526367,35.3196449279785,0.455229997634888,18.3783226013184,21.0935668945312,15.9597187042236,21.8682174682617,15.0145444869995,6.85367250442505,15
predict,18.198024995,-37.012064719,-4318.88720703125,251.614547729492,234.642379760742,203.934494018555,297.722106933594,35.6015586853027,35.2803726196289,35.6974334716797,35.4582252502441,35.0898361206055,0.60694807767868,19.0913352966309,21.7165203094482,16.4907741546631,23.2817134857178,14.0004320144653,9.28128242492676,16
predict,14.498024995,-35.012064719,-4729.00048828125,256.993072509766,238.429290771484,217.473281860352,425.082092285156,35.6142349243164,35.2766609191895,35.6919288635254,35.4581985473633,35.0752487182617,0.620274543762207,18.3987445831299,21.1014957427979,15.6127796173096,22.5717506408691,14.3393182754517,8.23243236541748,16
predict,33.998024995,-30.712064719,-2919.23803710938,227.236022949219,216.446960449219,224.193420410156,279.728515625,35.5753479003906,35.2625503540039,35.8097915649414,35.4261093139648,34.9993553161621,0.809502720832825,23.2917881011963,26.0601654052734,20.5240707397461,26.9606513977051,19.5581169128418,7.40253448486328,1
predict,31.498024995,-29.812064719,-409.873962402344,221.639801025391,213.476608276367,208.61296081543,41.1475830078125,35.4275360107422,34.9820671081543,35.5624618530273,35.2589683532715,34.7312698364258,0.839233458042145,23.6692543029785,26.3975982666016,21.3620262145996,26.8684673309326,20.0769748687744,6.79149150848389,12
predict,28.498024995,-33.412064719,-2869.345703125,223.226409912109,215.038330078125,212.567123413086,69.0300369262695,35.4927978515625,35.2499313354492,35.6486015319824,35.3747978210449,35.0496940612793,0.597472846508026,23.3328304290771,25.9114894866943,20.8390197753906,26.8630523681641,20.0922832489014,6.77076816558838,1
predict,27.998024995,-35.712064719,-4608.6669921875,233.061386108398,221.238494873047,220.299530029297,266.450164794922,35.6308784484863,35.4481239318848,35.7568283081055,35.5415382385254,35.3254852294922,0.431426823139191,20.9159717559814,23.7104835510254,18.6323909759521,25.4322719573975,17.7304439544678,7.70182657241821,16
predict,16.898024995,-30.912064719,-213.147476196289,270.82763671875,249.187377929688,219.928985595703,66.6453475952148,35.3316955566406,35.01611328125,35.4577674865723,35.1861877441406,34.8787727355957,0.586186230182648,16.0110874176025,18.3072814941406,14.2695684432983,19.1895198822021,12.7788610458374,6.41065883636475,13
predict,27.898024995,-33.912064719,-3327.86865234375,224.591567993164,216.250122070312,218.693893432617,79.033447265625,35.5101013183594,35.2873344421387,35.6399230957031,35.3991508483887,35.090892791748,0.542660713195801,23.1194362640381,25.6832675933838,20.6207141876221,26.7368621826172,19.9221324920654,6.8147292137146,1
predict,17.398024995,-31.112064719,-168.141815185547,273.099914550781,253.087203979492,223.584686279297,32.1910362243652,35.1906585693359,34.8855056762695,35.3474311828613,35.0596008300781,34.7447891235352,0.599978029727936,15.1653547286987,17.6439037322998,13.4990243911743,18.3859977722168,12.1593818664551,6.22661542892456,13
predict,15.598024995,-32.812064719,-2883.26000976562,256.028106689453,237.012771606445,221.714401245117,217.695236206055,35.6248741149902,35.3483810424805,35.6957244873047,35.4976768493652,35.2016677856445,0.490915864706039,18.2529964447021,20.9332427978516,15.9497127532959,21.8369216918945,14.6610336303711,7.17588806152344,15
predict,19.998024995,-37.212064719,-2169.81103515625,245.261444091797,229.983016967773,230.902862548828,278.546020507812,35.5715408325195,35.3407936096191,35.6791381835938,35.471263885498,35.1574401855469,0.523772120475769,19.8842220306396,22.5029430389404,17.3432064056396,23.2982330322266,15.7661933898926,7.53203916549683,1
predict,24.498024995,-35.912064719,-4271.38818359375,242.048522949219,223.640029907227,223.171249389648,197.208404541016,35.5911407470703,35.3931999206543,35.6897773742676,35.4924621582031,35.2421188354492,0.449203014373779,21.3959178924561,24.2955551147461,19.0111351013184,25.2914352416992,17.5909805297852,7.7004542350769,16
predict,26.598024995,-36.012064719,-4692.828125,237.937759399414,221.782028198242,220.295944213867,253.910415649414,35.6287231445312,35.4331932067871,35.7322998046875,35.5314559936523,35.311149597168,0.422145068645477,20.8994159698486,23.5175609588623,18.5022792816162,24.9557914733887,16.9886322021484,7.96715974807739,16
predict,26.398024995,-35.912064719,-4720.7431640625,238.158508300781,221.65380859375,222.964981079102,247.257995605469,35.6259574890137,35.4313812255859,35.7214202880859,35.528678894043,35.2918472290039,0.426186740398407,21.0096607208252,23.6596279144287,18.5651664733887,25.2187232971191,17.4728717803955,7.74585151672363,16
predict,28.298024995,-33.712064719,-3373.80639648438,224.639221191406,215.947189331055,222.04069519043,84.2000045776367,35.5075988769531,35.2756462097168,35.6481056213379,35.3979034423828,35.0807838439941,0.56910502910614,23.0841007232666,25.7756061553955,20.6449317932129,26.8467464447021,19.7089138031006,7.13783264160156,1
predict,15.998024995,-37.012064719,-4681.1015625,258.832977294922,238.13151550293,225.760299682617,397.048583984375,35.5858421325684,35.2398567199707,35.7150039672852,35.4375686645508,35.0432281494141,0.680842101573944,18.6632690429688,21.2302894592285,16.0648746490479,22.7502918243408,14.6907138824463,8.05957794189453,16
predict,25.998024995,-33.712064719,-18.1674919128418,239.653427124023,230.024612426758,222.713150024414,14.4854364395142,35.4888153076172,35.3140983581543,35.6166152954102,35.4025573730469,35.2347297668457,0.381317377090454,18.6648426055908,21.8416957855225,17.0432815551758,22.4365768432617,15.5682506561279,6.86832523345947,3
predict,36.098024995,-29.212064719,-1901.21716308594,226.549743652344,214.674652099609,221.904113769531,399.037170410156,35.558219909668,35.2456398010254,35.6678047180176,35.4083824157715,34.9891166687012,0.680966079235077,23.9057350158691,26.6292266845703,21.0329608917236,27.9434566497803,19.9342212677002,8.00923538208008,1
predict,24.198024995,-37.412064719,-4899.25439453125,244.927398681641,227.038146972656,219.949279785156,371.336120605469,35.6142349243164,35.3948822021484,35.6931571960449,35.5139617919922,35.234733581543,0.460525304079056,20.183895111084,22.8691959381104,17.8716640472412,24.6882839202881,16.663013458252,8.02527046203613,16
predict,14.798024995,-35.312064719,-4729.33740234375,257.834014892578,238.374771118164,222.076019287109,412.932525634766,35.6029243469238,35.2752723693848,35.6967964172363,35.4515724182129,35.0101356506348,0.68538498878479,18.4189262390137,21.1045379638672,15.6804819107056,22.6507301330566,14.3446998596191,8.3060302734375,16
predict,24.898024995,-36.112064719,-4827.05419921875,240.609786987305,223.584732055664,222.613586425781,220.501998901367,35.6164436340332,35.4197235107422,35.7181854248047,35.5213966369629,35.2917060852051,0.426008433103561,20.9933624267578,23.8422698974609,18.6474094390869,25.005615234375,17.6333808898926,7.37223386764526,16
predict,28.598024995,-33.612064719,-3591.68310546875,224.901962280273,216.223617553711,208.623550415039,91.8790054321289,35.5105628967285,35.2804565429688,35.6552200317383,35.4049758911133,35.0951805114746,0.563550174236298,22.9256076812744,25.7714023590088,20.5357513427734,26.4460506439209,19.5349788665771,6.91107130050659,16
predict,32.898024995,-29.912064719,-1942.40014648438,223.519912719727,213.738388061523,201.939559936523,146.713272094727,35.4990692138672,35.2129325866699,35.6541175842285,35.3570823669434,35.0028686523438,0.65346896648407,24.0444393157959,26.8154354095459,21.5968589782715,27.4542675018311,20.3436336517334,7.11063385009766,1
predict,23.298024995,-37.112064719,-5285.03564453125,246.36930847168,226.605010986328,211.854263305664,337.447113037109,35.6183052062988,35.421028137207,35.6924133300781,35.5236434936523,35.316349029541,0.375481247901917,20.5905475616455,23.461368560791,18.3156051635742,23.9899883270264,17.5409412384033,6.44904661178589,16
predict,18.798024995,-36.112064719,-3211.93774414062,248.749237060547,233.656219482422,215.703125,179.15576171875,35.6008987426758,35.3071250915527,35.6756286621094,35.4702301025391,35.1769332885742,0.498668134212494,19.0568733215332,21.744800567627,16.4486217498779,23.2480030059814,15.1987915039062,8.0492115020752,15
predict,15.098024995,-35.312064719,-4652.86328125,257.743927001953,238.029602050781,220.023727416992,385.650451660156,35.6000366210938,35.2853889465332,35.7082023620605,35.4539413452148,35.0248336791992,0.681937158107758,18.4315147399902,21.1465148925781,15.7735977172852,22.7218933105469,14.4739980697632,8.24789619445801,16
predict,30.298024995,-30.912064719,-1.11654210090637,220.274444580078,213.114852905273,219.595672607422,11.7604417800903,35.4504890441895,35.1396636962891,35.5745124816895,35.3007888793945,34.9288902282715,0.630288004875183,23.1362552642822,26.2701663970947,21.2750511169434,26.519983291626,19.8399906158447,6.67999267578125,12
predict,16.998024995,-37.012064719,-4398.67919921875,258.111450195312,236.681030273438,219.947387695312,344.446929931641,35.585391998291,35.2484550476074,35.6779899597168,35.4415817260742,34.9585113525391,0.717327117919922,18.9341926574707,21.5245876312256,16.4651546478271,23.4424877166748,14.5838594436646,8.85862731933594,16
predict,27.598024995,-33.912064719,-2503.82739257812,223.670150756836,215.853057861328,216.027923583984,63.4128723144531,35.4986801147461,35.2685356140137,35.6320610046387,35.3865509033203,35.0726051330566,0.560225427150726,23.2647361755371,25.5904521942139,20.6598091125488,26.9224529266357,20.1324977874756,6.789954662323,1
predict,16.498024995,-32.612064719,-785.24853515625,259.651062011719,239.305587768555,208.953369140625,140.479309082031,35.5967979431152,35.2037467956543,35.6603584289551,35.4318351745605,34.966854095459,0.690193116664886,17.6843280792236,20.0909538269043,15.8438205718994,21.2736721038818,14.353536605835,6.92013454437256,15
predict,18.098024995,-32.512064719,-63.630729675293,276.350646972656,255.136474609375,221.825256347656,23.6064910888672,35.2454223632812,34.7341651916504,35.4165153503418,35.0421752929688,34.5501403808594,0.889959275722504,14.3192739486694,17.0073776245117,13.3566656112671,17.3366241455078,11.8659982681274,5.47062540054321,4
predict,17.798024995,-35.212064719,-2899.86157226562,254.121368408203,234.743011474609,220.336166381836,140.192367553711,35.6089134216309,35.3404426574707,35.6835975646973,35.4809761047363,35.1572418212891,0.526450991630554,18.7352695465088,21.3765697479248,16.2506618499756,22.8490886688232,14.9351091384888,7.91397953033447,15
predict,29.998024995,-35.012064719,-4471.96484375,235.365982055664,221.709411621094,223.987854003906,293.677001953125,35.6272163391113,35.4431762695312,35.7499160766602,35.5463638305664,35.2608184814453,0.486628830432892,21.0211429595947,23.7088775634766,18.5151596069336,24.9766998291016,17.5735721588135,7.40312623977661,16
predict,18.498024995,-38.012064719,-4707.57080078125,248.425689697266,233.270446777344,203.172592163086,383.951629638672,35.5966262817383,35.2735023498535,35.6679382324219,35.4661293029785,34.9829483032227,0.686358869075775,19.6128787994385,22.3287887573242,16.8726844787598,23.8136653900146,15.2323913574219,8.58127307891846,16
predict,31.598024995,-31.712064719,-3324.89990234375,227.01496887207,216.584686279297,207.317764282227,155.763671875,35.5319709777832,35.268627166748,35.6933288574219,35.4127082824707,35.014461517334,0.676705658435822,23.1494140625,26.0357074737549,20.573486328125,26.7615013122559,19.8507061004639,6.91079616546631,1
predict,34.498024995,-28.112064719,-1703.67211914062,223.183517456055,212.129928588867,219.310577392578,206.998275756836,35.511058807373,35.1670722961426,35.698314666748,35.3369331359863,34.838794708252,0.860680937767029,24.6160717010498,27.297191619873,21.8927803039551,28.3123741149902,21.0236701965332,7.28870344161987,1
predict,19.198024995,-37.012064719,-4339.23974609375,248.146499633789,232.465072631836,227.605361938477,265.682830810547,35.5945281982422,35.3023834228516,35.6796455383301,35.4707260131836,35.1614151000977,0.518137454986572,19.3601818084717,22.1405448913574,16.6993026733398,23.3655796051025,14.7768993377686,8.58868026733398,16
predict,27.598024995,-34.012064719,-2931.18188476562,224.34162902832,216.123672485352,210.296249389648,71.5082168579102,35.5028076171875,35.2744674682617,35.6344108581543,35.3926467895508,35.0775108337402,0.556863307952881,23.1688919067383,25.6027488708496,20.6186199188232,26.8487453460693,20.0228137969971,6.82593107223511,1
predict,14.898024995,-32.612064719,-3295.89379882812,256.002807617188,236.799560546875,209.457870483398,290.374145507812,35.6430969238281,35.3710784912109,35.7186508178711,35.504020690918,35.2594261169434,0.458921700716019,18.3520126342773,20.9597148895264,15.895092010498,21.8139019012451,14.9936609268188,6.82024049758911,15
predict,17.298024995,-37.012064719,-3311.68383789062,257.212249755859,236.229705810547,220.9228515625,330.863037109375,35.5874481201172,35.2552299499512,35.6641159057617,35.4449081420898,34.9565887451172,0.707355916500092,18.9370536804199,21.5912971496582,16.4520301818848,23.4005012512207,14.8765878677368,8.52391338348389,16
predict,17.498024995,-31.012064719,-133.794647216797,273.652954101562,253.619659423828,228.326736450195,21.7108459472656,35.1567649841309,34.8657379150391,35.3204689025879,35.0285949707031,34.7437591552734,0.577095329761505,14.4234237670898,17.4993305206299,13.3320255279541,18.1480293273926,11.6472368240356,6.50079298019409,4
predict,33.198024995,-30.512064719,-2973.91455078125,225.750579833984,215.344299316406,221.305084228516,221.620422363281,35.5291213989258,35.2454948425293,35.7472610473633,35.3995666503906,34.9875946044922,0.760955154895782,23.536506652832,26.3850269317627,20.8464584350586,26.9467525482178,19.9259052276611,7.0208477973938,1
predict,15.298024995,-32.812064719,-3287.26245117188,255.709884643555,236.907257080078,220.206481933594,245.790481567383,35.6361083984375,35.3615341186523,35.7263107299805,35.5023612976074,35.2297630310059,0.495361000299454,18.3033390045166,20.9613742828369,15.9128885269165,21.7576141357422,14.8238868713379,6.93372678756714,15
predict,21.298024995,-34.612064719,-69.0353240966797,255.464981079102,238.130737304688,221.802734375,29.7514419555664,35.5918121337891,35.3966484069824,35.7166786193848,35.4765090942383,35.2998008728027,0.417871236801147,18.2917308807373,21.8316688537598,15.3464078903198,22.7441444396973,14.1263570785522,8.61778736114502,13
predict,25.798024995,-37.512064719,-3181.27026367188,250.617111206055,227.989791870117,221.524871826172,396.112518310547,35.5557136535645,35.2621650695801,35.6339988708496,35.4396438598633,35.0494041442871,0.590872645378113,19.1155986785889,22.0796184539795,16.3429260253906,23.9383697509766,13.7675189971924,10.1708507537842,6
predict,17.298024995,-31.012064719,-170.757369995117,272.540496826172,252.301818847656,219.367492675781,35.4260368347168,35.2121391296387,34.9308471679688,35.3622627258301,35.0872917175293,34.7830123901367,0.580143570899963,15.2233066558838,17.6763820648193,13.5491991043091,18.5054397583008,12.1280851364136,6.37735414505005,13
predict,17.898024995,-32.012064719,-124.741546630859,277.280456542969,255.885147094727,227.125534057617,43.2175407409668,35.2045936584473,34.8622016906738,35.3543930053711,35.056697845459,34.7246780395508,0.628755331039429,14.7016458511353,17.1582927703857,13.3620510101318,17.7214241027832,11.9644804000854,5.75694417953491,4
predict,16.798024995,-29.512064719,-118.787605285645,272.822174072266,249.525512695312,210.635025024414,20.3216114044189,35.1576995849609,34.9274063110352,35.3067932128906,35.0699119567871,34.6030502319336,0.700300455093384,13.4842863082886,17.1073589324951,12.8350419998169,16.7990589141846,11.1157007217407,5.68335771560669,4
predict,15.398024995,-30.312064719,-269.013824462891,260.702667236328,241.866714477539,223.876174926758,181.727935791016,35.466869354248,35.1993789672852,35.568531036377,35.3477973937988,34.9994239807129,0.585314393043518,17.0664329528809,19.6733379364014,15.0429334640503,20.476957321167,13.3531303405762,7.12382650375366,13
predict,28.598024995,-35.012064719,-4395.7548828125,232.324615478516,220.588806152344,225.120269775391,215.514572143555,35.6208267211914,35.4090728759766,35.7461776733398,35.5264739990234,35.2791023254395,0.466661721467972,21.1867618560791,23.9963302612305,18.7344131469727,24.9700698852539,17.7746467590332,7.19542407989502,16
predict,21.698024995,-36.512064719,-255.218322753906,242.248153686523,226.651092529297,219.965759277344,245.214141845703,35.5293922424316,35.3537254333496,35.6631546020508,35.4472274780273,35.2300682067871,0.435042709112167,20.5061950683594,23.0047416687012,18.555814743042,23.8868579864502,17.1854152679443,6.70144319534302,6
predict,22.598024995,-34.612064719,-107.81266784668,245.416839599609,234.384399414062,227.900970458984,67.2821197509766,35.5418128967285,35.3782844543457,35.6621551513672,35.4532432556152,35.3222732543945,0.340764939785004,18.5119953155518,21.3933753967285,16.5954647064209,22.5306224822998,15.4932918548584,7.03733062744141,5
predict,19.598024995,-35.412064719,-173.147521972656,254.38200378418,234.105041503906,230.838928222656,75.6998672485352,35.6283226013184,35.4374656677246,35.7202644348145,35.5267448425293,35.3102035522461,0.410650908946991,18.6967220306396,21.849178314209,16.2221050262451,23.0077018737793,14.9836616516113,8.02404022216797,4
predict,29.198024995,-32.312064719,-1152.35461425781,222.221694946289,214.30680847168,214.832260131836,26.4080810546875,35.4692497253418,35.1969223022461,35.6044921875,35.3420867919922,34.9992866516113,0.605062007904053,23.622278213501,25.9289588928223,21.0253162384033,27.0038928985596,19.9534664154053,7.0504264831543,1
predict,16.998024995,-30.312064719,-150.892105102539,271.938446044922,251.500900268555,225.748428344727,27.8351745605469,35.2028961181641,34.9947853088379,35.3576316833496,35.1018867492676,34.8545875549316,0.503823637962341,14.4695310592651,17.3978385925293,13.3082323074341,17.5965824127197,11.9105777740479,5.68600368499756,4
predict,16.698024995,-36.712064719,-4501.49365234375,258.2890625,237.115371704102,202.638916015625,332.937896728516,35.5916366577148,35.2458610534668,35.7071571350098,35.4391212463379,34.9507942199707,0.757686972618103,18.8090343475342,21.439733505249,16.3486633300781,23.5265789031982,14.5156478881836,9.01093101501465,16
predict,24.698024995,-34.312064719,-114.014389038086,238.828353881836,228.592742919922,232.57893371582,16.7120895385742,35.4976196289062,35.3294486999512,35.6212882995605,35.4141540527344,35.2600364685059,0.359602004289627,18.645528793335,21.5688247680664,17.2217178344727,22.1464996337891,15.9595403671265,6.1869592666626,5
predict,28.598024995,-35.212064719,-4421.205078125,233.715393066406,220.802108764648,223.187316894531,235.122314453125,35.626106262207,35.4271011352539,35.7608261108398,35.5354309082031,35.3031463623047,0.457629799842834,21.0585174560547,23.916633605957,18.7096347808838,24.8860282897949,17.8365535736084,7.04947423934937,16
predict,15.698024995,-31.412064719,-660.592102050781,257.80908203125,238.243728637695,228.267578125,206.312271118164,35.5805130004883,35.2975692749023,35.6633033752441,35.4460792541504,35.1532440185547,0.516628384590149,17.8230381011963,20.2533397674561,15.7876510620117,21.1886653900146,14.4663314819336,6.72233295440674,15
predict,34.698024995,-30.612064719,-2823.50268554688,227.112380981445,216.814682006836,201.965713500977,332.510375976562,35.5800590515137,35.2656669616699,35.8250198364258,35.4300193786621,35.0237770080566,0.801306903362274,23.3025932312012,26.0054626464844,20.4734992980957,27.4589214324951,19.2113990783691,8.24752235412598,1
predict,18.598024995,-34.912064719,-230.013427734375,256.7900390625,235.378463745117,221.706970214844,72.0533142089844,35.6377563476562,35.4062690734863,35.7401161193848,35.5204315185547,35.2749557495117,0.473535150289536,18.4754657745361,21.4168548583984,16.1190032958984,22.6276340484619,14.8160829544067,7.8115496635437,13
predict,34.398024995,-28.712064719,-1939.7509765625,223.733047485352,212.960250854492,210.973663330078,209.326675415039,35.510814666748,35.1930122375488,35.6487884521484,35.3563194274902,34.8507919311523,0.797750174999237,24.378719329834,27.1018562316895,21.7566986083984,28.0623569488525,20.5921268463135,7.47023010253906,1
predict,31.298024995,-32.712064719,-3694.52807617188,231.475006103516,218.465744018555,227.01887512207,198.100875854492,35.5877723693848,35.3222236633301,35.7044639587402,35.4688529968262,34.9740104675293,0.72996997833252,22.3146591186523,25.3863182067871,19.7481670379639,26.2015628814697,19.0371913909912,7.16437292098999,16
predict,22.498024995,-37.712064719,-4371.5556640625,246.454284667969,227.882385253906,213.055435180664,377.90625,35.6172332763672,35.4302139282227,35.6858062744141,35.5216941833496,35.333324432373,0.358223229646683,20.4806880950928,23.3817443847656,18.2574462890625,24.5218601226807,17.2551937103271,7.26666593551636,16
predict,27.898024995,-36.512064719,-4219.30029296875,239.610382080078,222.897186279297,220.325668334961,351.147644042969,35.6299591064453,35.4239463806152,35.7553596496582,35.5285186767578,35.3168983459473,0.443196326494217,20.5386333465576,23.2816696166992,18.2582969665527,25.1464538574219,15.8806676864624,9.26578617095947,16
predict,29.798024995,-34.512064719,-4304.2919921875,234.510101318359,220.889755249023,208.052871704102,241.779174804688,35.6231155395508,35.4100685119629,35.7337455749512,35.5256843566895,35.2091178894043,0.524258196353912,21.2973690032959,24.1650218963623,18.6874752044678,24.9611167907715,17.9265213012695,7.03459501266479,16
predict,22.998024995,-37.312064719,-5421.6416015625,248.658508300781,227.089996337891,203.130355834961,359.973724365234,35.616382598877,35.4245719909668,35.6868705749512,35.5224227905273,35.3276176452637,0.358679383993149,20.5427474975586,23.4445095062256,18.3136959075928,24.1098690032959,17.5766487121582,6.53321886062622,16
predict,19.298024995,-34.712064719,-51.451602935791,262.861175537109,238.748641967773,231.586868286133,15.4097013473511,35.6139869689941,35.4109115600586,35.7263603210449,35.505558013916,35.2974319458008,0.429141998291016,16.6819114685059,20.7949619293213,15.1967639923096,20.5925197601318,13.8676414489746,6.72487783432007,5
predict,33.098024995,-29.512064719,-2000.39733886719,223.705978393555,213.322677612305,211.771881103516,124.868598937988,35.4862365722656,35.193416595459,35.6620559692383,35.3456993103027,34.9593887329102,0.700876712799072,24.2244148254395,26.9716625213623,21.6906566619873,27.7811813354492,20.6000022888184,7.18117809295654,1
