"rand1.LEUCORAJA.WALLACEI_PA1_RUN1_GAM","rand2.LEUCORAJA.WALLACEI_PA1_RUN1_GAM","rand3.LEUCORAJA.WALLACEI_PA1_RUN1_GAM","rand4.LEUCORAJA.WALLACEI_PA1_RUN1_GAM","rand5.LEUCORAJA.WALLACEI_PA1_RUN1_GAM","rand1.LEUCORAJA.WALLACEI_PA1_RUN1_GLM","rand2.LEUCORAJA.WALLACEI_PA1_RUN1_GLM","rand3.LEUCORAJA.WALLACEI_PA1_RUN1_GLM","rand4.LEUCORAJA.WALLACEI_PA1_RUN1_GLM","rand5.LEUCORAJA.WALLACEI_PA1_RUN1_GLM","rand1.LEUCORAJA.WALLACEI_PA1_RUN1_MAXENT.Phillips","rand2.LEUCORAJA.WALLACEI_PA1_RUN1_MAXENT.Phillips","rand3.LEUCORAJA.WALLACEI_PA1_RUN1_MAXENT.Phillips","rand4.LEUCORAJA.WALLACEI_PA1_RUN1_MAXENT.Phillips","rand5.LEUCORAJA.WALLACEI_PA1_RUN1_MAXENT.Phillips","rand1.LEUCORAJA.WALLACEI_PA1_RUN2_GAM","rand2.LEUCORAJA.WALLACEI_PA1_RUN2_GAM","rand3.LEUCORAJA.WALLACEI_PA1_RUN2_GAM","rand4.LEUCORAJA.WALLACEI_PA1_RUN2_GAM","rand5.LEUCORAJA.WALLACEI_PA1_RUN2_GAM","rand1.LEUCORAJA.WALLACEI_PA1_RUN2_GLM","rand2.LEUCORAJA.WALLACEI_PA1_RUN2_GLM","rand3.LEUCORAJA.WALLACEI_PA1_RUN2_GLM","rand4.LEUCORAJA.WALLACEI_PA1_RUN2_GLM","rand5.LEUCORAJA.WALLACEI_PA1_RUN2_GLM","rand1.LEUCORAJA.WALLACEI_PA1_RUN2_MAXENT.Phillips","rand2.LEUCORAJA.WALLACEI_PA1_RUN2_MAXENT.Phillips","rand3.LEUCORAJA.WALLACEI_PA1_RUN2_MAXENT.Phillips","rand4.LEUCORAJA.WALLACEI_PA1_RUN2_MAXENT.Phillips","rand5.LEUCORAJA.WALLACEI_PA1_RUN2_MAXENT.Phillips","rand1.LEUCORAJA.WALLACEI_PA1_RUN3_GAM","rand2.LEUCORAJA.WALLACEI_PA1_RUN3_GAM","rand3.LEUCORAJA.WALLACEI_PA1_RUN3_GAM","rand4.LEUCORAJA.WALLACEI_PA1_RUN3_GAM","rand5.LEUCORAJA.WALLACEI_PA1_RUN3_GAM","rand1.LEUCORAJA.WALLACEI_PA1_RUN3_GLM","rand2.LEUCORAJA.WALLACEI_PA1_RUN3_GLM","rand3.LEUCORAJA.WALLACEI_PA1_RUN3_GLM","rand4.LEUCORAJA.WALLACEI_PA1_RUN3_GLM","rand5.LEUCORAJA.WALLACEI_PA1_RUN3_GLM","rand1.LEUCORAJA.WALLACEI_PA1_RUN3_MAXENT.Phillips","rand2.LEUCORAJA.WALLACEI_PA1_RUN3_MAXENT.Phillips","rand3.LEUCORAJA.WALLACEI_PA1_RUN3_MAXENT.Phillips","rand4.LEUCORAJA.WALLACEI_PA1_RUN3_MAXENT.Phillips","rand5.LEUCORAJA.WALLACEI_PA1_RUN3_MAXENT.Phillips","rand1.LEUCORAJA.WALLACEI_PA1_RUN4_GAM","rand2.LEUCORAJA.WALLACEI_PA1_RUN4_GAM","rand3.LEUCORAJA.WALLACEI_PA1_RUN4_GAM","rand4.LEUCORAJA.WALLACEI_PA1_RUN4_GAM","rand5.LEUCORAJA.WALLACEI_PA1_RUN4_GAM","rand1.LEUCORAJA.WALLACEI_PA1_RUN4_GLM","rand2.LEUCORAJA.WALLACEI_PA1_RUN4_GLM","rand3.LEUCORAJA.WALLACEI_PA1_RUN4_GLM","rand4.LEUCORAJA.WALLACEI_PA1_RUN4_GLM","rand5.LEUCORAJA.WALLACEI_PA1_RUN4_GLM","rand1.LEUCORAJA.WALLACEI_PA1_RUN4_MAXENT.Phillips","rand2.LEUCORAJA.WALLACEI_PA1_RUN4_MAXENT.Phillips","rand3.LEUCORAJA.WALLACEI_PA1_RUN4_MAXENT.Phillips","rand4.LEUCORAJA.WALLACEI_PA1_RUN4_MAXENT.Phillips","rand5.LEUCORAJA.WALLACEI_PA1_RUN4_MAXENT.Phillips","rand1.LEUCORAJA.WALLACEI_PA1_RUN5_GAM","rand2.LEUCORAJA.WALLACEI_PA1_RUN5_GAM","rand3.LEUCORAJA.WALLACEI_PA1_RUN5_GAM","rand4.LEUCORAJA.WALLACEI_PA1_RUN5_GAM","rand5.LEUCORAJA.WALLACEI_PA1_RUN5_GAM","rand1.LEUCORAJA.WALLACEI_PA1_RUN5_GLM","rand2.LEUCORAJA.WALLACEI_PA1_RUN5_GLM","rand3.LEUCORAJA.WALLACEI_PA1_RUN5_GLM","rand4.LEUCORAJA.WALLACEI_PA1_RUN5_GLM","rand5.LEUCORAJA.WALLACEI_PA1_RUN5_GLM","rand1.LEUCORAJA.WALLACEI_PA1_RUN5_MAXENT.Phillips","rand2.LEUCORAJA.WALLACEI_PA1_RUN5_MAXENT.Phillips","rand3.LEUCORAJA.WALLACEI_PA1_RUN5_MAXENT.Phillips","rand4.LEUCORAJA.WALLACEI_PA1_RUN5_MAXENT.Phillips","rand5.LEUCORAJA.WALLACEI_PA1_RUN5_MAXENT.Phillips","rand1.LEUCORAJA.WALLACEI_PA1_RUN6_GAM","rand2.LEUCORAJA.WALLACEI_PA1_RUN6_GAM","rand3.LEUCORAJA.WALLACEI_PA1_RUN6_GAM","rand4.LEUCORAJA.WALLACEI_PA1_RUN6_GAM","rand5.LEUCORAJA.WALLACEI_PA1_RUN6_GAM","rand1.LEUCORAJA.WALLACEI_PA1_RUN6_GLM","rand2.LEUCORAJA.WALLACEI_PA1_RUN6_GLM","rand3.LEUCORAJA.WALLACEI_PA1_RUN6_GLM","rand4.LEUCORAJA.WALLACEI_PA1_RUN6_GLM","rand5.LEUCORAJA.WALLACEI_PA1_RUN6_GLM","rand1.LEUCORAJA.WALLACEI_PA1_RUN6_MAXENT.Phillips","rand2.LEUCORAJA.WALLACEI_PA1_RUN6_MAXENT.Phillips","rand3.LEUCORAJA.WALLACEI_PA1_RUN6_MAXENT.Phillips","rand4.LEUCORAJA.WALLACEI_PA1_RUN6_MAXENT.Phillips","rand5.LEUCORAJA.WALLACEI_PA1_RUN6_MAXENT.Phillips","rand1.LEUCORAJA.WALLACEI_PA1_RUN7_GAM","rand2.LEUCORAJA.WALLACEI_PA1_RUN7_GAM","rand3.LEUCORAJA.WALLACEI_PA1_RUN7_GAM","rand4.LEUCORAJA.WALLACEI_PA1_RUN7_GAM","rand5.LEUCORAJA.WALLACEI_PA1_RUN7_GAM","rand1.LEUCORAJA.WALLACEI_PA1_RUN7_GLM","rand2.LEUCORAJA.WALLACEI_PA1_RUN7_GLM","rand3.LEUCORAJA.WALLACEI_PA1_RUN7_GLM","rand4.LEUCORAJA.WALLACEI_PA1_RUN7_GLM","rand5.LEUCORAJA.WALLACEI_PA1_RUN7_GLM","rand1.LEUCORAJA.WALLACEI_PA1_RUN7_MAXENT.Phillips","rand2.LEUCORAJA.WALLACEI_PA1_RUN7_MAXENT.Phillips","rand3.LEUCORAJA.WALLACEI_PA1_RUN7_MAXENT.Phillips","rand4.LEUCORAJA.WALLACEI_PA1_RUN7_MAXENT.Phillips","rand5.LEUCORAJA.WALLACEI_PA1_RUN7_MAXENT.Phillips","rand1.LEUCORAJA.WALLACEI_PA1_RUN8_GAM","rand2.LEUCORAJA.WALLACEI_PA1_RUN8_GAM","rand3.LEUCORAJA.WALLACEI_PA1_RUN8_GAM","rand4.LEUCORAJA.WALLACEI_PA1_RUN8_GAM","rand5.LEUCORAJA.WALLACEI_PA1_RUN8_GAM","rand1.LEUCORAJA.WALLACEI_PA1_RUN8_GLM","rand2.LEUCORAJA.WALLACEI_PA1_RUN8_GLM","rand3.LEUCORAJA.WALLACEI_PA1_RUN8_GLM","rand4.LEUCORAJA.WALLACEI_PA1_RUN8_GLM","rand5.LEUCORAJA.WALLACEI_PA1_RUN8_GLM","rand1.LEUCORAJA.WALLACEI_PA1_RUN8_MAXENT.Phillips","rand2.LEUCORAJA.WALLACEI_PA1_RUN8_MAXENT.Phillips","rand3.LEUCORAJA.WALLACEI_PA1_RUN8_MAXENT.Phillips","rand4.LEUCORAJA.WALLACEI_PA1_RUN8_MAXENT.Phillips","rand5.LEUCORAJA.WALLACEI_PA1_RUN8_MAXENT.Phillips","rand1.LEUCORAJA.WALLACEI_PA1_RUN9_GAM","rand2.LEUCORAJA.WALLACEI_PA1_RUN9_GAM","rand3.LEUCORAJA.WALLACEI_PA1_RUN9_GAM","rand4.LEUCORAJA.WALLACEI_PA1_RUN9_GAM","rand5.LEUCORAJA.WALLACEI_PA1_RUN9_GAM","rand1.LEUCORAJA.WALLACEI_PA1_RUN9_GLM","rand2.LEUCORAJA.WALLACEI_PA1_RUN9_GLM","rand3.LEUCORAJA.WALLACEI_PA1_RUN9_GLM","rand4.LEUCORAJA.WALLACEI_PA1_RUN9_GLM","rand5.LEUCORAJA.WALLACEI_PA1_RUN9_GLM","rand1.LEUCORAJA.WALLACEI_PA1_RUN9_MAXENT.Phillips","rand2.LEUCORAJA.WALLACEI_PA1_RUN9_MAXENT.Phillips","rand3.LEUCORAJA.WALLACEI_PA1_RUN9_MAXENT.Phillips","rand4.LEUCORAJA.WALLACEI_PA1_RUN9_MAXENT.Phillips","rand5.LEUCORAJA.WALLACEI_PA1_RUN9_MAXENT.Phillips","rand1.LEUCORAJA.WALLACEI_PA1_RUN10_GAM","rand2.LEUCORAJA.WALLACEI_PA1_RUN10_GAM","rand3.LEUCORAJA.WALLACEI_PA1_RUN10_GAM","rand4.LEUCORAJA.WALLACEI_PA1_RUN10_GAM","rand5.LEUCORAJA.WALLACEI_PA1_RUN10_GAM","rand1.LEUCORAJA.WALLACEI_PA1_RUN10_GLM","rand2.LEUCORAJA.WALLACEI_PA1_RUN10_GLM","rand3.LEUCORAJA.WALLACEI_PA1_RUN10_GLM","rand4.LEUCORAJA.WALLACEI_PA1_RUN10_GLM","rand5.LEUCORAJA.WALLACEI_PA1_RUN10_GLM","rand1.LEUCORAJA.WALLACEI_PA1_RUN10_MAXENT.Phillips","rand2.LEUCORAJA.WALLACEI_PA1_RUN10_MAXENT.Phillips","rand3.LEUCORAJA.WALLACEI_PA1_RUN10_MAXENT.Phillips","rand4.LEUCORAJA.WALLACEI_PA1_RUN10_MAXENT.Phillips","rand5.LEUCORAJA.WALLACEI_PA1_RUN10_MAXENT.Phillips","rand1.LEUCORAJA.WALLACEI_PA1_Full_GAM","rand2.LEUCORAJA.WALLACEI_PA1_Full_GAM","rand3.LEUCORAJA.WALLACEI_PA1_Full_GAM","rand4.LEUCORAJA.WALLACEI_PA1_Full_GAM","rand5.LEUCORAJA.WALLACEI_PA1_Full_GAM","rand1.LEUCORAJA.WALLACEI_PA1_Full_GLM","rand2.LEUCORAJA.WALLACEI_PA1_Full_GLM","rand3.LEUCORAJA.WALLACEI_PA1_Full_GLM","rand4.LEUCORAJA.WALLACEI_PA1_Full_GLM","rand5.LEUCORAJA.WALLACEI_PA1_Full_GLM","rand1.LEUCORAJA.WALLACEI_PA1_Full_MAXENT.Phillips","rand2.LEUCORAJA.WALLACEI_PA1_Full_MAXENT.Phillips","rand3.LEUCORAJA.WALLACEI_PA1_Full_MAXENT.Phillips","rand4.LEUCORAJA.WALLACEI_PA1_Full_MAXENT.Phillips","rand5.LEUCORAJA.WALLACEI_PA1_Full_MAXENT.Phillips","rand1.LEUCORAJA.WALLACEI_PA2_RUN1_GAM","rand2.LEUCORAJA.WALLACEI_PA2_RUN1_GAM","rand3.LEUCORAJA.WALLACEI_PA2_RUN1_GAM","rand4.LEUCORAJA.WALLACEI_PA2_RUN1_GAM","rand5.LEUCORAJA.WALLACEI_PA2_RUN1_GAM","rand1.LEUCORAJA.WALLACEI_PA2_RUN1_GLM","rand2.LEUCORAJA.WALLACEI_PA2_RUN1_GLM","rand3.LEUCORAJA.WALLACEI_PA2_RUN1_GLM","rand4.LEUCORAJA.WALLACEI_PA2_RUN1_GLM","rand5.LEUCORAJA.WALLACEI_PA2_RUN1_GLM","rand1.LEUCORAJA.WALLACEI_PA2_RUN1_MAXENT.Phillips","rand2.LEUCORAJA.WALLACEI_PA2_RUN1_MAXENT.Phillips","rand3.LEUCORAJA.WALLACEI_PA2_RUN1_MAXENT.Phillips","rand4.LEUCORAJA.WALLACEI_PA2_RUN1_MAXENT.Phillips","rand5.LEUCORAJA.WALLACEI_PA2_RUN1_MAXENT.Phillips","rand1.LEUCORAJA.WALLACEI_PA2_RUN2_GAM","rand2.LEUCORAJA.WALLACEI_PA2_RUN2_GAM","rand3.LEUCORAJA.WALLACEI_PA2_RUN2_GAM","rand4.LEUCORAJA.WALLACEI_PA2_RUN2_GAM","rand5.LEUCORAJA.WALLACEI_PA2_RUN2_GAM","rand1.LEUCORAJA.WALLACEI_PA2_RUN2_GLM","rand2.LEUCORAJA.WALLACEI_PA2_RUN2_GLM","rand3.LEUCORAJA.WALLACEI_PA2_RUN2_GLM","rand4.LEUCORAJA.WALLACEI_PA2_RUN2_GLM","rand5.LEUCORAJA.WALLACEI_PA2_RUN2_GLM","rand1.LEUCORAJA.WALLACEI_PA2_RUN2_MAXENT.Phillips","rand2.LEUCORAJA.WALLACEI_PA2_RUN2_MAXENT.Phillips","rand3.LEUCORAJA.WALLACEI_PA2_RUN2_MAXENT.Phillips","rand4.LEUCORAJA.WALLACEI_PA2_RUN2_MAXENT.Phillips","rand5.LEUCORAJA.WALLACEI_PA2_RUN2_MAXENT.Phillips","rand1.LEUCORAJA.WALLACEI_PA2_RUN3_GAM","rand2.LEUCORAJA.WALLACEI_PA2_RUN3_GAM","rand3.LEUCORAJA.WALLACEI_PA2_RUN3_GAM","rand4.LEUCORAJA.WALLACEI_PA2_RUN3_GAM","rand5.LEUCORAJA.WALLACEI_PA2_RUN3_GAM","rand1.LEUCORAJA.WALLACEI_PA2_RUN3_GLM","rand2.LEUCORAJA.WALLACEI_PA2_RUN3_GLM","rand3.LEUCORAJA.WALLACEI_PA2_RUN3_GLM","rand4.LEUCORAJA.WALLACEI_PA2_RUN3_GLM","rand5.LEUCORAJA.WALLACEI_PA2_RUN3_GLM","rand1.LEUCORAJA.WALLACEI_PA2_RUN3_MAXENT.Phillips","rand2.LEUCORAJA.WALLACEI_PA2_RUN3_MAXENT.Phillips","rand3.LEUCORAJA.WALLACEI_PA2_RUN3_MAXENT.Phillips","rand4.LEUCORAJA.WALLACEI_PA2_RUN3_MAXENT.Phillips","rand5.LEUCORAJA.WALLACEI_PA2_RUN3_MAXENT.Phillips","rand1.LEUCORAJA.WALLACEI_PA2_RUN4_GAM","rand2.LEUCORAJA.WALLACEI_PA2_RUN4_GAM","rand3.LEUCORAJA.WALLACEI_PA2_RUN4_GAM","rand4.LEUCORAJA.WALLACEI_PA2_RUN4_GAM","rand5.LEUCORAJA.WALLACEI_PA2_RUN4_GAM","rand1.LEUCORAJA.WALLACEI_PA2_RUN4_GLM","rand2.LEUCORAJA.WALLACEI_PA2_RUN4_GLM","rand3.LEUCORAJA.WALLACEI_PA2_RUN4_GLM","rand4.LEUCORAJA.WALLACEI_PA2_RUN4_GLM","rand5.LEUCORAJA.WALLACEI_PA2_RUN4_GLM","rand1.LEUCORAJA.WALLACEI_PA2_RUN4_MAXENT.Phillips","rand2.LEUCORAJA.WALLACEI_PA2_RUN4_MAXENT.Phillips","rand3.LEUCORAJA.WALLACEI_PA2_RUN4_MAXENT.Phillips","rand4.LEUCORAJA.WALLACEI_PA2_RUN4_MAXENT.Phillips","rand5.LEUCORAJA.WALLACEI_PA2_RUN4_MAXENT.Phillips","rand1.LEUCORAJA.WALLACEI_PA2_RUN5_GAM","rand2.LEUCORAJA.WALLACEI_PA2_RUN5_GAM","rand3.LEUCORAJA.WALLACEI_PA2_RUN5_GAM","rand4.LEUCORAJA.WALLACEI_PA2_RUN5_GAM","rand5.LEUCORAJA.WALLACEI_PA2_RUN5_GAM","rand1.LEUCORAJA.WALLACEI_PA2_RUN5_GLM","rand2.LEUCORAJA.WALLACEI_PA2_RUN5_GLM","rand3.LEUCORAJA.WALLACEI_PA2_RUN5_GLM","rand4.LEUCORAJA.WALLACEI_PA2_RUN5_GLM","rand5.LEUCORAJA.WALLACEI_PA2_RUN5_GLM","rand1.LEUCORAJA.WALLACEI_PA2_RUN5_MAXENT.Phillips","rand2.LEUCORAJA.WALLACEI_PA2_RUN5_MAXENT.Phillips","rand3.LEUCORAJA.WALLACEI_PA2_RUN5_MAXENT.Phillips","rand4.LEUCORAJA.WALLACEI_PA2_RUN5_MAXENT.Phillips","rand5.LEUCORAJA.WALLACEI_PA2_RUN5_MAXENT.Phillips","rand1.LEUCORAJA.WALLACEI_PA2_RUN6_GAM","rand2.LEUCORAJA.WALLACEI_PA2_RUN6_GAM","rand3.LEUCORAJA.WALLACEI_PA2_RUN6_GAM","rand4.LEUCORAJA.WALLACEI_PA2_RUN6_GAM","rand5.LEUCORAJA.WALLACEI_PA2_RUN6_GAM","rand1.LEUCORAJA.WALLACEI_PA2_RUN6_GLM","rand2.LEUCORAJA.WALLACEI_PA2_RUN6_GLM","rand3.LEUCORAJA.WALLACEI_PA2_RUN6_GLM","rand4.LEUCORAJA.WALLACEI_PA2_RUN6_GLM","rand5.LEUCORAJA.WALLACEI_PA2_RUN6_GLM","rand1.LEUCORAJA.WALLACEI_PA2_RUN6_MAXENT.Phillips","rand2.LEUCORAJA.WALLACEI_PA2_RUN6_MAXENT.Phillips","rand3.LEUCORAJA.WALLACEI_PA2_RUN6_MAXENT.Phillips","rand4.LEUCORAJA.WALLACEI_PA2_RUN6_MAXENT.Phillips","rand5.LEUCORAJA.WALLACEI_PA2_RUN6_MAXENT.Phillips","rand1.LEUCORAJA.WALLACEI_PA2_RUN7_GAM","rand2.LEUCORAJA.WALLACEI_PA2_RUN7_GAM","rand3.LEUCORAJA.WALLACEI_PA2_RUN7_GAM","rand4.LEUCORAJA.WALLACEI_PA2_RUN7_GAM","rand5.LEUCORAJA.WALLACEI_PA2_RUN7_GAM","rand1.LEUCORAJA.WALLACEI_PA2_RUN7_GLM","rand2.LEUCORAJA.WALLACEI_PA2_RUN7_GLM","rand3.LEUCORAJA.WALLACEI_PA2_RUN7_GLM","rand4.LEUCORAJA.WALLACEI_PA2_RUN7_GLM","rand5.LEUCORAJA.WALLACEI_PA2_RUN7_GLM","rand1.LEUCORAJA.WALLACEI_PA2_RUN7_MAXENT.Phillips","rand2.LEUCORAJA.WALLACEI_PA2_RUN7_MAXENT.Phillips","rand3.LEUCORAJA.WALLACEI_PA2_RUN7_MAXENT.Phillips","rand4.LEUCORAJA.WALLACEI_PA2_RUN7_MAXENT.Phillips","rand5.LEUCORAJA.WALLACEI_PA2_RUN7_MAXENT.Phillips","rand1.LEUCORAJA.WALLACEI_PA2_RUN8_GAM","rand2.LEUCORAJA.WALLACEI_PA2_RUN8_GAM","rand3.LEUCORAJA.WALLACEI_PA2_RUN8_GAM","rand4.LEUCORAJA.WALLACEI_PA2_RUN8_GAM","rand5.LEUCORAJA.WALLACEI_PA2_RUN8_GAM","rand1.LEUCORAJA.WALLACEI_PA2_RUN8_GLM","rand2.LEUCORAJA.WALLACEI_PA2_RUN8_GLM","rand3.LEUCORAJA.WALLACEI_PA2_RUN8_GLM","rand4.LEUCORAJA.WALLACEI_PA2_RUN8_GLM","rand5.LEUCORAJA.WALLACEI_PA2_RUN8_GLM","rand1.LEUCORAJA.WALLACEI_PA2_RUN8_MAXENT.Phillips","rand2.LEUCORAJA.WALLACEI_PA2_RUN8_MAXENT.Phillips","rand3.LEUCORAJA.WALLACEI_PA2_RUN8_MAXENT.Phillips","rand4.LEUCORAJA.WALLACEI_PA2_RUN8_MAXENT.Phillips","rand5.LEUCORAJA.WALLACEI_PA2_RUN8_MAXENT.Phillips","rand1.LEUCORAJA.WALLACEI_PA2_RUN9_GAM","rand2.LEUCORAJA.WALLACEI_PA2_RUN9_GAM","rand3.LEUCORAJA.WALLACEI_PA2_RUN9_GAM","rand4.LEUCORAJA.WALLACEI_PA2_RUN9_GAM","rand5.LEUCORAJA.WALLACEI_PA2_RUN9_GAM","rand1.LEUCORAJA.WALLACEI_PA2_RUN9_GLM","rand2.LEUCORAJA.WALLACEI_PA2_RUN9_GLM","rand3.LEUCORAJA.WALLACEI_PA2_RUN9_GLM","rand4.LEUCORAJA.WALLACEI_PA2_RUN9_GLM","rand5.LEUCORAJA.WALLACEI_PA2_RUN9_GLM","rand1.LEUCORAJA.WALLACEI_PA2_RUN9_MAXENT.Phillips","rand2.LEUCORAJA.WALLACEI_PA2_RUN9_MAXENT.Phillips","rand3.LEUCORAJA.WALLACEI_PA2_RUN9_MAXENT.Phillips","rand4.LEUCORAJA.WALLACEI_PA2_RUN9_MAXENT.Phillips","rand5.LEUCORAJA.WALLACEI_PA2_RUN9_MAXENT.Phillips","rand1.LEUCORAJA.WALLACEI_PA2_RUN10_GAM","rand2.LEUCORAJA.WALLACEI_PA2_RUN10_GAM","rand3.LEUCORAJA.WALLACEI_PA2_RUN10_GAM","rand4.LEUCORAJA.WALLACEI_PA2_RUN10_GAM","rand5.LEUCORAJA.WALLACEI_PA2_RUN10_GAM","rand1.LEUCORAJA.WALLACEI_PA2_RUN10_GLM","rand2.LEUCORAJA.WALLACEI_PA2_RUN10_GLM","rand3.LEUCORAJA.WALLACEI_PA2_RUN10_GLM","rand4.LEUCORAJA.WALLACEI_PA2_RUN10_GLM","rand5.LEUCORAJA.WALLACEI_PA2_RUN10_GLM","rand1.LEUCORAJA.WALLACEI_PA2_RUN10_MAXENT.Phillips","rand2.LEUCORAJA.WALLACEI_PA2_RUN10_MAXENT.Phillips","rand3.LEUCORAJA.WALLACEI_PA2_RUN10_MAXENT.Phillips","rand4.LEUCORAJA.WALLACEI_PA2_RUN10_MAXENT.Phillips","rand5.LEUCORAJA.WALLACEI_PA2_RUN10_MAXENT.Phillips","rand1.LEUCORAJA.WALLACEI_PA2_Full_GAM","rand2.LEUCORAJA.WALLACEI_PA2_Full_GAM","rand3.LEUCORAJA.WALLACEI_PA2_Full_GAM","rand4.LEUCORAJA.WALLACEI_PA2_Full_GAM","rand5.LEUCORAJA.WALLACEI_PA2_Full_GAM","rand1.LEUCORAJA.WALLACEI_PA2_Full_GLM","rand2.LEUCORAJA.WALLACEI_PA2_Full_GLM","rand3.LEUCORAJA.WALLACEI_PA2_Full_GLM","rand4.LEUCORAJA.WALLACEI_PA2_Full_GLM","rand5.LEUCORAJA.WALLACEI_PA2_Full_GLM","rand1.LEUCORAJA.WALLACEI_PA2_Full_MAXENT.Phillips","rand2.LEUCORAJA.WALLACEI_PA2_Full_MAXENT.Phillips","rand3.LEUCORAJA.WALLACEI_PA2_Full_MAXENT.Phillips","rand4.LEUCORAJA.WALLACEI_PA2_Full_MAXENT.Phillips","rand5.LEUCORAJA.WALLACEI_PA2_Full_MAXENT.Phillips"
0.217732,0.216262,0.20695,0.232067,0.223833,0.144145,0.151569,0.161514,0.153496,0.154706,0.419073,0.412627,0.417557,0.419859,0.431839,0.35284,0.35036,0.345649,0.357359,0.362164,0.309758,0.309199,0.290943,0.279066,0.267046,0.664614,0.631608,0.68317,0.664584,0.661745,0.292935,0.322467,0.314318,0.312899,0.30863,0.227572,0.236244,0.210775,0.235585,0.249031,0.464035,0.476035,0.481761,0.469184,0.485856,0.480223,0.464135,0.493591,0.459187,0.494395,0.376692,0.340299,0.34387,0.358198,0.344776,0.529066,0.520092,0.498757,0.495083,0.499552,0.075474,0.076864,0.068777,0.076028,0.072724,0.405352,0.421672,0.384042,0.41409,0.403067,0.602052,0.633591,0.580895,0.603244,0.564902,0.424383,0.431535,0.407264,0.420196,0.421383,0.379709,0.36053,0.378574,0.367826,0.359369,0.587114,0.543724,0.562981,0.573355,0.565806,0.14558,0.15438,0.144345,0.141576,0.153767,0.0584480000000001,0.0523439999999999,0.054858,0.058527,0.058517,0.513374,0.503866,0.514043,0.538297,0.49759,0.256254,0.257561,0.270407,0.284368,0.255707,0.25473,0.231406,0.253916,0.230433,0.241275,0.558576,0.574514,0.552874,0.558638,0.555067,0.150682,0.169027,0.172106,0.158542,0.169312,0.211546,0.215874,0.220533,0.214655,0.213083,0.668205,0.628624,0.665292,0.644263,0.631821,0.3378,0.325883,0.355859,0.316966,0.315193,0.30714,0.31893,0.300182,0.307148,0.310149,0.476797,0.496823,0.479095,0.505349,0.496793,0.173356,0.165819,0.174802,0.176111,0.171146,0.175456,0.181788,0.166479,0.172308,0.17283,0.576062,0.578944,0.563432,0.541784,0.52624,0.138127,0.130028,0.139587,0.132883,0.138913,0.148968,0.137727,0.154514,0.1507,0.134327,0.292165,0.289081,0.301806,0.276513,0.261308,0.257259,0.244101,0.260347,0.234576,0.244437,0.273443,0.25666,0.272029,0.249968,0.265726,0.440604,0.44064,0.447931,0.449152,0.465145,0.119703,0.125559,0.121261,0.121565,0.125796,0.118558,0.123918,0.126113,0.126513,0.120989,0.406675,0.44594,0.431741,0.421662,0.426368,0.068985,0.062514,0.06259,0.060573,0.063244,0.373294,0.344249,0.351685,0.351319,0.380308,0.399911,0.42599,0.4053,0.441787,0.417129,0.124565,0.122993,0.120456,0.115404,0.115122,0.197304,0.187961,0.19416,0.20369,0.197621,0.412573,0.42137,0.424999,0.4361,0.410573,0.145259,0.131721,0.140136,0.128865,0.135048,0.133145,0.125519,0.144594,0.141457,0.135048,0.317522,0.337947,0.330811,0.335617,0.347011,0.231372,0.224729,0.220906,0.226373,0.197125,0.237209,0.230321,0.221396,0.234243,0.240919,0.435883,0.450642,0.440163,0.448016,0.451483,0.282503,0.285609,0.275082,0.278602,0.28334,0.13043,0.13733,0.139836,0.122315,0.142218,0.302854,0.327619,0.304342,0.315066,0.315901,0.140128,0.135045,0.154823,0.140101,0.140082,0.479118,0.461924,0.47365,0.47149,0.497578,0.539325,0.528674,0.479385,0.506514,0.509478,0.136564,0.130465,0.131786,0.14065,0.119569,0.103815,0.097388,0.112592,0.100909,0.105554,0.339554,0.310092,0.322993,0.323276,0.319652,0.115209,0.12458,0.11418,0.130175,0.123012,0.215488,0.215834,0.21205,0.215077,0.211766,0.486835,0.457715,0.468782,0.482616,0.447059
0.039766,0.036125,0.034569,0.039523,0.032788,0.111896,0.113588,0.111871,0.113479,0.105804,0.015791,0.016968,0.015714,0.019255,0.015662,0.387271,0.384009,0.389482,0.390419,0.391319,0,0,0,0,0,0.080094,0.07824,0.085973,0.080062,0.083046,0.00859299999999996,0.00887499999999997,0.00811499999999998,0.00783,0.00738399999999995,0,0,0,0,0,0.021701,0.023141,0.019818,0.018429,0.019027,0.019555,0.021971,0.019597,0.020981,0.020669,0,0,0,0,0,0.05164,0.048109,0.040702,0.0469619999999999,0.0475640000000001,0.478195,0.499917,0.500667,0.506831,0.497632,0,0,0,0,0,0.150647,0.162623,0.158636,0.152749,0.153255,0.017102,0.017038,0.015856,0.018288,0.016073,0,0,0,0,0,0.116692,0.110735,0.107856,0.110835,0.106923,0.20487,0.218996,0.223453,0.219108,0.20623,0,0,0,0,0,0.0453480000000001,0.0466299999999999,0.0521740000000001,0.047181,0.039444,0.099185,0.100485,0.103893,0.09751,0.104205,0.06552,0.066201,0.065899,0.062786,0.068334,0.00661500000000004,0.00663899999999995,0.00656100000000004,0.00575599999999998,0.00587499999999996,0.012724,0.013003,0.013861,0.0123450000000001,0.012902,0,0,0,0,0,0.00539900000000004,0.005579,0.00588999999999995,0.00538700000000003,0.00544800000000001,0.271419,0.248894,0.275936,0.283146,0.275138,0,0,0,0,0,0.052826,0.057486,0.063057,0.055678,0.0523439999999999,0.082023,0.090757,0.08307,0.0839569999999999,0.083937,0.077117,0.080053,0.073978,0.083877,0.081014,0.010823,0.00994899999999999,0.010373,0.00998600000000005,0.01029,0.226582,0.241593,0.250614,0.243006,0.246903,0,0,0,0,0,0.061578,0.055283,0.0588689999999999,0.053664,0.05059,0.194793,0.184981,0.201083,0.177181,0.181359,0,0,0,0,0,0.020105,0.020394,0.02012,0.020191,0.020197,0.172695,0.166253,0.168395,0.177963,0.159349,0,0,0,0,0,0.086834,0.085425,0.093025,0.091843,0.079577,0.104681,0.099814,0.106629,0.099935,0.098654,0,0,0,0,0,0.113626,0.117953,0.11572,0.111735,0.107374,0.201384,0.216596,0.199556,0.202733,0.202035,0,0,0,0,0,0.127591,0.129551,0.11673,0.116657,0.117387,0.259133,0.262312,0.26425,0.2483,0.253031,0,0,0,0,0,0.128537,0.123324,0.124787,0.123743,0.117979,0.114425,0.127596,0.134192,0.133848,0.126884,0,0,0,0,0,0.096211,0.091149,0.09706,0.10814,0.101227,0.256045,0.259885,0.262317,0.250177,0.249597,0,0,0,0,0,0,0,0,0,0,0.207833,0.205781,0.203412,0.196128,0.211013,0,0,0,0,0,0.114929,0.113598,0.107629,0.105022,0.115495,0.311091,0.291208,0.297956,0.315665,0.309791,0,0,0,0,0,0.09448,0.093302,0.104904,0.105457,0.111882,0.18336,0.163198,0.182163,0.176547,0.183838,0,0,0,0,0,0.112696,0.106891,0.099209,0.105062,0.103414
0.368286,0.362614,0.366241,0.361271,0.373307,0,0,0,0,0,0.090663,0.106461,0.109511,0.095437,0.100773,0.443696,0.445166,0.447275,0.438638,0.410032,0,0,0,0,0,0.148557,0.133644,0.141422,0.127334,0.144133,0.00974399999999997,0.0100980000000001,0.00950700000000004,0.00931199999999999,0.00893299999999997,0,0,0,0,0,0.042843,0.038413,0.039365,0.0411859999999999,0.038652,0.238897,0.25495,0.242716,0.250641,0.255217,0,0,0,0,0,0.0443750000000001,0.044613,0.044791,0.041478,0.047311,0.416222,0.434606,0.399316,0.433963,0.439752,0,0,0,0,0,0.079956,0.083651,0.092983,0.0817830000000001,0.0853159999999999,0.134522,0.123963,0.122481,0.123672,0.119145,0,0,0,0,0,0.00359500000000001,0.00349200000000005,0.00364900000000001,0.00349600000000005,0.00327,0.474341,0.478393,0.479242,0.473802,0.480591,0,0,0,0,0,0.123088,0.102435,0.109407,0.112298,0.120797,0.262719,0.279347,0.288417,0.282639,0.284646,0,0,0,0,0,0.00936300000000001,0.00832900000000003,0.00911300000000004,0.012586,0.00802899999999995,0.298636,0.299679,0.31929,0.299527,0.320061,0,0,0,0,0,0.017581,0.01575,0.013713,0.014548,0.015354,0.376611,0.371155,0.374924,0.336835,0.347296,0,0,0,0,0,0.043269,0.049764,0.044295,0.044111,0.045793,0.26166,0.269692,0.238158,0.25873,0.267039,0,0,0,0,0,0.025702,0.025804,0.026954,0.028045,0.0256999999999999,0.195828,0.194572,0.206176,0.205938,0.195177,0.199274,0.208917,0.195617,0.189818,0.198972,0.005162,0.00497400000000003,0.00489099999999998,0.00501099999999999,0.00507800000000003,0.209274,0.220973,0.218558,0.21796,0.216734,0,0,0,0,0,0.031046,0.030382,0.032377,0.030266,0.030659,0.066595,0.066659,0.074561,0.070293,0.070067,0,0,0,0,0,0.00139800000000001,0.001386,0.00146999999999997,0.00139500000000004,0.00151900000000005,0.100237,0.093726,0.101121,0.103542,0.103778,0,0,0,0,0,0,0,0,0,0,0.342783,0.342591,0.342101,0.341466,0.357864,0,0,0,0,0,0.012544,0.014347,0.01267,0.013749,0.013365,0.220381,0.224896,0.213258,0.241812,0.23465,0,0,0,0,0,0.106165,0.102201,0.101217,0.109689,0.115002,0.078531,0.080601,0.073507,0.08217,0.0784550000000001,0,0,0,0,0,0,0,0,0,0,0.137233,0.15498,0.16169,0.144353,0.163068,0,0,0,0,0,0.012388,0.013228,0.0134030000000001,0.015097,0.01439,0.003691,0.00393500000000002,0.00381699999999996,0.00409800000000005,0.00371100000000002,0,0,0,0,0,0.00215299999999996,0.002382,0.00212999999999997,0.00244299999999997,0.00226000000000004,0.219523,0.221701,0.235398,0.207985,0.216756,0,0,0,0,0,0.07772,0.083688,0.0789609999999999,0.082171,0.082882,0.017606,0.017282,0.019186,0.017205,0.018881,0,0,0,0,0,0,0,0,0,0
0.556242,0.569226,0.57078,0.608719,0.560812,0,0,0,0,0,0.127524,0.128032,0.137612,0.128429,0.129098,0.592808,0.618074,0.615543,0.618676,0.618311,0.053914,0.0565099999999999,0.057543,0.05575,0.056027,0.124647,0.113964,0.12595,0.123751,0.114133,0.021363,0.020728,0.022726,0.021759,0.020948,0.048134,0.053602,0.052766,0.051026,0.051543,0.037919,0.034169,0.032149,0.036513,0.0340009999999999,0.286023,0.279432,0.291723,0.287021,0.282518,0,0,0,0,0,0.117327,0.133944,0.120749,0.132095,0.13893,0.749999,0.712779,0.786642,0.766268,0.751401,0.208844,0.207301,0.217841,0.225306,0.215914,0.118428,0.121773,0.120669,0.122815,0.108372,0.61831,0.611654,0.612434,0.628662,0.610765,0.415495,0.418652,0.41378,0.409223,0.392697,0.029501,0.023259,0.030599,0.025624,0.025177,0.100365,0.100729,0.105785,0.096536,0.100836,0,0,0,0,0,0.018261,0.018362,0.015563,0.016387,0.018525,0.708077,0.70498,0.688174,0.705613,0.696936,0,0,0,0,0,0.086982,0.090803,0.085103,0.096656,0.096815,0.520249,0.543743,0.538769,0.561076,0.577949,0.071637,0.068635,0.068989,0.066083,0.075344,0.074858,0.073252,0.073282,0.0735749999999999,0.064248,0.861996,0.872284,0.857976,0.898538,0.859633,0.086325,0.084819,0.082341,0.083994,0.082244,0.168854,0.157825,0.142624,0.16251,0.155642,0.603181,0.578457,0.600956,0.590106,0.579614,0,0,0,0,0,0.114685,0.121052,0.106091,0.101694,0.104991,0.176993,0.180642,0.162033,0.172574,0.190472,0,0,0,0,0,0.13151,0.148471,0.131079,0.112211,0.127417,0.445934,0.43294,0.41482,0.44024,0.408036,0,0,0,0,0,0.062024,0.071782,0.068685,0.072723,0.059976,0.153726,0.15039,0.154092,0.146929,0.153494,0,0,0,0,0,0.087213,0.08525,0.090965,0.084847,0.09092,0.134971,0.13252,0.128178,0.130653,0.12841,0,0,0,0,0,0.0744010000000001,0.080837,0.070652,0.073601,0.070963,0.070003,0.0657990000000001,0.072578,0.080782,0.066724,0,0,0,0,0,0.00199099999999997,0.00208200000000003,0.00197099999999995,0.00208799999999998,0.00198600000000004,0.264626,0.243745,0.246378,0.250973,0.229905,0,0,0,0,0,0.24386,0.219713,0.221791,0.23923,0.23001,0.096675,0.095311,0.094581,0.097859,0.097857,0,0,0,0,0,0.087153,0.088317,0.085781,0.091396,0.093776,0.397249,0.391198,0.398958,0.384506,0.392331,0,0,0,0,0,0.050997,0.0482089999999999,0.046168,0.048211,0.048682,0.16416,0.150652,0.155279,0.153122,0.155942,0,0,0,0,0,0.00469600000000003,0.00553400000000004,0.00533499999999998,0.00488999999999995,0.00516799999999995,0.129431,0.135305,0.123904,0.128353,0.134319,0,0,0,0,0,0.170283,0.176036,0.163758,0.178532,0.161033,0.103151,0.112053,0.11042,0.102221,0.102719,0,0,0,0,0,0.06804,0.073637,0.070856,0.075312,0.074608
0.014032,0.014749,0.0143450000000001,0.014701,0.013028,0.110551,0.103545,0.093287,0.108567,0.111233,0.207522,0.200146,0.183092,0.1774,0.194583,0.207298,0.20748,0.218099,0.195001,0.212053,0.084615,0.0756790000000001,0.085894,0.080774,0.081013,0.187606,0.195393,0.179903,0.187091,0.182946,0.028201,0.025994,0.024804,0.023865,0.027443,0.031396,0.0289199999999999,0.028163,0.028769,0.028317,0.158619,0.164844,0.183945,0.174096,0.163879,0.000125999999999959,0.000137999999999971,0.000125000000000042,0.000129000000000046,0.000134999999999996,0.03691,0.035488,0.03578,0.035171,0.033265,0.072716,0.067551,0.07375,0.064185,0.067576,0.228502,0.230927,0.23437,0.225712,0.235213,0,0,0,0,0,0.127067,0.121191,0.130615,0.144373,0.153383,0.00135099999999999,0.00121099999999996,0.00136899999999995,0.00131499999999996,0.00128499999999998,0,0,0,0,0,0.06743,0.074356,0.080167,0.071486,0.07464,8.60000000000305e-05,8.3999999999973e-05,8.69999999999482e-05,7.80000000000225e-05,9.09999999999522e-05,0.113882,0.105767,0.111146,0.121036,0.111576,0.053588,0.049245,0.040818,0.047589,0.042666,0.030697,0.0300589999999999,0.026407,0.028406,0.029542,0.085052,0.086904,0.0862579999999999,0.082138,0.078749,0.019465,0.0187619999999999,0.017749,0.017743,0.016105,0.197512,0.21354,0.207402,0.220672,0.217853,0.067717,0.074712,0.068227,0.0715750000000001,0.070808,0.207035,0.201596,0.199692,0.195592,0.192049,0.00573000000000001,0.00625200000000004,0.00568599999999997,0.00630200000000003,0.00533600000000001,0.023946,0.022984,0.024932,0.024997,0.021859,0.172747,0.181033,0.187829,0.190178,0.1901,0.012529,0.01228,0.01258,0.011498,0.012166,0.085947,0.083667,0.079947,0.085495,0.089847,0.120876,0.094261,0.0912770000000001,0.108013,0.092186,0.219063,0.207846,0.209508,0.200794,0.235287,0.163845,0.156635,0.167719,0.17299,0.17613,0.093456,0.082118,0.089149,0.087336,0.090804,0.121891,0.114785,0.115179,0.127145,0.106046,0.104581,0.100622,0.101492,0.0869799999999999,0.097947,0.101088,0.101271,0.113025,0.110119,0.089485,0.014006,0.0143760000000001,0.012942,0.012913,0.013192,0.103127,0.10857,0.108022,0.118342,0.100487,0.0167119999999999,0.017576,0.016838,0.017059,0.016379,0.058647,0.056156,0.057909,0.0582780000000001,0.0606,0,0,0,0,0,0.045604,0.048635,0.047482,0.050468,0.053662,0.25294,0.249334,0.234897,0.254728,0.236081,0.063165,0.059725,0.061174,0.053991,0.063441,0.029622,0.029813,0.03067,0.030037,0.030614,0.00746000000000002,0.00750200000000001,0.00708600000000004,0.00834800000000002,0.00783800000000001,0.195841,0.203301,0.188967,0.196008,0.19692,0.055627,0.0598070000000001,0.057341,0.061114,0.056851,0.061963,0.0639690000000001,0.06143,0.063957,0.06204,0.09407,0.0886439999999999,0.085516,0.09196,0.096841,0.01064,0.011343,0.011526,0.011168,0.010178,0.067513,0.073276,0.062335,0.066098,0.065815,0.166002,0.161472,0.178328,0.1571,0.161183,0.070397,0.066849,0.06798,0.07147,0.063431,0.131698,0.131053,0.12626,0.139351,0.141645,0,0,0,0,0,0.023985,0.023302,0.024918,0.0266960000000001,0.021879,0.238112,0.239196,0.229137,0.236839,0.228637,0.171053,0.166456,0.169857,0.156053,0.153412,0.105896,0.10562,0.099645,0.10283,0.108341,0.102358,0.10101,0.115142,0.109335,0.10977,0.023369,0.022773,0.025366,0.024788,0.023211,0.014507,0.014559,0.014476,0.01384,0.012917
0.199083,0.186182,0.17841,0.18487,0.182009,0,0,0,0,0,0.024404,0.027255,0.02024,0.022441,0.021305,0.294098,0.299616,0.305661,0.309412,0.298626,0,0,0,0,0,0.061883,0.070283,0.06654,0.062002,0.07193,0.028249,0.027726,0.027155,0.026295,0.026771,0,0,0,0,0,0.015821,0.024156,0.017404,0.019245,0.010147,0.060492,0.072084,0.064008,0.065271,0.066426,0,0,0,0,0,0.047054,0.051191,0.046497,0.044947,0.052329,0.445365,0.461029,0.461363,0.442972,0.431429,0,0,0,0,0,0.052326,0.0525409999999999,0.043163,0.048241,0.051453,0.275768,0.269672,0.265229,0.264616,0.269497,0,0,0,0,0,0.010659,0.00884399999999996,0.011703,0.0113529999999999,0.010794,0.054332,0.049739,0.056806,0.057099,0.051855,0,0,0,0,0,0.028635,0.030289,0.0348540000000001,0.032619,0.033406,0.085788,0.092434,0.086073,0.081949,0.086835,0,0,0,0,0,0.014784,0.013384,0.011699,0.013148,0.011517,0.210936,0.192452,0.228973,0.223272,0.217231,0,0,0,0,0,0.153523,0.130284,0.148912,0.14483,0.129361,0.084345,0.085106,0.093056,0.092091,0.089137,0,0,0,0,0,0.063707,0.062154,0.066062,0.060261,0.066723,0.00765000000000005,0.00727599999999995,0.00793900000000003,0.00767600000000002,0.00839999999999996,0,0,0,0,0,0.040526,0.040172,0.038489,0.033489,0.037611,0.18966,0.20306,0.191979,0.189461,0.194957,0,0,0,0,0,0.132366,0.120446,0.138687,0.132197,0.134221,0.00123099999999998,0.001139,0.00118499999999999,0.00116300000000003,0.00119199999999997,0,0,0,0,0,0.017285,0.015005,0.013709,0.017111,0.018667,0.146902,0.142423,0.145817,0.145475,0.144623,0,0,0,0,0,0.00158000000000003,0.00151199999999996,0.00155799999999995,0.001552,0.00154500000000002,0.097413,0.103481,0.099217,0.101031,0.090082,0,0,0,0,0,0.00943400000000005,0.00969100000000001,0.00959299999999996,0.00979099999999999,0.00909899999999997,0.13059,0.136015,0.138742,0.135376,0.138479,0,0,0,0,0,0.00909300000000002,0.00820399999999999,0.00835300000000005,0.00902099999999995,0.00814700000000002,0.185008,0.182721,0.166589,0.175017,0.17414,0,0,0,0,0,0.172253,0.168343,0.179435,0.167051,0.17387,0.136501,0.145601,0.148503,0.139079,0.152232,0,0,0,0,0,0.015109,0.014664,0.014839,0.014636,0.015166,0.131698,0.143422,0.143128,0.142304,0.138075,0.181934,0.171443,0.165128,0.172084,0.181269,0.00177400000000005,0.00179600000000002,0.00172499999999998,0.00170000000000003,0.00166599999999995,0.170458,0.165344,0.15412,0.168394,0.156925,0,0,0,0,0,0.000987999999999989,0.00105999999999995,0.00104400000000004,0.001,0.00112500000000004,0.214556,0.24524,0.243103,0.229727,0.231846,0,0,0,0,0,0.135695,0.143086,0.16128,0.161248,0.15344,0.020392,0.018616,0.019346,0.0188469999999999,0.018383,0,0,0,0,0,0.00344100000000003,0.00356299999999998,0.00361199999999995,0.00333099999999997,0.00342600000000004
0.155462,0.157513,0.160203,0.165989,0.155191,0,0,0,0,0,0.0696830000000001,0.077641,0.077218,0.082212,0.075349,0.374226,0.382211,0.400133,0.393156,0.397324,0.016705,0.017134,0.015408,0.018734,0.01692,0.106586,0.091674,0.114307,0.11184,0.104639,0.138441,0.151302,0.146155,0.13348,0.140181,0,0,0,0,0,0.013176,0.014378,0.014756,0.011997,0.015665,0.000692000000000026,0.000659999999999994,0.000646000000000035,0.000618000000000007,0.000452000000000008,0,0,0,0,0,0.087043,0.081406,0.0994080000000001,0.095536,0.09466,0.097307,0.087749,0.094436,0.090792,0.089132,0.107986,0.107871,0.108737,0.112187,0.106192,0.034759,0.031872,0.03509,0.040111,0.037652,0.353623,0.333676,0.337085,0.349273,0.342786,0.144568,0.156845,0.1536,0.147944,0.154171,0.017701,0.019447,0.018212,0.019327,0.019922,0.044006,0.040759,0.045947,0.044424,0.039761,0,0,0,0,0,0.059815,0.055631,0.056734,0.048853,0.048986,0.150097,0.144645,0.138116,0.147508,0.146316,0,0,0,0,0,0.00675700000000001,0.008432,0.00859299999999996,0.010047,0.00630200000000003,0.391561,0.39594,0.386373,0.391568,0.409874,0.00840300000000005,0.00916300000000003,0.00918600000000003,0.00837299999999996,0.00943799999999995,0.029519,0.031532,0.028185,0.026011,0.032958,0.25609,0.257555,0.272293,0.249916,0.254951,0,0,0,0,0,0.087209,0.091877,0.103002,0.089865,0.107345,0.155763,0.145786,0.166125,0.144039,0.149052,0,0,0,0,0,0.071143,0.069598,0.070732,0.072899,0.06379,0.322129,0.299543,0.307028,0.302762,0.301377,0.137545,0.129206,0.127859,0.13519,0.127875,0.00574799999999998,0.00765499999999997,0.00995199999999996,0.00678699999999999,0.00483500000000003,0.057894,0.056794,0.056094,0.060141,0.054352,0,0,0,0,0,0.010585,0.00919000000000003,0.010332,0.010601,0.0128,0.124149,0.131351,0.116179,0.125477,0.128835,0,0,0,0,0,0.00104499999999996,0.00105,0.000962000000000018,0.00107900000000005,0.00123600000000001,0.18414,0.19271,0.193507,0.19885,0.205178,0,0,0,0,0,0.00113099999999999,0.000955000000000039,0.000920000000000032,0.00113799999999997,0.00107800000000002,0.246884,0.252062,0.232368,0.243459,0.244284,0.218913,0.23332,0.210714,0.224756,0.217839,0.021991,0.019962,0.016906,0.019582,0.018846,0.10874,0.111465,0.110245,0.111434,0.105001,0.245636,0.262013,0.254216,0.270954,0.262168,0.071384,0.075032,0.073031,0.061488,0.063458,0.039316,0.042623,0.039489,0.038311,0.039546,0,0,0,0,0,0.00086799999999998,0.000998999999999972,0.000966000000000022,0.000821999999999989,0.00112299999999999,0.164881,0.172035,0.182664,0.187656,0.174186,0.068476,0.065432,0.063953,0.0663010000000001,0.074057,0,0,0,0,0,0.347405,0.351016,0.353205,0.351768,0.338076,0,0,0,0,0,0.0152,0.015514,0.015112,0.015326,0.015257,0.108594,0.120924,0.113352,0.112352,0.117949,0.220436,0.207991,0.230191,0.229873,0.211679,0.018723,0.018132,0.019504,0.01977,0.017707,0.00373999999999997,0.00327500000000003,0.00361100000000003,0.00390900000000005,0.00333799999999995,0.218912,0.20946,0.218971,0.211782,0.214491,0.005911,0.006332,0.00653800000000004,0.00652200000000003,0.00712299999999999
0.330388,0.312455,0.30616,0.313644,0.302179,0.214437,0.239708,0.225936,0.235158,0.221512,0.152287,0.148981,0.189508,0.179031,0.176447,0.417847,0.421798,0.414376,0.419583,0.40932,0.113956,0.117819,0.11365,0.120499,0.115699,0.092588,0.103986,0.090908,0.102677,0.103302,0.189193,0.187817,0.199012,0.19525,0.202309,0.161259,0.152694,0.153256,0.15772,0.159348,0.036816,0.036605,0.036529,0.042814,0.035348,0.440232,0.431063,0.444823,0.42926,0.451757,0.168581,0.169627,0.16975,0.174634,0.168583,0.15718,0.155943,0.151391,0.151153,0.139955,0.267491,0.274324,0.262449,0.283749,0.258878,0,0,0,0,0,0.127328,0.121861,0.137894,0.117164,0.129946,0.583115,0.57543,0.5961,0.604124,0.601337,0,0,0,0,0,0.048366,0.054016,0.055969,0.044667,0.051839,0.14107,0.145611,0.156283,0.158533,0.151016,0,0,0,0,0,0.10434,0.110281,0.113563,0.118308,0.106419,0.412808,0.389426,0.422371,0.406015,0.408863,0.210989,0.213794,0.204451,0.196773,0.20073,0.041704,0.043104,0.04212,0.0422670000000001,0.048148,0.451939,0.449437,0.428639,0.444431,0.462452,0.141364,0.133686,0.141871,0.145656,0.144787,0.072716,0.070748,0.092404,0.0651659999999999,0.077763,0.34895,0.357731,0.338045,0.329321,0.355575,0.106,0.114437,0.111311,0.102907,0.106585,0.117809,0.139838,0.147727,0.141018,0.136364,0.402102,0.390653,0.372982,0.37967,0.376807,0.181266,0.17452,0.176401,0.171948,0.173735,0.119042,0.117298,0.119642,0.117756,0.123171,0.296701,0.30693,0.29419,0.302245,0.313111,0,0,0,0,0,0.012232,0.010578,0.00888299999999997,0.014112,0.00998399999999999,0.135273,0.127587,0.127532,0.126569,0.123116,0.013015,0.011756,0.012169,0.01315,0.012953,0.140731,0.143815,0.148602,0.146276,0.145572,0.333096,0.338336,0.308438,0.319411,0.323557,0.136926,0.13985,0.121407,0.13479,0.133949,0.00144599999999995,0.00142799999999998,0.001328,0.00137299999999996,0.00139999999999996,0.070325,0.073308,0.074658,0.07857,0.067806,0.044645,0.041923,0.040446,0.041763,0.038577,0.025739,0.030595,0.027146,0.025092,0.0305530000000001,0.153896,0.162596,0.151977,0.155913,0.149155,0,0,0,0,0,0.063842,0.085545,0.068468,0.073502,0.069967,0.220801,0.213159,0.214983,0.212587,0.22352,0,0,0,0,0,0.318116,0.294545,0.300714,0.328459,0.312009,0.154405,0.150924,0.159697,0.148697,0.157141,0.030292,0.031594,0.028609,0.029519,0.031384,0,0,0,0,0,0.35987,0.368054,0.388027,0.394689,0.358455,0,0,0,0,0,0.159555,0.171566,0.1608,0.17588,0.15905,0.363562,0.377366,0.371872,0.382033,0.357118,0.071616,0.073928,0.07483,0.0766250000000001,0.075981,0.00195800000000002,0.00201499999999999,0.00185299999999999,0.00187300000000001,0.00199300000000002,0.438424,0.424402,0.427305,0.453584,0.443065,0,0,0,0,0,0.059854,0.057406,0.059348,0.060549,0.054809,0.131253,0.130886,0.129071,0.137982,0.131801,0.026231,0.026671,0.027494,0.029054,0.029051,0.014553,0.015616,0.014164,0.014934,0.015506
0.236677,0.255546,0.250559,0.250012,0.252395,0,0,0,0,0,0.00702899999999995,0.006575,0.008409,0.00800599999999996,0.00771599999999995,0.509573,0.512852,0.48071,0.486594,0.515618,0,0,0,0,0,0.028023,0.0382940000000001,0.022624,0.036734,0.038604,0.153747,0.138886,0.147984,0.146182,0.148185,0,0,0,0,0,0.0444329999999999,0.049168,0.034207,0.035396,0.039614,0.262913,0.263476,0.255086,0.246394,0.26725,0,0,0,0,0,0.026054,0.023226,0.025867,0.019333,0.016942,0.3181,0.307796,0.283588,0.30168,0.299693,0,0,0,0,0,0.055512,0.04964,0.05605,0.052064,0.047217,0.640011,0.628623,0.637094,0.650143,0.617258,0,0,0,0,0,0.044137,0.047531,0.049099,0.033589,0.048665,0.00154799999999999,0.00155899999999998,0.00139599999999995,0.00151800000000002,0.00145899999999999,0.058808,0.057384,0.055454,0.058196,0.059901,0.011024,0.014804,0.00908799999999998,0.00820699999999996,0.010835,0.266475,0.260737,0.254621,0.273565,0.277797,0.0426,0.038504,0.042165,0.04081,0.040118,0.0591469999999999,0.070383,0.059557,0.055136,0.043787,0.476047,0.455255,0.450126,0.481447,0.45819,0,0,0,0,0,0.0751579999999999,0.077722,0.074528,0.073812,0.084223,0.438602,0.428212,0.490569,0.44766,0.450283,0,0,0,0,0,0.066624,0.063391,0.057871,0.07025,0.065974,0.315251,0.317173,0.312567,0.31993,0.327666,0,0,0,0,0,0.0621390000000001,0.063611,0.059673,0.057086,0.040952,0.056675,0.06977,0.056581,0.062019,0.064111,0.259793,0.256483,0.260991,0.267682,0.267539,0.00121499999999997,0.000966000000000022,0.00111899999999998,0.001112,0.000878000000000045,0.264836,0.253273,0.263395,0.252986,0.244327,0,0,0,0,0,0.062898,0.078134,0.065198,0.056739,0.060348,0.390176,0.381228,0.374443,0.395162,0.365548,0,0,0,0,0,0.001664,0.00159900000000002,0.00148499999999996,0.00170400000000004,0.00169200000000003,0.420911,0.438381,0.411141,0.404221,0.408042,0,0,0,0,0,0.000201000000000007,0.000234999999999985,0.000248000000000026,0.000206000000000039,0.000183000000000044,0.245115,0.247388,0.253964,0.248704,0.257181,0.25654,0.246291,0.246311,0.24498,0.261928,0.00233300000000003,0.00220799999999999,0.00244999999999995,0.00243099999999996,0.00239299999999998,0.15271,0.160281,0.161763,0.152198,0.155946,0.285877,0.279581,0.286052,0.279089,0.2819,0.041161,0.038282,0.040551,0.038567,0.041035,0.191335,0.190705,0.178023,0.185801,0.180414,0,0,0,0,0,5.00000000003276e-06,5.99999999995049e-06,5.99999999995049e-06,5.99999999995049e-06,5.99999999995049e-06,0.372814,0.351652,0.376997,0.363516,0.364332,0,0,0,0,0,0.00834000000000001,0.00883500000000004,0.00811399999999995,0.00794099999999998,0.00866100000000003,0.65296,0.658898,0.655868,0.626232,0.667601,0,0,0,0,0,0,0,0,0,0,0.195601,0.205052,0.195015,0.1966,0.198085,0.231307,0.253693,0.236408,0.25924,0.258615,0.036505,0.0409310000000001,0.034656,0.034825,0.034097,0.00792999999999999,0.00788599999999995,0.00803100000000001,0.00715399999999999,0.00807000000000002,0.235983,0.243979,0.260733,0.252747,0.242066,0.00131999999999999,0.00143899999999997,0.00127299999999997,0.00153400000000004,0.00144599999999995
0.285316,0.284579,0.298299,0.295274,0.280368,0.031067,0.034161,0.030237,0.031631,0.0308349999999999,0.059203,0.053497,0.060716,0.0558070000000001,0.0604440000000001,0.207167,0.194112,0.206275,0.202676,0.203582,0,0,0,0,0,0.099978,0.09844,0.101232,0.098616,0.102991,0.00415900000000002,0.00390900000000005,0.004409,0.00418399999999997,0.00388500000000003,0,0,0,0,0,0.029141,0.029277,0.027829,0.032578,0.028205,0.2135,0.225875,0.236966,0.230867,0.239703,0,0,0,0,0,0.03249,0.0484599999999999,0.036485,0.031631,0.03544,0.216189,0.214596,0.20771,0.212077,0.215872,0,0,0,0,0,0.0855900000000001,0.086968,0.074493,0.0773430000000001,0.0769919999999999,0.427268,0.404238,0.439665,0.433296,0.438408,0,0,0,0,0,0.052465,0.054281,0.057909,0.058415,0.062869,0.01489,0.014074,0.014031,0.010473,0.013572,0,0,0,0,0,0.061304,0.042407,0.062266,0.050547,0.057503,0.160063,0.162559,0.177655,0.158196,0.165974,0,0,0,0,0,0.00399000000000005,0.00264799999999998,0.00323799999999996,0.00319100000000005,0.00411600000000001,0.395943,0.392327,0.385863,0.397151,0.390968,0,0,0,0,0,0.067376,0.080045,0.0671620000000001,0.069867,0.068201,0.349257,0.338185,0.348514,0.34148,0.348443,0,0,0,0,0,0.113673,0.119201,0.11602,0.116063,0.112463,0.272033,0.275888,0.274507,0.274276,0.283699,0,0,0,0,0,0.080613,0.081239,0.08383,0.074917,0.091578,0.214589,0.214677,0.217159,0.21797,0.21891,0,0,0,0,0,0.144447,0.131014,0.123444,0.133463,0.131305,0.01376,0.015031,0.014225,0.014401,0.013966,0,0,0,0,0,0.059577,0.070591,0.066429,0.066361,0.070094,0.217612,0.214126,0.21371,0.202725,0.206321,0,0,0,0,0,0,0,0,0,0,2.59999999999705e-05,2.69999999999992e-05,2.59999999999705e-05,2.89999999999457e-05,2.8000000000028e-05,0,0,0,0,0,0.027199,0.024799,0.023948,0.022685,0.02369,0.17292,0.169371,0.169917,0.173585,0.175759,0.061269,0.0563399999999999,0.062875,0.065445,0.0631660000000001,0.035812,0.036177,0.035224,0.035691,0.036926,0.176025,0.172028,0.172298,0.152061,0.170629,0,0,0,0,0,0.072811,0.06166,0.072427,0.067256,0.064339,0.084875,0.090101,0.081724,0.086979,0.081751,0,0,0,0,0,0.031896,0.035897,0.032561,0.032085,0.034839,0.4455,0.426628,0.44741,0.458989,0.415597,0,0,0,0,0,0,0,0,0,0,0.328849,0.309568,0.318233,0.328885,0.318708,0,0,0,0,0,0.003664,0.00385199999999997,0.00395299999999998,0.00378999999999996,0.00403600000000004,0.153807,0.159012,0.162541,0.162018,0.161918,0,0,0,0,0,0.123827,0.117426,0.122407,0.125213,0.117024,0.00316499999999997,0.00297999999999998,0.00458800000000004,0.004552,0.004772,0,0,0,0,0,0.030841,0.029672,0.032125,0.03099,0.0307460000000001
0.192385,0.19742,0.185695,0.195388,0.199358,0,0,0,0,0,0.151222,0.144518,0.151195,0.136692,0.148982,0.248629,0.243173,0.24048,0.246198,0.240288,0,0,0,0,0,0.036753,0.037598,0.026632,0.033992,0.033737,0.146597,0.147585,0.152916,0.151794,0.153968,0.00595299999999999,0.00620799999999999,0.00588900000000003,0.006135,0.00736400000000004,0.135835,0.137351,0.144631,0.14552,0.138418,0.136018,0.123061,0.129074,0.133045,0.125606,0.00831800000000005,0.00828799999999996,0.00853000000000004,0.00728300000000004,0.00737200000000005,0.037961,0.03996,0.042871,0.038914,0.037874,0.040241,0.03892,0.041274,0.037004,0.035624,0.072338,0.0713859999999999,0.080673,0.078253,0.0839760000000001,0.060953,0.062907,0.05171,0.056342,0.054769,0.397043,0.39203,0.389017,0.39957,0.384049,0.0592510000000001,0.058354,0.057083,0.057497,0.05409,0.01917,0.017798,0.017219,0.01532,0.018773,0.039127,0.035377,0.037641,0.037557,0.040509,0.04779,0.041779,0.044228,0.046602,0.046246,0.114852,0.112914,0.126251,0.116713,0.123751,0.0684090000000001,0.064823,0.066472,0.068885,0.068701,0,0,0,0,0,0.053301,0.051961,0.050932,0.050715,0.051817,0.286754,0.268925,0.268115,0.271427,0.297609,0,0,0,0,0,0.09901,0.093809,0.102705,0.096031,0.103262,0.332808,0.336285,0.325516,0.334992,0.337516,0.00886299999999995,0.011334,0.00936300000000001,0.012143,0.011591,0.109075,0.108419,0.118161,0.109005,0.114507,0.206586,0.205301,0.208075,0.204795,0.202989,0.017033,0.015773,0.020208,0.016595,0.0164299999999999,0.08873,0.085548,0.084263,0.079585,0.082298,0.242905,0.253762,0.258235,0.248898,0.255751,0,0,0,0,0,0.124171,0.122551,0.12729,0.128728,0.122746,0.000265999999999988,0.000234999999999985,0.000244000000000022,0.000249000000000055,0.000242999999999993,0,0,0,0,0,0.064945,0.068913,0.065416,0.070269,0.066013,0.151148,0.157263,0.144161,0.154993,0.153217,0,0,0,0,0,0,0,0,0,0,0.016274,0.01546,0.01542,0.015834,0.0168469999999999,0,0,0,0,0,0.027697,0.026659,0.028601,0.025541,0.028407,0.026199,0.026412,0.025526,0.0289700000000001,0.028864,0,0,0,0,0,0.0102989999999999,0.00917199999999996,0.00964500000000001,0.010688,0.012109,0.089081,0.09128,0.085378,0.096344,0.088018,0.0221749999999999,0.0239740000000001,0.022769,0.022575,0.025712,0.020696,0.01768,0.019048,0.018988,0.018916,0.027446,0.027066,0.0246729999999999,0.028242,0.026629,0,0,0,0,0,0.024358,0.030467,0.029371,0.020311,0.0240860000000001,0.317034,0.311298,0.305954,0.293821,0.313464,0.019123,0.019707,0.018926,0.0190979999999999,0.018995,0,0,0,0,0,0.35777,0.347256,0.347812,0.348248,0.347638,0,0,0,0,0,0.00293100000000002,0.00304700000000002,0.00290100000000004,0.00308299999999995,0.00304499999999996,0.126357,0.139986,0.127613,0.126219,0.141281,0.011786,0.014512,0.013725,0.012838,0.015313,0.040201,0.044451,0.046972,0.044432,0.046542,0.00565199999999999,0.00556400000000001,0.00533600000000001,0.00620699999999996,0.00648300000000002,0.055964,0.051529,0.055778,0.049005,0.052717,0.00947699999999996,0.00873599999999997,0.00793999999999995,0.00869200000000003,0.00814999999999999
0.215918,0.222391,0.213936,0.230246,0.201731,0.095708,0.093526,0.097966,0.095338,0.111743,0.08261,0.08078,0.073773,0.076896,0.07613,0.316985,0.313643,0.314982,0.31425,0.30365,0.08336,0.081782,0.08365,0.082453,0.0820650000000001,0.0480159999999999,0.052749,0.047006,0.042189,0.04422,0.245256,0.254188,0.235209,0.249999,0.230022,0.101838,0.104657,0.10138,0.106065,0.098951,0.030258,0.026429,0.025651,0.028632,0.0292210000000001,0.227723,0.227556,0.226172,0.218444,0.220255,0.121808,0.106921,0.121787,0.129746,0.123556,0.035038,0.043053,0.03826,0.036347,0.0379660000000001,0.394737,0.387619,0.376105,0.364563,0.363422,0,0,0,0,0,0.157417,0.168469,0.166194,0.162787,0.158552,0.110634,0.128223,0.128516,0.115821,0.118224,0,0,0,0,0,0.0316419999999999,0.034629,0.034276,0.037214,0.030454,0.009046,0.00974900000000001,0.00893999999999995,0.00947500000000001,0.00851000000000002,0,0,0,0,0,0.028686,0.033502,0.026717,0.025201,0.0316380000000001,0.288066,0.283298,0.280073,0.26607,0.274563,0.140022,0.136718,0.139129,0.134406,0.138532,0.016173,0.022092,0.020836,0.0186229999999999,0.0212560000000001,0.33265,0.317012,0.331881,0.326457,0.332496,0.149663,0.157626,0.137721,0.14269,0.13801,0.08404,0.086645,0.087767,0.080141,0.081172,0.348017,0.398231,0.368934,0.380703,0.363291,0,0,0,0,0,0.137334,0.124127,0.135287,0.131671,0.135138,0.203593,0.200682,0.196797,0.21335,0.200533,0.085395,0.08751,0.091151,0.085761,0.080859,0.112169,0.104355,0.106769,0.107723,0.107253,0.209747,0.21881,0.206214,0.209855,0.204988,0,0,0,0,0,0.056032,0.057609,0.056413,0.058389,0.054285,0.245198,0.240115,0.243499,0.235046,0.252773,0.202551,0.227582,0.199364,0.211449,0.220664,0.033793,0.029481,0.031633,0.033628,0.0311090000000001,0.501402,0.484685,0.505929,0.510483,0.513149,0.09819,0.091496,0.103592,0.097435,0.095076,0.012683,0.0112,0.010804,0.00989099999999998,0.01124,0.095789,0.091274,0.096514,0.092119,0.094245,0,0,0,0,0,0.02174,0.017057,0.019701,0.021558,0.01989,0.218673,0.225745,0.216737,0.216338,0.206846,0,0,0,0,0,0.086329,0.078251,0.078435,0.080242,0.083216,0.421935,0.397866,0.411456,0.418755,0.387084,0.336085,0.343522,0.334518,0.324681,0.336028,0.034438,0.034718,0.032139,0.0337730000000001,0.033352,0.371391,0.364119,0.376056,0.384254,0.370262,0,0,0,0,0,0.075574,0.076484,0.0764,0.070736,0.079742,0.071495,0.085165,0.073028,0.076282,0.074451,0,0,0,0,0,0.090762,0.107521,0.099664,0.100196,0.096343,0.256395,0.267988,0.24908,0.255821,0.250533,0,0,0,0,0,0.022349,0.023498,0.020526,0.024065,0.024823,0.710777,0.726057,0.726867,0.744094,0.759805,0,0,0,0,0,0.0587530000000001,0.058601,0.075346,0.057029,0.060927,0.265009,0.251637,0.26726,0.269343,0.290684,0,0,0,0,0,0.017877,0.016721,0.017714,0.0182369999999999,0.0164069999999999
0.35517,0.347556,0.344076,0.342551,0.315631,0,0,0,0,0,0.039678,0.033157,0.035111,0.043082,0.035922,0.321445,0.345322,0.35455,0.356949,0.366531,0,0,0,0,0,0.073943,0.0851499999999999,0.0780650000000001,0.0741309999999999,0.081326,0.098055,0.100165,0.112431,0.107853,0.108556,0,0,0,0,0,0.046064,0.037645,0.049352,0.048967,0.043409,0.288406,0.271744,0.257759,0.255972,0.271891,0,0,0,0,0,0.031483,0.033368,0.027423,0.036586,0.026191,0.302538,0.283531,0.285484,0.270763,0.287669,0.221064,0.218104,0.235865,0.202343,0.213701,0.010715,0.00753599999999999,0.00979799999999997,0.00893999999999995,0.010566,0.259902,0.275515,0.280623,0.271614,0.26209,0.224574,0.223789,0.223448,0.220804,0.219677,0.00297000000000003,0.00292499999999996,0.00316000000000005,0.00347200000000003,0.00319499999999995,0.177042,0.181929,0.181179,0.177633,0.184553,0.352651,0.362478,0.367092,0.352579,0.370731,0.026386,0.024459,0.028262,0.026147,0.029552,0.371342,0.345902,0.355931,0.356213,0.338656,0,0,0,0,0,0.014476,0.015948,0.021379,0.020891,0.016853,0.274488,0.276465,0.288191,0.266795,0.281836,0,0,0,0,0,0.0556680000000001,0.05843,0.060657,0.054712,0.058132,0.356133,0.3078,0.308978,0.330602,0.321279,0,0,0,0,0,0.237464,0.262494,0.24882,0.253993,0.243284,0.323801,0.317012,0.304728,0.304976,0.308401,0,0,0,0,0,0.017711,0.01474,0.017117,0.01363,0.014644,0.455368,0.458939,0.474871,0.451602,0.456302,0.207006,0.198694,0.193002,0.198005,0.203499,0.162154,0.150239,0.149691,0.161148,0.15815,0.24635,0.232231,0.25228,0.245136,0.233206,0,0,0,0,0,2.99999999997524e-06,2.99999999997524e-06,2.99999999997524e-06,2.99999999997524e-06,4.000000000004e-06,0.285471,0.292685,0.278465,0.304805,0.316007,0,0,0,0,0,0.00337600000000005,0.00316700000000003,0.00323300000000004,0.00318700000000005,0.00320600000000004,0.241371,0.267735,0.254955,0.250495,0.250295,0,0,0,0,0,0.013258,0.014132,0.014176,0.014249,0.013818,0.290596,0.311914,0.313436,0.315217,0.28688,0,0,0,0,0,0.010558,0.00949500000000003,0.010625,0.010073,0.0102680000000001,0.057079,0.0677990000000001,0.060097,0.060401,0.0571159999999999,0,0,0,0,0,0.196439,0.168649,0.193411,0.185416,0.168514,0.20723,0.199579,0.20295,0.194047,0.189947,0,0,0,0,0,0.011026,0.010738,0.010037,0.010112,0.011128,0.083556,0.085318,0.077364,0.086937,0.088618,0,0,0,0,0,0.00238700000000003,0.00242100000000001,0.00233799999999995,0.00243800000000005,0.00234299999999998,0.258183,0.267253,0.265135,0.260778,0.253767,0,0,0,0,0,0.00705800000000001,0.00695299999999999,0.00679099999999999,0.00716099999999997,0.00665700000000002,0.335085,0.3305,0.317504,0.320207,0.302139,0,0,0,0,0,0.158127,0.171343,0.171395,0.165594,0.166947,0.205367,0.200786,0.21077,0.187719,0.205044,0,0,0,0,0,0.00476299999999996,0.00483800000000001,0.004749,0.00480999999999998,0.004942
0.587447,0.626848,0.595568,0.59281,0.603353,0.486725,0.473301,0.459801,0.462374,0.470204,0.277662,0.239181,0.252239,0.236721,0.274086,0.539039,0.560341,0.575454,0.551171,0.555503,0.526959,0.508317,0.48834,0.496336,0.507827,0.0561469999999999,0.052625,0.057162,0.058457,0.054076,0.52251,0.505591,0.535816,0.492097,0.51612,0.507655,0.498667,0.505569,0.477775,0.509235,0.127299,0.134095,0.14529,0.145965,0.148249,0.475179,0.512187,0.497091,0.512135,0.512168,0.575898,0.601657,0.572951,0.572767,0.590698,0.0273910000000001,0.021977,0.026154,0.023655,0.029844,0.552806,0.572562,0.533267,0.539473,0.507521,0,0,0,0,0,0.152375,0.135987,0.155714,0.143615,0.149423,0.833878,0.815274,0.845223,0.832417,0.825557,0,0,0,0,0,0.020598,0.023317,0.021934,0.023413,0.023668,0.41454,0.420129,0.407109,0.439521,0.428506,0,0,0,0,0,0.237157,0.216662,0.210702,0.221941,0.230095,0.663075,0.665691,0.704537,0.649944,0.65243,0.553257,0.528852,0.543405,0.554782,0.558387,0.056072,0.05444,0.056806,0.0571199999999999,0.052471,0.632885,0.607653,0.618617,0.602581,0.587098,0.545698,0.556733,0.549229,0.542427,0.557151,0.277834,0.258176,0.276303,0.262847,0.26527,0.592044,0.597972,0.602861,0.60734,0.617858,0.524063,0.532528,0.532003,0.532869,0.517743,0.049023,0.0500660000000001,0.050711,0.05147,0.049763,0.646261,0.66936,0.649577,0.669314,0.665114,0.509724,0.493843,0.493438,0.480431,0.48972,0.311154,0.323784,0.339503,0.327442,0.333237,0.3224,0.313093,0.330012,0.320187,0.321672,0.0325839999999999,0.030958,0.030712,0.030496,0.032491,0,0,0,0,0,0.845452,0.852558,0.843636,0.837079,0.837109,0.661547,0.678565,0.716111,0.68476,0.688287,0.015836,0.0154,0.0155380000000001,0.015931,0.0153,0.885071,0.848898,0.876651,0.892912,0.865445,0.572622,0.542391,0.589787,0.581897,0.600914,0.00179700000000005,0.00176100000000001,0.001807,0.001803,0.001722,0.624562,0.63791,0.660637,0.659195,0.641531,0.686667,0.664485,0.676411,0.684739,0.690856,0.074821,0.0758490000000001,0.07395,0.070369,0.076894,0.454842,0.419148,0.433974,0.437423,0.454277,0.330739,0.349575,0.320898,0.34822,0.340786,0.00682199999999999,0.00623899999999999,0.00664200000000004,0.00725200000000004,0.00670099999999996,0.568553,0.595328,0.578768,0.576677,0.60596,0,0,0,0,0,0.075312,0.067405,0.06724,0.0701079999999999,0.070807,0.451277,0.433786,0.432002,0.432956,0.410278,0.514155,0.534726,0.50729,0.498057,0.531709,0,0,0,0,0,0.417658,0.418917,0.417118,0.446857,0.427311,0.382661,0.372937,0.393385,0.386759,0.401738,0.012146,0.01191,0.011764,0.010915,0.010614,0.744587,0.76041,0.720946,0.738456,0.664505,0.549104,0.538954,0.566738,0.552774,0.521614,0.065881,0.067812,0.064375,0.06424,0.066613,0.405856,0.392363,0.418443,0.4064,0.394313,0.238947,0.245917,0.244052,0.250415,0.257985,0,0,0,0,0,0.504991,0.512563,0.497305,0.485213,0.512875,0.572964,0.544979,0.579475,0.590402,0.57866,0.031802,0.032272,0.029597,0.030702,0.032456
1,1,1,1,1,0,0,0,0,0,0.0698569999999999,0.080981,0.070995,0.076352,0.067951,1,1,1,1,1,0,0,0,0,0,0.00961000000000001,0.0136039999999999,0.00961000000000001,0.011065,0.010479,1,1,1,1,1,0,0,0,0,0,0.103307,0.099895,0.099841,0.0998830000000001,0.100722,1,1,1,1,1,0,0,0,0,0,0.032817,0.036196,0.029842,0.029293,0.035793,1,1,1,1,1,0,0,0,0,0,0.051605,0.055686,0.049482,0.054003,0.04902,1,1,1,1,1,0,0,0,0,0,0.02777,0.0310279999999999,0.034635,0.029836,0.036358,1,1,1,1,1,0,0,0,0,0,0.00248700000000002,0.00224999999999997,0.00199300000000002,0.00288200000000005,0.002162,1,1,1,1,1,0,0,0,0,0,0.036539,0.039183,0.042218,0.04199,0.041635,1,1,1,1,1,0,0,0,0,0,0.069943,0.063272,0.067362,0.061098,0.077887,1,1,1,1,1,0.042878,0.047726,0.049797,0.044661,0.0399040000000001,0.057481,0.059348,0.0656369999999999,0.061434,0.057711,1,1,1,1,1,0,0,0,0,0,0.029778,0.029354,0.0304720000000001,0.030498,0.030254,0.692623,0.681925,0.670084,0.691237,0.696285,0,0,0,0,0,0.117135,0.110993,0.102175,0.108749,0.110546,0.497778,0.50824,0.529584,0.513443,0.509809,0,0,0,0,0,0.024321,0.024707,0.024523,0.021738,0.022308,0.405699,0.402611,0.375898,0.414059,0.422796,0,0,0,0,0,0.066346,0.069123,0.063312,0.066114,0.067244,1,1,1,1,1,0,0,0,0,0,0.0334410000000001,0.0325490000000001,0.029763,0.033157,0.033929,0.300784,0.30035,0.308353,0.314847,0.309708,0,0,0,0,0,0.077418,0.071665,0.0669689999999999,0.070133,0.071711,0.324147,0.311998,0.305615,0.30468,0.326774,0,0,0,0,0,0.199873,0.210979,0.193561,0.186081,0.190157,1,1,1,1,1,0,0,0,0,0,0.113354,0.138033,0.135494,0.128136,0.131916,1,1,1,1,1,0,0,0,0,0,0.014585,0.014284,0.0148470000000001,0.0145189999999999,0.014355,1,1,1,1,1,0,0,0,0,0,0.119266,0.101205,0.089042,0.106441,0.093187,0.723451,0.733483,0.714613,0.72737,0.748491,0,0,0,0,0,0.153644,0.124855,0.147621,0.134369,0.139273,0.353122,0.363038,0.349354,0.370161,0.353484,0,0,0,0,0,0.013836,0.0139590000000001,0.0162060000000001,0.014784,0.016907
0.683457,0.708036,0.687039,0.710569,0.697828,0,0,0,0,0,0.019944,0.019115,0.018575,0.02081,0.019559,0.607298,0.581679,0.57929,0.613152,0.585551,0,0,0,0,0,0.064703,0.066105,0.061927,0.06684,0.065657,0.67989,0.689379,0.69537,0.677443,0.712836,0,0,0,0,0,0.010152,0.00943799999999995,0.009266,0.010022,0.00963199999999997,0.7046,0.655898,0.66784,0.645051,0.667502,0,0,0,0,0,0.032986,0.035641,0.030745,0.031066,0.035523,0.67642,0.669817,0.632795,0.656137,0.686108,0,0,0,0,0,0.161019,0.168451,0.159153,0.168748,0.162713,0.691924,0.672689,0.66975,0.724252,0.659699,0,0,0,0,0,0.065294,0.063576,0.058773,0.060826,0.061632,0.691605,0.732409,0.669727,0.689399,0.681224,0,0,0,0,0,0.059351,0.058289,0.0646409999999999,0.0575560000000001,0.054959,0.698965,0.709537,0.704662,0.663464,0.67881,0,0,0,0,0,0,0,0,0,0,0.693968,0.693238,0.656174,0.677768,0.64521,0,0,0,0,0,0.059427,0.065371,0.06232,0.063771,0.064644,0.661087,0.755218,0.687449,0.645125,0.670659,0.054705,0.057436,0.067886,0.066614,0.06379,0.051024,0.049794,0.047202,0.049114,0.051383,0.686638,0.665601,0.701952,0.697435,0.686775,0,0,0,0,0,0.170108,0.168007,0.17432,0.162127,0.154342,0.389078,0.397625,0.391775,0.389114,0.3846,0,0,0,0,0,0.090076,0.092355,0.091871,0.0894430000000001,0.10126,1,1,1,1,1,0.208802,0.215797,0.208146,0.21942,0.20884,0.04858,0.048473,0.055577,0.052189,0.04732,0.946821,0.95391,0.95127,0.953693,0.964124,0,0,0,0,0,0.00129199999999996,0.001606,0.001386,0.00131199999999998,0.001135,0.425737,0.444737,0.450759,0.427251,0.439904,0.170697,0.171335,0.146056,0.156101,0.161885,0.06072,0.055541,0.061535,0.061349,0.066295,0.638554,0.665805,0.655111,0.65092,0.671086,0,0,0,0,0,0.047137,0.040565,0.0411,0.043405,0.054225,0.698597,0.693202,0.663257,0.702336,0.704227,0.093215,0.100318,0.093729,0.08763,0.103721,0.0358540000000001,0.039798,0.042502,0.045574,0.040776,0.644269,0.68824,0.658498,0.643382,0.617829,0.108713,0.111681,0.124051,0.109486,0.102837,0.016124,0.0158430000000001,0.014985,0.016381,0.016665,0.657149,0.630701,0.659968,0.659822,0.649925,0,0,0,0,0,0.180583,0.193955,0.200259,0.191135,0.180419,0.650555,0.647535,0.660332,0.66469,0.685275,0.098135,0.102724,0.098538,0.095178,0.078754,0.060613,0.0580889999999999,0.0613320000000001,0.058707,0.058327,0.396645,0.401894,0.407971,0.403166,0.420751,0.083831,0.087775,0.082839,0.08425,0.090094,0.0614980000000001,0.055009,0.060676,0.057489,0.050516,0.22768,0.214175,0.207824,0.240585,0.228604,0.066554,0.063208,0.064537,0.0634169999999999,0.059381,0.057252,0.05886,0.062661,0.065106,0.058686
0.902286,0.91411,0.88191,0.912274,0.91707,0,0,0,0,0,0.139892,0.144756,0.156989,0.152103,0.140335,0.597232,0.606413,0.597611,0.592878,0.614283,0,0,0,0,0,0.031203,0.03404,0.031308,0.034567,0.037475,0.857957,0.805489,0.844545,0.851433,0.871074,0,0,0,0,0,0.021717,0.022714,0.020808,0.028136,0.023169,0.844513,0.877991,0.88076,0.867081,0.845635,0,0,0,0,0,0.038649,0.042786,0.042957,0.03411,0.035818,0.876276,0.874846,0.863245,0.887448,0.877907,0,0,0,0,0,0.15726,0.149839,0.158291,0.153347,0.136353,0.887685,0.893537,0.900584,0.914731,0.898933,0,0,0,0,0,0.083045,0.0747679999999999,0.067559,0.069149,0.08113,0.839075,0.861626,0.833729,0.866247,0.886704,0,0,0,0,0,0.037737,0.038174,0.045767,0.044368,0.040195,0.903476,0.888648,0.901113,0.833043,0.927115,0,0,0,0,0,0.00171299999999996,0.00159600000000004,0.00160899999999997,0.00152099999999999,0.00149100000000002,0.793863,0.769008,0.771265,0.754337,0.785964,0,0,0,0,0,0.020932,0.023659,0.023632,0.0218,0.01911,0.897816,0.834007,0.870258,0.854393,0.854112,0,0,0,0,0,0.02512,0.032946,0.024186,0.0301979999999999,0.027712,0.865452,0.879609,0.832251,0.926001,0.884607,0,0,0,0,0,0.057621,0.0553169999999999,0.0555099999999999,0.05774,0.054515,0.397733,0.380372,0.381216,0.404587,0.403639,0,0,0,0,0,0.053038,0.050864,0.061843,0.060854,0.051388,0.788916,0.790789,0.765192,0.755788,0.776152,0.037977,0.037212,0.039018,0.034932,0.034988,0.034122,0.032303,0.036633,0.0318929999999999,0.033961,0.455223,0.447383,0.461277,0.458078,0.455763,0,0,0,0,0,0.00310699999999997,0.00319599999999998,0.00297400000000003,0.00286500000000001,0.00293200000000005,0.275314,0.270516,0.251274,0.271708,0.262109,0,0,0,0,0,0.0307269999999999,0.027163,0.030741,0.0348039999999999,0.0292210000000001,0.420078,0.388236,0.399965,0.391137,0.393351,0,0,0,0,0,0.075008,0.073492,0.078436,0.08466,0.082498,0.30756,0.322186,0.323117,0.329719,0.323433,0,0,0,0,0,0.035425,0.035598,0.031437,0.037408,0.039381,0.864999,0.848288,0.889973,0.887015,0.870544,0,0,0,0,0,0.0157040000000001,0.013943,0.012173,0.011619,0.015408,0.889627,0.870983,0.851599,0.890571,0.890765,0,0,0,0,0,0.00271200000000005,0.002475,0.00240200000000002,0.00220799999999999,0.00265300000000002,0.87075,0.89499,0.88039,0.851943,0.87741,0,0,0,0,0,0.008158,0.00829800000000003,0.00792000000000004,0.00781399999999999,0.00802700000000001,0.402994,0.405241,0.387948,0.392456,0.391361,0,0,0,0,0,0.0424099999999999,0.048171,0.043799,0.050411,0.045139,0.04705,0.043256,0.046346,0.042689,0.045152,0,0,0,0,0,0.022783,0.025633,0.024302,0.025738,0.028177
0.532951,0.520186,0.552712,0.530789,0.530607,0.173206,0.183902,0.170455,0.170178,0.167066,0.130785,0.126984,0.114066,0.124614,0.123331,0.233011,0.238605,0.24812,0.219265,0.232681,0.246791,0.253219,0.263552,0.25817,0.253949,0.0891110000000001,0.083863,0.084352,0.081166,0.076149,0.55607,0.544259,0.544835,0.560397,0.563201,0.196543,0.19958,0.205287,0.204856,0.186137,0.118312,0.119443,0.116392,0.117221,0.123731,0.034725,0.034363,0.039096,0.035879,0.0346340000000001,0.053897,0.055995,0.058589,0.061612,0.049989,0.070573,0.06662,0.073759,0.072052,0.0687680000000001,0.18186,0.195138,0.172637,0.189698,0.176848,0.071063,0.068694,0.068261,0.078765,0.075848,0.129356,0.122665,0.128589,0.124395,0.123505,0.043912,0.046001,0.043463,0.042995,0.046046,0.086156,0.094944,0.079991,0.086958,0.092322,0.0730420000000001,0.079719,0.078966,0.081331,0.074996,0.624725,0.625966,0.641977,0.627789,0.646662,0.231023,0.23545,0.226299,0.226304,0.245177,0.099777,0.090369,0.096606,0.089461,0.103198,0.475611,0.463448,0.460713,0.463672,0.456179,0.186169,0.189827,0.191733,0.201418,0.200671,0.303781,0.312809,0.290275,0.295544,0.314217,0.56277,0.556666,0.518425,0.583631,0.563408,0.410767,0.439533,0.429071,0.417195,0.413024,0.098055,0.101661,0.093001,0.098638,0.105989,0.032849,0.031852,0.040151,0.034819,0.036728,0.066638,0.061546,0.060716,0.0653010000000001,0.065446,0.14423,0.140725,0.1544,0.14462,0.148411,0.486263,0.492834,0.492305,0.493173,0.46352,0.193108,0.185206,0.190481,0.19566,0.191063,0.271751,0.299849,0.259576,0.288856,0.275411,0.616575,0.58783,0.592285,0.593008,0.645331,0.669493,0.648304,0.679516,0.624337,0.660983,0.00347200000000003,0.00404099999999996,0.00530200000000003,0.00404400000000005,0.00391600000000003,0.067113,0.061773,0.063622,0.065644,0.0627490000000001,0.0894779999999999,0.0848719999999999,0.093401,0.094,0.086139,0.254056,0.257087,0.249234,0.247433,0.244638,0.691286,0.684179,0.711682,0.700701,0.653415,0.27557,0.268811,0.285871,0.280714,0.281635,0.045903,0.046052,0.041009,0.042976,0.042215,0.432588,0.436993,0.420212,0.459011,0.442852,0.118476,0.119796,0.113444,0.11622,0.110138,0.000465999999999966,0.000404999999999989,0.000387000000000026,0.000368999999999953,0.000461999999999962,0.441203,0.4014,0.410932,0.416605,0.424331,0.704565,0.703886,0.709342,0.683635,0.682962,0.00513200000000003,0.00500800000000001,0.00496300000000005,0.00512299999999999,0.00501099999999999,0.745896,0.718641,0.739257,0.729876,0.750437,0.694807,0.696047,0.68924,0.726877,0.725591,0.029326,0.032712,0.030668,0.0349080000000001,0.034265,0.648768,0.650744,0.645819,0.646212,0.655728,0.105702,0.10682,0.112957,0.102867,0.10895,0.000870000000000037,0.000824999999999965,0.00086799999999998,0.000842000000000009,0.000875999999999988,0.262946,0.266465,0.273201,0.248461,0.26539,0.450407,0.458305,0.455678,0.444584,0.449625,0.00588,0.00576299999999996,0.00594600000000001,0.00602000000000003,0.00561100000000003,0.518724,0.463595,0.497704,0.503641,0.479571,0.037548,0.039876,0.045857,0.0446,0.045349,0.000902999999999987,0.00104099999999996,0.00103699999999995,0.00101300000000004,0.00100199999999995,0.440593,0.412838,0.435637,0.438066,0.44494,0.701313,0.700727,0.745153,0.742085,0.740682,0,0,0,0,0,0.655839,0.607638,0.661589,0.663024,0.63329,0.098423,0.097782,0.109918,0.109943,0.104488,0.029571,0.0281400000000001,0.0294720000000001,0.027654,0.0262559999999999
