"rand1.CARCHARHINUS.BRACHYURUS_PA1_RUN1_GAM","rand2.CARCHARHINUS.BRACHYURUS_PA1_RUN1_GAM","rand3.CARCHARHINUS.BRACHYURUS_PA1_RUN1_GAM","rand4.CARCHARHINUS.BRACHYURUS_PA1_RUN1_GAM","rand5.CARCHARHINUS.BRACHYURUS_PA1_RUN1_GAM","rand1.CARCHARHINUS.BRACHYURUS_PA1_RUN1_GLM","rand2.CARCHARHINUS.BRACHYURUS_PA1_RUN1_GLM","rand3.CARCHARHINUS.BRACHYURUS_PA1_RUN1_GLM","rand4.CARCHARHINUS.BRACHYURUS_PA1_RUN1_GLM","rand5.CARCHARHINUS.BRACHYURUS_PA1_RUN1_GLM","rand1.CARCHARHINUS.BRACHYURUS_PA1_RUN1_MAXENT.Phillips","rand2.CARCHARHINUS.BRACHYURUS_PA1_RUN1_MAXENT.Phillips","rand3.CARCHARHINUS.BRACHYURUS_PA1_RUN1_MAXENT.Phillips","rand4.CARCHARHINUS.BRACHYURUS_PA1_RUN1_MAXENT.Phillips","rand5.CARCHARHINUS.BRACHYURUS_PA1_RUN1_MAXENT.Phillips","rand1.CARCHARHINUS.BRACHYURUS_PA1_RUN2_GAM","rand2.CARCHARHINUS.BRACHYURUS_PA1_RUN2_GAM","rand3.CARCHARHINUS.BRACHYURUS_PA1_RUN2_GAM","rand4.CARCHARHINUS.BRACHYURUS_PA1_RUN2_GAM","rand5.CARCHARHINUS.BRACHYURUS_PA1_RUN2_GAM","rand1.CARCHARHINUS.BRACHYURUS_PA1_RUN2_GLM","rand2.CARCHARHINUS.BRACHYURUS_PA1_RUN2_GLM","rand3.CARCHARHINUS.BRACHYURUS_PA1_RUN2_GLM","rand4.CARCHARHINUS.BRACHYURUS_PA1_RUN2_GLM","rand5.CARCHARHINUS.BRACHYURUS_PA1_RUN2_GLM","rand1.CARCHARHINUS.BRACHYURUS_PA1_RUN2_MAXENT.Phillips","rand2.CARCHARHINUS.BRACHYURUS_PA1_RUN2_MAXENT.Phillips","rand3.CARCHARHINUS.BRACHYURUS_PA1_RUN2_MAXENT.Phillips","rand4.CARCHARHINUS.BRACHYURUS_PA1_RUN2_MAXENT.Phillips","rand5.CARCHARHINUS.BRACHYURUS_PA1_RUN2_MAXENT.Phillips","rand1.CARCHARHINUS.BRACHYURUS_PA1_RUN3_GAM","rand2.CARCHARHINUS.BRACHYURUS_PA1_RUN3_GAM","rand3.CARCHARHINUS.BRACHYURUS_PA1_RUN3_GAM","rand4.CARCHARHINUS.BRACHYURUS_PA1_RUN3_GAM","rand5.CARCHARHINUS.BRACHYURUS_PA1_RUN3_GAM","rand1.CARCHARHINUS.BRACHYURUS_PA1_RUN3_GLM","rand2.CARCHARHINUS.BRACHYURUS_PA1_RUN3_GLM","rand3.CARCHARHINUS.BRACHYURUS_PA1_RUN3_GLM","rand4.CARCHARHINUS.BRACHYURUS_PA1_RUN3_GLM","rand5.CARCHARHINUS.BRACHYURUS_PA1_RUN3_GLM","rand1.CARCHARHINUS.BRACHYURUS_PA1_RUN3_MAXENT.Phillips","rand2.CARCHARHINUS.BRACHYURUS_PA1_RUN3_MAXENT.Phillips","rand3.CARCHARHINUS.BRACHYURUS_PA1_RUN3_MAXENT.Phillips","rand4.CARCHARHINUS.BRACHYURUS_PA1_RUN3_MAXENT.Phillips","rand5.CARCHARHINUS.BRACHYURUS_PA1_RUN3_MAXENT.Phillips","rand1.CARCHARHINUS.BRACHYURUS_PA1_RUN4_GAM","rand2.CARCHARHINUS.BRACHYURUS_PA1_RUN4_GAM","rand3.CARCHARHINUS.BRACHYURUS_PA1_RUN4_GAM","rand4.CARCHARHINUS.BRACHYURUS_PA1_RUN4_GAM","rand5.CARCHARHINUS.BRACHYURUS_PA1_RUN4_GAM","rand1.CARCHARHINUS.BRACHYURUS_PA1_RUN4_GLM","rand2.CARCHARHINUS.BRACHYURUS_PA1_RUN4_GLM","rand3.CARCHARHINUS.BRACHYURUS_PA1_RUN4_GLM","rand4.CARCHARHINUS.BRACHYURUS_PA1_RUN4_GLM","rand5.CARCHARHINUS.BRACHYURUS_PA1_RUN4_GLM","rand1.CARCHARHINUS.BRACHYURUS_PA1_RUN4_MAXENT.Phillips","rand2.CARCHARHINUS.BRACHYURUS_PA1_RUN4_MAXENT.Phillips","rand3.CARCHARHINUS.BRACHYURUS_PA1_RUN4_MAXENT.Phillips","rand4.CARCHARHINUS.BRACHYURUS_PA1_RUN4_MAXENT.Phillips","rand5.CARCHARHINUS.BRACHYURUS_PA1_RUN4_MAXENT.Phillips","rand1.CARCHARHINUS.BRACHYURUS_PA1_RUN5_GAM","rand2.CARCHARHINUS.BRACHYURUS_PA1_RUN5_GAM","rand3.CARCHARHINUS.BRACHYURUS_PA1_RUN5_GAM","rand4.CARCHARHINUS.BRACHYURUS_PA1_RUN5_GAM","rand5.CARCHARHINUS.BRACHYURUS_PA1_RUN5_GAM","rand1.CARCHARHINUS.BRACHYURUS_PA1_RUN5_GLM","rand2.CARCHARHINUS.BRACHYURUS_PA1_RUN5_GLM","rand3.CARCHARHINUS.BRACHYURUS_PA1_RUN5_GLM","rand4.CARCHARHINUS.BRACHYURUS_PA1_RUN5_GLM","rand5.CARCHARHINUS.BRACHYURUS_PA1_RUN5_GLM","rand1.CARCHARHINUS.BRACHYURUS_PA1_RUN5_MAXENT.Phillips","rand2.CARCHARHINUS.BRACHYURUS_PA1_RUN5_MAXENT.Phillips","rand3.CARCHARHINUS.BRACHYURUS_PA1_RUN5_MAXENT.Phillips","rand4.CARCHARHINUS.BRACHYURUS_PA1_RUN5_MAXENT.Phillips","rand5.CARCHARHINUS.BRACHYURUS_PA1_RUN5_MAXENT.Phillips","rand1.CARCHARHINUS.BRACHYURUS_PA1_RUN6_GAM","rand2.CARCHARHINUS.BRACHYURUS_PA1_RUN6_GAM","rand3.CARCHARHINUS.BRACHYURUS_PA1_RUN6_GAM","rand4.CARCHARHINUS.BRACHYURUS_PA1_RUN6_GAM","rand5.CARCHARHINUS.BRACHYURUS_PA1_RUN6_GAM","rand1.CARCHARHINUS.BRACHYURUS_PA1_RUN6_GLM","rand2.CARCHARHINUS.BRACHYURUS_PA1_RUN6_GLM","rand3.CARCHARHINUS.BRACHYURUS_PA1_RUN6_GLM","rand4.CARCHARHINUS.BRACHYURUS_PA1_RUN6_GLM","rand5.CARCHARHINUS.BRACHYURUS_PA1_RUN6_GLM","rand1.CARCHARHINUS.BRACHYURUS_PA1_RUN6_MAXENT.Phillips","rand2.CARCHARHINUS.BRACHYURUS_PA1_RUN6_MAXENT.Phillips","rand3.CARCHARHINUS.BRACHYURUS_PA1_RUN6_MAXENT.Phillips","rand4.CARCHARHINUS.BRACHYURUS_PA1_RUN6_MAXENT.Phillips","rand5.CARCHARHINUS.BRACHYURUS_PA1_RUN6_MAXENT.Phillips","rand1.CARCHARHINUS.BRACHYURUS_PA1_RUN7_GAM","rand2.CARCHARHINUS.BRACHYURUS_PA1_RUN7_GAM","rand3.CARCHARHINUS.BRACHYURUS_PA1_RUN7_GAM","rand4.CARCHARHINUS.BRACHYURUS_PA1_RUN7_GAM","rand5.CARCHARHINUS.BRACHYURUS_PA1_RUN7_GAM","rand1.CARCHARHINUS.BRACHYURUS_PA1_RUN7_GLM","rand2.CARCHARHINUS.BRACHYURUS_PA1_RUN7_GLM","rand3.CARCHARHINUS.BRACHYURUS_PA1_RUN7_GLM","rand4.CARCHARHINUS.BRACHYURUS_PA1_RUN7_GLM","rand5.CARCHARHINUS.BRACHYURUS_PA1_RUN7_GLM","rand1.CARCHARHINUS.BRACHYURUS_PA1_RUN7_MAXENT.Phillips","rand2.CARCHARHINUS.BRACHYURUS_PA1_RUN7_MAXENT.Phillips","rand3.CARCHARHINUS.BRACHYURUS_PA1_RUN7_MAXENT.Phillips","rand4.CARCHARHINUS.BRACHYURUS_PA1_RUN7_MAXENT.Phillips","rand5.CARCHARHINUS.BRACHYURUS_PA1_RUN7_MAXENT.Phillips","rand1.CARCHARHINUS.BRACHYURUS_PA1_RUN8_GAM","rand2.CARCHARHINUS.BRACHYURUS_PA1_RUN8_GAM","rand3.CARCHARHINUS.BRACHYURUS_PA1_RUN8_GAM","rand4.CARCHARHINUS.BRACHYURUS_PA1_RUN8_GAM","rand5.CARCHARHINUS.BRACHYURUS_PA1_RUN8_GAM","rand1.CARCHARHINUS.BRACHYURUS_PA1_RUN8_GLM","rand2.CARCHARHINUS.BRACHYURUS_PA1_RUN8_GLM","rand3.CARCHARHINUS.BRACHYURUS_PA1_RUN8_GLM","rand4.CARCHARHINUS.BRACHYURUS_PA1_RUN8_GLM","rand5.CARCHARHINUS.BRACHYURUS_PA1_RUN8_GLM","rand1.CARCHARHINUS.BRACHYURUS_PA1_RUN8_MAXENT.Phillips","rand2.CARCHARHINUS.BRACHYURUS_PA1_RUN8_MAXENT.Phillips","rand3.CARCHARHINUS.BRACHYURUS_PA1_RUN8_MAXENT.Phillips","rand4.CARCHARHINUS.BRACHYURUS_PA1_RUN8_MAXENT.Phillips","rand5.CARCHARHINUS.BRACHYURUS_PA1_RUN8_MAXENT.Phillips","rand1.CARCHARHINUS.BRACHYURUS_PA1_RUN9_GAM","rand2.CARCHARHINUS.BRACHYURUS_PA1_RUN9_GAM","rand3.CARCHARHINUS.BRACHYURUS_PA1_RUN9_GAM","rand4.CARCHARHINUS.BRACHYURUS_PA1_RUN9_GAM","rand5.CARCHARHINUS.BRACHYURUS_PA1_RUN9_GAM","rand1.CARCHARHINUS.BRACHYURUS_PA1_RUN9_GLM","rand2.CARCHARHINUS.BRACHYURUS_PA1_RUN9_GLM","rand3.CARCHARHINUS.BRACHYURUS_PA1_RUN9_GLM","rand4.CARCHARHINUS.BRACHYURUS_PA1_RUN9_GLM","rand5.CARCHARHINUS.BRACHYURUS_PA1_RUN9_GLM","rand1.CARCHARHINUS.BRACHYURUS_PA1_RUN9_MAXENT.Phillips","rand2.CARCHARHINUS.BRACHYURUS_PA1_RUN9_MAXENT.Phillips","rand3.CARCHARHINUS.BRACHYURUS_PA1_RUN9_MAXENT.Phillips","rand4.CARCHARHINUS.BRACHYURUS_PA1_RUN9_MAXENT.Phillips","rand5.CARCHARHINUS.BRACHYURUS_PA1_RUN9_MAXENT.Phillips","rand1.CARCHARHINUS.BRACHYURUS_PA1_RUN10_GAM","rand2.CARCHARHINUS.BRACHYURUS_PA1_RUN10_GAM","rand3.CARCHARHINUS.BRACHYURUS_PA1_RUN10_GAM","rand4.CARCHARHINUS.BRACHYURUS_PA1_RUN10_GAM","rand5.CARCHARHINUS.BRACHYURUS_PA1_RUN10_GAM","rand1.CARCHARHINUS.BRACHYURUS_PA1_RUN10_GLM","rand2.CARCHARHINUS.BRACHYURUS_PA1_RUN10_GLM","rand3.CARCHARHINUS.BRACHYURUS_PA1_RUN10_GLM","rand4.CARCHARHINUS.BRACHYURUS_PA1_RUN10_GLM","rand5.CARCHARHINUS.BRACHYURUS_PA1_RUN10_GLM","rand1.CARCHARHINUS.BRACHYURUS_PA1_RUN10_MAXENT.Phillips","rand2.CARCHARHINUS.BRACHYURUS_PA1_RUN10_MAXENT.Phillips","rand3.CARCHARHINUS.BRACHYURUS_PA1_RUN10_MAXENT.Phillips","rand4.CARCHARHINUS.BRACHYURUS_PA1_RUN10_MAXENT.Phillips","rand5.CARCHARHINUS.BRACHYURUS_PA1_RUN10_MAXENT.Phillips","rand1.CARCHARHINUS.BRACHYURUS_PA1_Full_GAM","rand2.CARCHARHINUS.BRACHYURUS_PA1_Full_GAM","rand3.CARCHARHINUS.BRACHYURUS_PA1_Full_GAM","rand4.CARCHARHINUS.BRACHYURUS_PA1_Full_GAM","rand5.CARCHARHINUS.BRACHYURUS_PA1_Full_GAM","rand1.CARCHARHINUS.BRACHYURUS_PA1_Full_GLM","rand2.CARCHARHINUS.BRACHYURUS_PA1_Full_GLM","rand3.CARCHARHINUS.BRACHYURUS_PA1_Full_GLM","rand4.CARCHARHINUS.BRACHYURUS_PA1_Full_GLM","rand5.CARCHARHINUS.BRACHYURUS_PA1_Full_GLM","rand1.CARCHARHINUS.BRACHYURUS_PA1_Full_MAXENT.Phillips","rand2.CARCHARHINUS.BRACHYURUS_PA1_Full_MAXENT.Phillips","rand3.CARCHARHINUS.BRACHYURUS_PA1_Full_MAXENT.Phillips","rand4.CARCHARHINUS.BRACHYURUS_PA1_Full_MAXENT.Phillips","rand5.CARCHARHINUS.BRACHYURUS_PA1_Full_MAXENT.Phillips","rand1.CARCHARHINUS.BRACHYURUS_PA2_RUN1_GAM","rand2.CARCHARHINUS.BRACHYURUS_PA2_RUN1_GAM","rand3.CARCHARHINUS.BRACHYURUS_PA2_RUN1_GAM","rand4.CARCHARHINUS.BRACHYURUS_PA2_RUN1_GAM","rand5.CARCHARHINUS.BRACHYURUS_PA2_RUN1_GAM","rand1.CARCHARHINUS.BRACHYURUS_PA2_RUN1_GLM","rand2.CARCHARHINUS.BRACHYURUS_PA2_RUN1_GLM","rand3.CARCHARHINUS.BRACHYURUS_PA2_RUN1_GLM","rand4.CARCHARHINUS.BRACHYURUS_PA2_RUN1_GLM","rand5.CARCHARHINUS.BRACHYURUS_PA2_RUN1_GLM","rand1.CARCHARHINUS.BRACHYURUS_PA2_RUN1_MAXENT.Phillips","rand2.CARCHARHINUS.BRACHYURUS_PA2_RUN1_MAXENT.Phillips","rand3.CARCHARHINUS.BRACHYURUS_PA2_RUN1_MAXENT.Phillips","rand4.CARCHARHINUS.BRACHYURUS_PA2_RUN1_MAXENT.Phillips","rand5.CARCHARHINUS.BRACHYURUS_PA2_RUN1_MAXENT.Phillips","rand1.CARCHARHINUS.BRACHYURUS_PA2_RUN2_GAM","rand2.CARCHARHINUS.BRACHYURUS_PA2_RUN2_GAM","rand3.CARCHARHINUS.BRACHYURUS_PA2_RUN2_GAM","rand4.CARCHARHINUS.BRACHYURUS_PA2_RUN2_GAM","rand5.CARCHARHINUS.BRACHYURUS_PA2_RUN2_GAM","rand1.CARCHARHINUS.BRACHYURUS_PA2_RUN2_GLM","rand2.CARCHARHINUS.BRACHYURUS_PA2_RUN2_GLM","rand3.CARCHARHINUS.BRACHYURUS_PA2_RUN2_GLM","rand4.CARCHARHINUS.BRACHYURUS_PA2_RUN2_GLM","rand5.CARCHARHINUS.BRACHYURUS_PA2_RUN2_GLM","rand1.CARCHARHINUS.BRACHYURUS_PA2_RUN2_MAXENT.Phillips","rand2.CARCHARHINUS.BRACHYURUS_PA2_RUN2_MAXENT.Phillips","rand3.CARCHARHINUS.BRACHYURUS_PA2_RUN2_MAXENT.Phillips","rand4.CARCHARHINUS.BRACHYURUS_PA2_RUN2_MAXENT.Phillips","rand5.CARCHARHINUS.BRACHYURUS_PA2_RUN2_MAXENT.Phillips","rand1.CARCHARHINUS.BRACHYURUS_PA2_RUN3_GAM","rand2.CARCHARHINUS.BRACHYURUS_PA2_RUN3_GAM","rand3.CARCHARHINUS.BRACHYURUS_PA2_RUN3_GAM","rand4.CARCHARHINUS.BRACHYURUS_PA2_RUN3_GAM","rand5.CARCHARHINUS.BRACHYURUS_PA2_RUN3_GAM","rand1.CARCHARHINUS.BRACHYURUS_PA2_RUN3_GLM","rand2.CARCHARHINUS.BRACHYURUS_PA2_RUN3_GLM","rand3.CARCHARHINUS.BRACHYURUS_PA2_RUN3_GLM","rand4.CARCHARHINUS.BRACHYURUS_PA2_RUN3_GLM","rand5.CARCHARHINUS.BRACHYURUS_PA2_RUN3_GLM","rand1.CARCHARHINUS.BRACHYURUS_PA2_RUN3_MAXENT.Phillips","rand2.CARCHARHINUS.BRACHYURUS_PA2_RUN3_MAXENT.Phillips","rand3.CARCHARHINUS.BRACHYURUS_PA2_RUN3_MAXENT.Phillips","rand4.CARCHARHINUS.BRACHYURUS_PA2_RUN3_MAXENT.Phillips","rand5.CARCHARHINUS.BRACHYURUS_PA2_RUN3_MAXENT.Phillips","rand1.CARCHARHINUS.BRACHYURUS_PA2_RUN4_GAM","rand2.CARCHARHINUS.BRACHYURUS_PA2_RUN4_GAM","rand3.CARCHARHINUS.BRACHYURUS_PA2_RUN4_GAM","rand4.CARCHARHINUS.BRACHYURUS_PA2_RUN4_GAM","rand5.CARCHARHINUS.BRACHYURUS_PA2_RUN4_GAM","rand1.CARCHARHINUS.BRACHYURUS_PA2_RUN4_GLM","rand2.CARCHARHINUS.BRACHYURUS_PA2_RUN4_GLM","rand3.CARCHARHINUS.BRACHYURUS_PA2_RUN4_GLM","rand4.CARCHARHINUS.BRACHYURUS_PA2_RUN4_GLM","rand5.CARCHARHINUS.BRACHYURUS_PA2_RUN4_GLM","rand1.CARCHARHINUS.BRACHYURUS_PA2_RUN4_MAXENT.Phillips","rand2.CARCHARHINUS.BRACHYURUS_PA2_RUN4_MAXENT.Phillips","rand3.CARCHARHINUS.BRACHYURUS_PA2_RUN4_MAXENT.Phillips","rand4.CARCHARHINUS.BRACHYURUS_PA2_RUN4_MAXENT.Phillips","rand5.CARCHARHINUS.BRACHYURUS_PA2_RUN4_MAXENT.Phillips","rand1.CARCHARHINUS.BRACHYURUS_PA2_RUN5_GAM","rand2.CARCHARHINUS.BRACHYURUS_PA2_RUN5_GAM","rand3.CARCHARHINUS.BRACHYURUS_PA2_RUN5_GAM","rand4.CARCHARHINUS.BRACHYURUS_PA2_RUN5_GAM","rand5.CARCHARHINUS.BRACHYURUS_PA2_RUN5_GAM","rand1.CARCHARHINUS.BRACHYURUS_PA2_RUN5_GLM","rand2.CARCHARHINUS.BRACHYURUS_PA2_RUN5_GLM","rand3.CARCHARHINUS.BRACHYURUS_PA2_RUN5_GLM","rand4.CARCHARHINUS.BRACHYURUS_PA2_RUN5_GLM","rand5.CARCHARHINUS.BRACHYURUS_PA2_RUN5_GLM","rand1.CARCHARHINUS.BRACHYURUS_PA2_RUN5_MAXENT.Phillips","rand2.CARCHARHINUS.BRACHYURUS_PA2_RUN5_MAXENT.Phillips","rand3.CARCHARHINUS.BRACHYURUS_PA2_RUN5_MAXENT.Phillips","rand4.CARCHARHINUS.BRACHYURUS_PA2_RUN5_MAXENT.Phillips","rand5.CARCHARHINUS.BRACHYURUS_PA2_RUN5_MAXENT.Phillips","rand1.CARCHARHINUS.BRACHYURUS_PA2_RUN6_GAM","rand2.CARCHARHINUS.BRACHYURUS_PA2_RUN6_GAM","rand3.CARCHARHINUS.BRACHYURUS_PA2_RUN6_GAM","rand4.CARCHARHINUS.BRACHYURUS_PA2_RUN6_GAM","rand5.CARCHARHINUS.BRACHYURUS_PA2_RUN6_GAM","rand1.CARCHARHINUS.BRACHYURUS_PA2_RUN6_GLM","rand2.CARCHARHINUS.BRACHYURUS_PA2_RUN6_GLM","rand3.CARCHARHINUS.BRACHYURUS_PA2_RUN6_GLM","rand4.CARCHARHINUS.BRACHYURUS_PA2_RUN6_GLM","rand5.CARCHARHINUS.BRACHYURUS_PA2_RUN6_GLM","rand1.CARCHARHINUS.BRACHYURUS_PA2_RUN6_MAXENT.Phillips","rand2.CARCHARHINUS.BRACHYURUS_PA2_RUN6_MAXENT.Phillips","rand3.CARCHARHINUS.BRACHYURUS_PA2_RUN6_MAXENT.Phillips","rand4.CARCHARHINUS.BRACHYURUS_PA2_RUN6_MAXENT.Phillips","rand5.CARCHARHINUS.BRACHYURUS_PA2_RUN6_MAXENT.Phillips","rand1.CARCHARHINUS.BRACHYURUS_PA2_RUN7_GAM","rand2.CARCHARHINUS.BRACHYURUS_PA2_RUN7_GAM","rand3.CARCHARHINUS.BRACHYURUS_PA2_RUN7_GAM","rand4.CARCHARHINUS.BRACHYURUS_PA2_RUN7_GAM","rand5.CARCHARHINUS.BRACHYURUS_PA2_RUN7_GAM","rand1.CARCHARHINUS.BRACHYURUS_PA2_RUN7_GLM","rand2.CARCHARHINUS.BRACHYURUS_PA2_RUN7_GLM","rand3.CARCHARHINUS.BRACHYURUS_PA2_RUN7_GLM","rand4.CARCHARHINUS.BRACHYURUS_PA2_RUN7_GLM","rand5.CARCHARHINUS.BRACHYURUS_PA2_RUN7_GLM","rand1.CARCHARHINUS.BRACHYURUS_PA2_RUN7_MAXENT.Phillips","rand2.CARCHARHINUS.BRACHYURUS_PA2_RUN7_MAXENT.Phillips","rand3.CARCHARHINUS.BRACHYURUS_PA2_RUN7_MAXENT.Phillips","rand4.CARCHARHINUS.BRACHYURUS_PA2_RUN7_MAXENT.Phillips","rand5.CARCHARHINUS.BRACHYURUS_PA2_RUN7_MAXENT.Phillips","rand1.CARCHARHINUS.BRACHYURUS_PA2_RUN8_GAM","rand2.CARCHARHINUS.BRACHYURUS_PA2_RUN8_GAM","rand3.CARCHARHINUS.BRACHYURUS_PA2_RUN8_GAM","rand4.CARCHARHINUS.BRACHYURUS_PA2_RUN8_GAM","rand5.CARCHARHINUS.BRACHYURUS_PA2_RUN8_GAM","rand1.CARCHARHINUS.BRACHYURUS_PA2_RUN8_GLM","rand2.CARCHARHINUS.BRACHYURUS_PA2_RUN8_GLM","rand3.CARCHARHINUS.BRACHYURUS_PA2_RUN8_GLM","rand4.CARCHARHINUS.BRACHYURUS_PA2_RUN8_GLM","rand5.CARCHARHINUS.BRACHYURUS_PA2_RUN8_GLM","rand1.CARCHARHINUS.BRACHYURUS_PA2_RUN8_MAXENT.Phillips","rand2.CARCHARHINUS.BRACHYURUS_PA2_RUN8_MAXENT.Phillips","rand3.CARCHARHINUS.BRACHYURUS_PA2_RUN8_MAXENT.Phillips","rand4.CARCHARHINUS.BRACHYURUS_PA2_RUN8_MAXENT.Phillips","rand5.CARCHARHINUS.BRACHYURUS_PA2_RUN8_MAXENT.Phillips","rand1.CARCHARHINUS.BRACHYURUS_PA2_RUN9_GAM","rand2.CARCHARHINUS.BRACHYURUS_PA2_RUN9_GAM","rand3.CARCHARHINUS.BRACHYURUS_PA2_RUN9_GAM","rand4.CARCHARHINUS.BRACHYURUS_PA2_RUN9_GAM","rand5.CARCHARHINUS.BRACHYURUS_PA2_RUN9_GAM","rand1.CARCHARHINUS.BRACHYURUS_PA2_RUN9_GLM","rand2.CARCHARHINUS.BRACHYURUS_PA2_RUN9_GLM","rand3.CARCHARHINUS.BRACHYURUS_PA2_RUN9_GLM","rand4.CARCHARHINUS.BRACHYURUS_PA2_RUN9_GLM","rand5.CARCHARHINUS.BRACHYURUS_PA2_RUN9_GLM","rand1.CARCHARHINUS.BRACHYURUS_PA2_RUN9_MAXENT.Phillips","rand2.CARCHARHINUS.BRACHYURUS_PA2_RUN9_MAXENT.Phillips","rand3.CARCHARHINUS.BRACHYURUS_PA2_RUN9_MAXENT.Phillips","rand4.CARCHARHINUS.BRACHYURUS_PA2_RUN9_MAXENT.Phillips","rand5.CARCHARHINUS.BRACHYURUS_PA2_RUN9_MAXENT.Phillips","rand1.CARCHARHINUS.BRACHYURUS_PA2_RUN10_GAM","rand2.CARCHARHINUS.BRACHYURUS_PA2_RUN10_GAM","rand3.CARCHARHINUS.BRACHYURUS_PA2_RUN10_GAM","rand4.CARCHARHINUS.BRACHYURUS_PA2_RUN10_GAM","rand5.CARCHARHINUS.BRACHYURUS_PA2_RUN10_GAM","rand1.CARCHARHINUS.BRACHYURUS_PA2_RUN10_GLM","rand2.CARCHARHINUS.BRACHYURUS_PA2_RUN10_GLM","rand3.CARCHARHINUS.BRACHYURUS_PA2_RUN10_GLM","rand4.CARCHARHINUS.BRACHYURUS_PA2_RUN10_GLM","rand5.CARCHARHINUS.BRACHYURUS_PA2_RUN10_GLM","rand1.CARCHARHINUS.BRACHYURUS_PA2_RUN10_MAXENT.Phillips","rand2.CARCHARHINUS.BRACHYURUS_PA2_RUN10_MAXENT.Phillips","rand3.CARCHARHINUS.BRACHYURUS_PA2_RUN10_MAXENT.Phillips","rand4.CARCHARHINUS.BRACHYURUS_PA2_RUN10_MAXENT.Phillips","rand5.CARCHARHINUS.BRACHYURUS_PA2_RUN10_MAXENT.Phillips","rand1.CARCHARHINUS.BRACHYURUS_PA2_Full_GAM","rand2.CARCHARHINUS.BRACHYURUS_PA2_Full_GAM","rand3.CARCHARHINUS.BRACHYURUS_PA2_Full_GAM","rand4.CARCHARHINUS.BRACHYURUS_PA2_Full_GAM","rand5.CARCHARHINUS.BRACHYURUS_PA2_Full_GAM","rand1.CARCHARHINUS.BRACHYURUS_PA2_Full_GLM","rand2.CARCHARHINUS.BRACHYURUS_PA2_Full_GLM","rand3.CARCHARHINUS.BRACHYURUS_PA2_Full_GLM","rand4.CARCHARHINUS.BRACHYURUS_PA2_Full_GLM","rand5.CARCHARHINUS.BRACHYURUS_PA2_Full_GLM","rand1.CARCHARHINUS.BRACHYURUS_PA2_Full_MAXENT.Phillips","rand2.CARCHARHINUS.BRACHYURUS_PA2_Full_MAXENT.Phillips","rand3.CARCHARHINUS.BRACHYURUS_PA2_Full_MAXENT.Phillips","rand4.CARCHARHINUS.BRACHYURUS_PA2_Full_MAXENT.Phillips","rand5.CARCHARHINUS.BRACHYURUS_PA2_Full_MAXENT.Phillips"
0.387614,0.42034,0.419665,0.414177,0.403993,0.632531,0.558358,0.618001,0.611882,0.604519,0.726271,0.698853,0.68221,0.722878,0.739562,0.5427,0.50987,0.545635,0.49889,0.509398,0.728388,0.697558,0.787555,0.721847,0.73253,0.668589,0.68604,0.704764,0.67025,0.68523,0.287313,0.278852,0.299084,0.291281,0.295041,0.569132,0.504073,0.621494,0.564396,0.548001,0.506049,0.512067,0.514599,0.537657,0.52736,0.221538,0.210534,0.210978,0.211048,0.193277,0.707002,0.745156,0.69897,0.759464,0.709633,0.77038,0.74963,0.758218,0.75889,0.746994,0.731899,0.720508,0.774163,0.73561,0.75637,0.630495,0.661102,0.626447,0.660942,0.630737,0.855436,0.841184,0.79062,0.835554,0.790343,0.526222,0.478828,0.506404,0.515145,0.50097,0.754648,0.725395,0.77872,0.729813,0.72925,0.535413,0.510364,0.543304,0.555927,0.593661,0.659638,0.609928,0.568001,0.696167,0.715014,0.698279,0.685127,0.720148,0.696245,0.692361,0.818564,0.841896,0.866952,0.847546,0.761599,0.627262,0.666124,0.622266,0.618058,0.666568,0.758937,0.772113,0.79613,0.809754,0.803991,0.812211,0.755861,0.831232,0.849493,0.787257,0.058633,0.059814,0.058028,0.060676,0.0559770000000001,0.645115,0.633768,0.606355,0.62615,0.63267,0.627405,0.569171,0.647015,0.569304,0.592756,0.323501,0.325808,0.329719,0.346744,0.342924,0.426845,0.468709,0.494762,0.444174,0.447153,0.697627,0.672437,0.636417,0.697348,0.691317,0.514754,0.471959,0.504444,0.474,0.501371,0.691953,0.653308,0.685701,0.683419,0.711667,0.52037,0.546998,0.561573,0.533896,0.524009,0.41815,0.394533,0.410732,0.384793,0.394682,0.478509,0.421224,0.46409,0.501578,0.496991,0.539319,0.558321,0.594053,0.592213,0.563169,0.336193,0.35407,0.328486,0.33012,0.321688,0.518147,0.548538,0.507475,0.507644,0.518235,0.661482,0.711833,0.715026,0.691973,0.681842,0.375544,0.396073,0.364995,0.401546,0.382578,0.562053,0.560107,0.598474,0.48676,0.553968,0.648309,0.617832,0.583022,0.578109,0.647049,0.594766,0.572982,0.587178,0.54952,0.644681,0.573507,0.571251,0.594992,0.555401,0.574463,0.545215,0.596329,0.62629,0.597378,0.586405,0.351099,0.345292,0.324507,0.326598,0.33904,0.719568,0.716307,0.715403,0.707285,0.707365,0.648666,0.646252,0.599486,0.657811,0.583465,0.566335,0.575734,0.48239,0.546819,0.560862,0.678748,0.645181,0.656323,0.652448,0.640508,0.513586,0.519988,0.557977,0.500947,0.499053,0.00871200000000005,0.00746199999999997,0.00781600000000005,0.00850600000000001,0.00897999999999999,0.589845,0.585317,0.623544,0.589113,0.643252,0.583976,0.604326,0.580513,0.590989,0.624782,0.426098,0.428368,0.43595,0.437779,0.421988,0.678822,0.653845,0.752345,0.684661,0.712442,0.567906,0.600313,0.623545,0.536891,0.578012,0.329736,0.317478,0.321619,0.327003,0.332156,0.492599,0.524848,0.47557,0.485596,0.416766,0.533841,0.506387,0.511358,0.504634,0.544739,0.71866,0.711611,0.717989,0.746889,0.760034,0.690841,0.682398,0.663176,0.702677,0.707465,0.701821,0.636398,0.731273,0.687312,0.766444,0.0243409999999999,0.026886,0.019536,0.0274529999999999,0.020136,0.670101,0.664881,0.670548,0.702767,0.680397,0.568014,0.628974,0.527756,0.560404,0.605813
0.49117,0.475973,0.453251,0.532316,0.504934,0,0,0,0,0,0.144518,0.15663,0.169897,0.155756,0.141994,0.00171600000000005,0.00178699999999998,0.00164699999999995,0.00165300000000002,0.00199400000000005,0,0,0,0,0,0.102036,0.087423,0.093659,0.087768,0.085709,0.218376,0.235505,0.213828,0.219926,0.226775,0,0,0,0,0,0.074726,0.067557,0.069769,0.071729,0.073901,0.313006,0.298377,0.322315,0.327944,0.31641,0.016684,0.017323,0.017272,0.01706,0.016502,0.002058,0.00299300000000002,0.00199300000000002,0.002,0.00232500000000002,0.11005,0.118022,0.109882,0.124416,0.114507,0,0,0,0,0,0.163713,0.101712,0.167396,0.113293,0.127055,0.508927,0.528819,0.517871,0.539904,0.500129,0,0,0,0,0,0.227625,0.207274,0.227943,0.234652,0.236551,0.0123259999999999,0.012388,0.013428,0.013782,0.015698,0,0,0,0,0,0.079234,0.089679,0.116792,0.090578,0.102643,0.137276,0.127372,0.121962,0.137827,0.132741,0.015022,0.016519,0.01591,0.016602,0.016392,1.99999999994649e-06,1.99999999994649e-06,1.99999999994649e-06,1.99999999994649e-06,1.99999999994649e-06,0.486706,0.437587,0.46815,0.450724,0.460169,0,0,0,0,0,0.00315600000000005,0.00438700000000003,0.00329299999999999,0.00400500000000004,0.00367399999999996,0.00233899999999998,0.00226099999999996,0.00214499999999995,0.00204899999999997,0.00200400000000001,0.043283,0.041436,0.038173,0.0432630000000001,0.045852,0.00217599999999996,0.003162,0.00300900000000004,0.00268999999999997,0.00299700000000003,0.00912900000000005,0.00899700000000003,0.00814499999999996,0.007355,0.00808399999999998,0,0,0,0,0,0.085452,0.096924,0.089349,0.087801,0.095433,0.634306,0.630814,0.598853,0.596749,0.660622,0,0,0,0,0,0,0,0,0,0,0.74703,0.697096,0.697812,0.716796,0.68111,0.091898,0.092572,0.100538,0.094635,0.0988289999999999,0.215735,0.157415,0.17543,0.171832,0.203699,0.770403,0.762901,0.641807,0.749584,0.72865,0.106014,0.10506,0.104815,0.0933040000000001,0.102821,0.172743,0.169616,0.149545,0.164296,0.161207,0.794887,0.78226,0.778407,0.850095,0.777947,0,0,0,0,0,0.147533,0.145373,0.147576,0.122775,0.118142,0.409957,0.397522,0.415491,0.384131,0.379701,0.0301940000000001,0.02993,0.030713,0.028185,0.028166,0,0,0,0,0,0.665305,0.681433,0.736642,0.7525,0.679844,0.265882,0.268616,0.313907,0.258865,0.306499,0.192172,0.159127,0.179046,0.147163,0.184523,0.693735,0.734822,0.700725,0.663721,0.704361,0.045922,0.052723,0.051318,0.0480699999999999,0.047436,1.99999999994649e-06,1.99999999994649e-06,2.99999999997524e-06,1.99999999994649e-06,1.99999999994649e-06,0.781893,0.710045,0.766971,0.734509,0.701657,0.014812,0.013763,0.014209,0.01624,0.015437,0.043421,0.049024,0.0437070000000001,0.049797,0.052443,0.561148,0.582982,0.588562,0.598536,0.569634,0,0,0,0,0,0.046615,0.036859,0.03504,0.0272210000000001,0.048238,0.547885,0.551635,0.581471,0.540906,0.567211,0.091049,0.085054,0.084535,0.084859,0.07762,0.00146900000000005,0.00118200000000002,0.00145399999999996,0.00149200000000005,0.00134900000000004,0.723671,0.748964,0.770005,0.716987,0.776542,0.185298,0.170131,0.161227,0.186027,0.151114,0.00339800000000001,0.00145200000000001,0.00160899999999997,0.00327,0.00165800000000005
0.418913,0.398196,0.381778,0.410528,0.374852,0,0,0,0,0,0,0,0,0,0,0.08627,0.077898,0.067916,0.072816,0.0884,0,0,0,0,0,0.00220600000000004,0.003494,0.00318700000000005,0.00416799999999995,0.00472499999999998,0.114124,0.12262,0.109965,0.107057,0.103967,0,0,0,0,0,0,0,0,0,0,0.252084,0.247792,0.258078,0.270508,0.263213,0,0,0,0,0,0,0,0,0,0,0.00446999999999997,0.00414199999999998,0.004359,0.00506600000000001,0.00492300000000001,0,0,0,0,0,0.014324,0.0243640000000001,0.025122,0.024014,0.027298,0.470416,0.408506,0.433884,0.444357,0.442293,0,0,0,0,0,0.09863,0.093545,0.106401,0.06702,0.103591,0.00121000000000004,0.00129400000000002,0.00122900000000004,0.00114199999999998,0.00103299999999995,0,0,0,0,0,0.013672,0.00802800000000004,0.0122060000000001,0.013536,0.015674,0.117968,0.110941,0.108098,0.110557,0.119046,0,0,0,0,0,0,0,0,0,0,0.297042,0.307366,0.284784,0.310293,0.283909,0,0,0,0,0,2.89999999999457e-05,2.10000000000488e-05,4.59999999999905e-05,3.90000000000112e-05,2.8000000000028e-05,0.150167,0.156959,0.147472,0.161727,0.165187,0,0,0,0,0,2.99999999997524e-06,1.99999999994649e-06,1.99999999994649e-06,2.99999999997524e-06,1.99999999994649e-06,0.017607,0.021756,0.021074,0.019501,0.0194029999999999,0,0,0,0,0,0.033695,0.042606,0.037648,0.042347,0.036693,0.160443,0.164604,0.150426,0.151805,0.173247,0,0,0,0,0,0,0,0,0,0,0.533003,0.529791,0.556538,0.547968,0.519204,0,0,0,0,0,0.092637,0.073808,0.102004,0.115402,0.079527,0.282045,0.296262,0.293851,0.295909,0.290958,0,0,0,0,0,0.19807,0.158904,0.185071,0.170662,0.167764,0.539763,0.55696,0.560521,0.573538,0.559565,0,0,0,0,0,0.156692,0.152358,0.131839,0.135056,0.124991,0.199028,0.227312,0.191633,0.207067,0.195085,0,0,0,0,0,1.99999999994649e-06,1.00000000002876e-06,1.99999999994649e-06,1.99999999994649e-06,1.99999999994649e-06,0.347492,0.354797,0.367994,0.366192,0.409114,0,0,0,0,0,0.031152,0.031564,0.02573,0.024649,0.025328,0.509579,0.48856,0.507942,0.522666,0.515202,0,0,0,0,0,0.097032,0.101391,0.092629,0.099362,0.117922,0.465342,0.452857,0.434855,0.398035,0.458662,0,0,0,0,0,0.100833,0.118123,0.114352,0.136347,0.106153,0.609799,0.576085,0.614885,0.61186,0.56001,0,0,0,0,0,0,0,0,0,0,0.400648,0.371563,0.417557,0.373791,0.37815,0,0,0,0,0,0.07143,0.092204,0.086875,0.086158,0.078752,0.457079,0.429809,0.407019,0.459771,0.443338,0,0,0,0,0,0,0,0,0,0
0.618986,0.610178,0.648119,0.582068,0.602354,0.182679,0.202414,0.174818,0.185434,0.165088,0.365707,0.34842,0.364937,0.360685,0.334584,0.00731999999999999,0.00672600000000001,0.00582099999999997,0.00674300000000005,0.00697899999999996,0.029383,0.030674,0.026962,0.032132,0.032151,0.373824,0.381038,0.390564,0.388788,0.358591,0.08789,0.089149,0.089209,0.094349,0.085047,0.140881,0.155425,0.133565,0.125884,0.144362,0.173313,0.160104,0.171582,0.198318,0.19087,0.422099,0.47766,0.414642,0.447477,0.407254,0,0,0,0,0,0,0,0,0,0,0.275274,0.305721,0.299083,0.303155,0.320164,0,0,0,0,0,0.313303,0.374467,0.33468,0.339666,0.3381,0.653486,0.601699,0.593389,0.64893,0.618616,0,0,0,0,0,0.254921,0.225353,0.19332,0.199864,0.214643,0.013224,0.011586,0.013807,0.012748,0.010784,0.023852,0.025324,0.020917,0.027734,0.026661,0.179224,0.174736,0.186239,0.175222,0.181603,0.078562,0.0804280000000001,0.085127,0.086666,0.077417,0,0,0,0,0,0,0,0,0,0,0.276902,0.301926,0.308382,0.305695,0.313307,0,0,0,0,0,0.00684700000000005,0.00627999999999995,0.00645600000000002,0.00702599999999998,0.00659699999999996,0.07648,0.062999,0.07378,0.073979,0.0712930000000001,0,0,0,0,0,0,0,0,0,0,0.000873000000000013,0.000834000000000001,0.000770999999999966,0.000828000000000051,0.000807000000000002,0.021755,0.019645,0.019857,0.02136,0.020207,0.235467,0.227914,0.198426,0.217025,0.222061,0.020543,0.019438,0.020324,0.027287,0.027845,0.06745,0.065835,0.059073,0.0728529999999999,0.067679,0.101232,0.097019,0.108853,0.118331,0.104,0.418956,0.411891,0.405386,0.384905,0.414798,0,0,0,0,0,0,0,0,0,0,0.252978,0.254324,0.270672,0.269947,0.278099,0,0,0,0,0,0.079339,0.106005,0.103145,0.101711,0.091316,0.02982,0.028995,0.023285,0.027353,0.029304,0,0,0,0,0,0,0,0,0,0,0.365265,0.341504,0.34685,0.352037,0.322046,0,0,0,0,0,0,0,0,0,0,0.029979,0.025488,0.035991,0.0340780000000001,0.03728,0,0,0,0,0,0,0,0,0,0,0.520625,0.461927,0.490237,0.448584,0.478504,0,0,0,0,0,0,0,0,0,0,0.022492,0.020671,0.022445,0.0242,0.025658,0,0,0,0,0,4.000000000004e-06,4.000000000004e-06,4.000000000004e-06,5.00000000003276e-06,2.99999999997524e-06,0.519856,0.417995,0.471469,0.478701,0.493201,0.371762,0.418735,0.335482,0.38109,0.36687,0,0,0,0,0,0.101007,0.103383,0.118527,0.122284,0.102971,0,0,0,0,0,0,0,0,0,0,0.154826,0.174202,0.169585,0.16745,0.1643,0,0,0,0,0,0,0,0,0,0
0.313854,0.317376,0.313396,0.311974,0.316707,0.232818,0.223772,0.233444,0.210801,0.230633,0.200292,0.229583,0.222639,0.222384,0.22056,0.274581,0.289979,0.300384,0.281412,0.26643,0.212277,0.178606,0.226853,0.223303,0.213943,0.160303,0.19222,0.167345,0.189428,0.180248,0.535475,0.507665,0.497102,0.496235,0.504239,0.253015,0.279702,0.270259,0.292696,0.250893,0.325839,0.342608,0.334136,0.322086,0.294488,0.328545,0.327914,0.297997,0.31299,0.325024,0.199347,0.222384,0.211586,0.207409,0.188035,0.061806,0.060466,0.069339,0.057094,0.061778,0.248798,0.245346,0.234757,0.238111,0.254204,0.174895,0.174973,0.188567,0.186984,0.191901,0.249495,0.243114,0.244255,0.226432,0.238848,0.411928,0.400618,0.44672,0.473825,0.446229,0.203173,0.188282,0.204997,0.184839,0.199387,0.317899,0.294439,0.301781,0.32183,0.290458,0.158733,0.130642,0.154377,0.138259,0.143466,0.186015,0.196214,0.216434,0.209072,0.200454,0.168581,0.159089,0.172418,0.206184,0.172312,0.278604,0.327474,0.310693,0.332372,0.2956,0.108493,0.117069,0.106438,0.105526,0.109355,0.051231,0.0558110000000001,0.052177,0.058599,0.056122,0.537711,0.554011,0.528353,0.567257,0.533574,0.186433,0.206302,0.203105,0.183065,0.192528,0.339189,0.336952,0.290695,0.321356,0.286325,0.543693,0.473861,0.541613,0.516028,0.542689,0.370952,0.354771,0.343102,0.384808,0.335439,0.286441,0.320769,0.274069,0.264597,0.27361,0.337913,0.329991,0.31111,0.343208,0.348583,0.241683,0.207428,0.191076,0.226266,0.202669,0.325641,0.389447,0.311627,0.346277,0.381176,0.429135,0.466489,0.46203,0.433818,0.448265,0.310946,0.288646,0.286884,0.270427,0.307104,0.139237,0.130953,0.143934,0.1523,0.123085,0.487745,0.564082,0.556809,0.528709,0.556916,0.235509,0.239233,0.235121,0.242144,0.240384,0.046322,0.046957,0.043961,0.057067,0.0545,0.800537,0.84216,0.831241,0.80932,0.907937,0.226693,0.239372,0.235293,0.224951,0.257509,0.417181,0.501733,0.47401,0.445597,0.494995,0.681441,0.599928,0.630688,0.674981,0.596721,0.193319,0.181428,0.182354,0.190927,0.184985,0.085513,0.079955,0.070089,0.0749610000000001,0.0825,0.465777,0.44985,0.47213,0.472375,0.467484,0.146195,0.131561,0.143253,0.149977,0.125876,0.105516,0.110457,0.100968,0.099886,0.105925,0.454244,0.449133,0.487112,0.450738,0.450722,0.35723,0.360396,0.348753,0.390913,0.376257,0.186461,0.163457,0.191207,0.175278,0.177589,0.765729,0.793953,0.810638,0.783632,0.830112,0.265401,0.256516,0.300746,0.283008,0.268158,0.117056,0.098598,0.113352,0.105355,0.111405,0.470723,0.479261,0.45254,0.427841,0.450885,0.171829,0.176305,0.172948,0.161218,0.18581,0.258632,0.252472,0.253138,0.231306,0.263462,0.678924,0.661389,0.658767,0.63745,0.670865,0.208997,0.211307,0.201329,0.18262,0.194654,0.114435,0.124336,0.122761,0.120518,0.122672,0.368113,0.382948,0.370651,0.355539,0.416435,0.097106,0.080058,0.096584,0.100321,0.089548,0.141195,0.140591,0.141094,0.126632,0.120932,0.750936,0.786511,0.786499,0.780754,0.726033,0.31432,0.300233,0.311097,0.284435,0.294372,0.079581,0.077704,0.079783,0.079543,0.08813
0.35332,0.3604,0.329597,0.342824,0.347424,0,0,0,0,0,0.065447,0.063178,0.058256,0.062433,0.063303,0.163938,0.158085,0.158644,0.143541,0.165437,0,0,0,0,0,0.065357,0.056741,0.0690809999999999,0.057491,0.069259,0.060092,0.065323,0.069925,0.06915,0.067737,0,0,0,0,0,0.048275,0.042019,0.037588,0.047118,0.039894,0.17239,0.162111,0.155108,0.172811,0.168476,0,0,0,0,0,0,0,0,0,0,0.212996,0.202627,0.188335,0.192932,0.194379,0,0,0,0,0,0.030601,0.026264,0.044195,0.050771,0.041647,0.466689,0.475865,0.462542,0.490196,0.477448,0,0,0,0,0,0.0460739999999999,0.041358,0.039825,0.0474599999999999,0.032087,0.406561,0.410534,0.433271,0.440051,0.424647,0,0,0,0,0,0.103032,0.112801,0.119907,0.099959,0.126432,0.261745,0.268145,0.262567,0.280382,0.236444,0,0,0,0,0,0,0,0,0,0,0.44172,0.437515,0.436438,0.447624,0.457656,0,0,0,0,0,0,0,0,0,0,0.179018,0.215435,0.204663,0.196619,0.18354,0,0,0,0,0,0,0,0,0,0,0.263491,0.253945,0.292526,0.252552,0.280979,0,0,0,0,0,0.049583,0.036196,0.0486529999999999,0.031031,0.035393,0.068206,0.07536,0.069862,0.070272,0.0721619999999999,0,0,0,0,0,0.0225649999999999,0.023495,0.026649,0.022433,0.024181,0.395604,0.380786,0.394844,0.379605,0.409494,0,0,0,0,0,0.015684,0.013024,0.014257,0.016056,0.01459,0.396977,0.417285,0.467266,0.421587,0.39919,0,0,0,0,0,0.217597,0.206126,0.209651,0.197247,0.199164,0.478021,0.533871,0.496868,0.511054,0.542703,0,0,0,0,0,0.033556,0.031764,0.02912,0.027343,0.0287849999999999,0.140315,0.145863,0.144261,0.131394,0.13093,0,0,0,0,0,0.038455,0.043907,0.043492,0.040967,0.039459,0.368136,0.375169,0.392003,0.348778,0.40343,0,0,0,0,0,0.02604,0.02986,0.028469,0.025417,0.026145,0.369157,0.397407,0.361314,0.379427,0.355136,0,0,0,0,0,0.025154,0.025098,0.025304,0.025024,0.027805,0.403823,0.403065,0.368532,0.402535,0.368121,0,0,0,0,0,0.030994,0.030772,0.028491,0.02732,0.030605,0.360901,0.347251,0.367981,0.343748,0.311191,0,0,0,0,0,0.00106600000000001,0.000982999999999956,0.000900000000000012,0.00104599999999999,0.00118099999999999,0.278783,0.307891,0.269982,0.271333,0.273186,0.217149,0.222144,0.221547,0.234965,0.227322,0.121583,0.128254,0.124506,0.129474,0.14622,0.317011,0.363943,0.298728,0.32871,0.325899,0,0,0,0,0,0.021715,0.0220939999999999,0.021267,0.020114,0.019604
0.031651,0.026474,0.028748,0.02807,0.030007,0,0,0,0,0,0.039624,0.051628,0.036606,0.048854,0.060241,0.0828719999999999,0.0882500000000001,0.0965279999999999,0.083392,0.084871,0,0,0,0,0,0.105975,0.102218,0.098452,0.083811,0.096561,0.150789,0.12424,0.138509,0.147207,0.132073,0,0,0,0,0,0.067737,0.058381,0.0609730000000001,0.079503,0.045917,0.099471,0.100405,0.081233,0.104416,0.099911,0.044889,0.036844,0.042853,0.037789,0.043336,0.045672,0.063944,0.047116,0.048505,0.0576680000000001,0.439991,0.425763,0.416565,0.445875,0.441157,0,0,0,0,0,0.102061,0.103594,0.130521,0.115419,0.107531,0.710716,0.657185,0.647065,0.69803,0.701509,0,0,0,0,0,0.063122,0.0734900000000001,0.0671040000000001,0.06599,0.065937,0.040411,0.056588,0.04753,0.044952,0.056301,0,0,0,0,0,0.03354,0.03289,0.032428,0.031006,0.033388,0.010618,0.010927,0.014333,0.015378,0.014107,0,0,0,0,0,0.052056,0.039268,0.044131,0.052102,0.055159,0.437985,0.480679,0.456276,0.494545,0.447101,0,0,0,0,0,0.037615,0.041351,0.049356,0.049465,0.0438730000000001,0.02407,0.027546,0.024558,0.026739,0.016029,0,0,0,0,0,0.026999,0.029857,0.042602,0.055068,0.027541,0.184367,0.180435,0.174964,0.189443,0.197833,0,0,0,0,0,0.121564,0.138573,0.143976,0.152906,0.151747,0.110051,0.123686,0.119577,0.132325,0.121845,0,0,0,0,0,0,0,0,0,0,0.359118,0.360403,0.376572,0.347616,0.385617,0,0,0,0,0,0,0,0,0,0,0.359332,0.357839,0.392204,0.368781,0.367025,0,0,0,0,0,0.0819879999999999,0.079439,0.076345,0.0950569999999999,0.084239,0.407276,0.408852,0.353973,0.406233,0.391339,0,0,0,0,0,0,0,0,0,0,0.219891,0.228818,0.216338,0.238197,0.201272,0.200987,0.206591,0.212254,0.195343,0.207657,0,0,0,0,0,0.212792,0.194111,0.198193,0.19958,0.188686,0,0,0,0,0,0,0,0,0,0,0.427174,0.448486,0.444205,0.418158,0.407387,0.132283,0.121744,0.116701,0.118179,0.131698,0.029619,0.017929,0.01578,0.01879,0.024916,0.289233,0.280303,0.285418,0.290138,0.252515,0,0,0,0,0,0.019496,0.015613,0.0160940000000001,0.010082,0.00838799999999995,0.307687,0.303186,0.328943,0.282159,0.309449,0,0,0,0,0,0,0,0,0,0,0.283498,0.283688,0.258546,0.280466,0.259511,0,0,0,0,0,0,0,0,0,0,0.30712,0.301688,0.298291,0.308084,0.28682,0,0,0,0,0,0,0,0,0,0
0.289812,0.245988,0.25588,0.234557,0.281718,0,0,0,0,0,0.120953,0.123828,0.12207,0.136516,0.130449,0.04299,0.0358540000000001,0.046829,0.04069,0.041789,0.027705,0.029045,0.028845,0.032305,0.0337809999999999,0.0288,0.041745,0.026596,0.03665,0.046056,0.001969,0.00265899999999997,0.00288299999999997,0.002722,0.00257799999999997,0,0,0,0,0,0.005583,0.00539800000000001,0.00422400000000001,0.00682799999999995,0.005359,0.000283999999999951,0.000279000000000029,0.000318999999999958,0.000245999999999968,0.000225000000000031,0.086349,0.088046,0.105088,0.100327,0.096635,0,0,0,0,0,0.057626,0.05408,0.060756,0.0628379999999999,0.055487,0,0,0,0,0,0.157025,0.143242,0.170156,0.151824,0.143006,0.333718,0.338542,0.353905,0.32185,0.315444,0.03557,0.0350279999999999,0.036095,0.0364950000000001,0.040808,0.00653400000000004,0.00885400000000003,0.00803500000000001,0.00856100000000004,0.00812599999999997,0.094684,0.09741,0.105343,0.093517,0.101517,0.0149,0.014532,0.015582,0.0121599999999999,0.015742,0.028877,0.0414949999999999,0.0385490000000001,0.0289740000000001,0.033637,0.00832999999999995,0.00793900000000003,0.00688500000000003,0.00631800000000005,0.00764900000000002,0.031349,0.03144,0.032088,0.035098,0.033407,0,0,0,0,0,0.174968,0.161043,0.16336,0.140669,0.167101,0.013202,0.014929,0.014804,0.014556,0.013121,0,0,0,0,0,0.00312100000000004,0.00268900000000005,0.00307100000000005,0.00232399999999999,0.00237900000000002,0,0,0,0,0,0,0,0,0,0,0.00474300000000005,0.00382199999999999,0.00492599999999999,0.005583,0.00424599999999997,0.018407,0.018703,0.01961,0.018696,0.017655,0.058184,0.052155,0.05611,0.051961,0.058825,0.0246459999999999,0.016875,0.023631,0.021173,0.021691,0,0,0,0,0,0.00158899999999995,0.00165999999999999,0.00190800000000002,0.00167899999999999,0.00140799999999996,0.077424,0.081962,0.078313,0.088543,0.085712,0.082431,0.09555,0.086581,0.093718,0.102192,0.052999,0.053445,0.041071,0.063016,0.054319,0.509288,0.546363,0.498525,0.534306,0.516183,0.094937,0.089343,0.086153,0.0851730000000001,0.088178,0.138501,0.140375,0.110376,0.114393,0.133709,0.43012,0.474944,0.423382,0.45506,0.421707,0.087948,0.075989,0.086427,0.089737,0.087443,0.027757,0.031599,0.028891,0.0285300000000001,0.024101,0.076505,0.096738,0.0808759999999999,0.091246,0.08652,0,0,0,0,0,0,0,0,0,0,0.285469,0.316848,0.297246,0.31354,0.26777,0.05111,0.053175,0.050594,0.062419,0.053389,0.106152,0.0864470000000001,0.096576,0.090768,0.095574,0.473373,0.496482,0.49323,0.550221,0.50748,0.025035,0.028747,0.026115,0.027538,0.023686,0.00147900000000001,0.001502,0.00161100000000003,0.00140499999999999,0.00165800000000005,0.364685,0.363357,0.357719,0.381977,0.369686,0.099007,0.109808,0.085924,0.08604,0.09637,0.039933,0.044493,0.046357,0.051725,0.0422709999999999,0.133852,0.15441,0.142348,0.135025,0.145483,0,0,0,0,0,0.016273,0.0162679999999999,0.01403,0.016424,0.015674,0.00461500000000004,0.00399099999999997,0.00463800000000003,0.00353300000000001,0.00369600000000003,0.316841,0.254537,0.303494,0.290545,0.289202,0.033556,0.037022,0.041606,0.037093,0.0465989999999999,0.557877,0.505357,0.557915,0.514981,0.522303,0.107018,0.119537,0.0906439999999999,0.107503,0.101052,0.00175999999999998,0.00171600000000005,0.00127200000000005,0.00151400000000002,0.00175099999999995
0.204384,0.178371,0.22304,0.188129,0.213996,0,0,0,0,0,0.117388,0.101152,0.089579,0.089537,0.0967479999999999,0.327613,0.361571,0.323036,0.316446,0.374051,0,0,0,0,0,0.045594,0.045072,0.044094,0.038745,0.033469,0.123231,0.127636,0.145252,0.122332,0.142595,0,0,0,0,0,0.132518,0.150291,0.15469,0.133124,0.133473,0.23644,0.22204,0.23405,0.244772,0.241499,0.08084,0.076439,0.069883,0.078342,0.08874,0,0,0,0,0,0.295991,0.323246,0.334091,0.292071,0.323357,0,0,0,0,0,0.04849,0.03384,0.039336,0.0393790000000001,0.041283,0.303933,0.297678,0.291388,0.280747,0.271569,0,0,0,0,0,0.188347,0.178361,0.216018,0.200442,0.220806,0.505911,0.514818,0.502489,0.504231,0.562185,0,0,0,0,0,0.243352,0.219908,0.229935,0.241982,0.208161,0.199348,0.185476,0.188203,0.205694,0.175885,0,0,0,0,0,0,0,0,0,0,0.617609,0.600005,0.600211,0.627132,0.601751,0,0,0,0,0,0.0170630000000001,0.016558,0.0172600000000001,0.017561,0.0162369999999999,0.142633,0.125105,0.115787,0.130213,0.123661,0,0,0,0,0,0,0,0,0,0,0.320909,0.331537,0.307431,0.326955,0.346443,0,0,0,0,0,0.210336,0.206559,0.180315,0.212944,0.213886,0.058615,0.0620230000000001,0.071169,0.072677,0.067914,0,0,0,0,0,0.017607,0.024273,0.016653,0.0179550000000001,0.01805,0.483635,0.457226,0.465009,0.464475,0.472588,0,0,0,0,0,0.02,0.014814,0.019832,0.020384,0.020692,0.166358,0.157889,0.150892,0.158307,0.179908,0,0,0,0,0,0,0,0,0,0,0.560052,0.558978,0.558055,0.557774,0.549606,0,0,0,0,0,0.00268000000000002,0.00386600000000004,0.00335200000000002,0.00361100000000003,0.00220500000000001,0.00017900000000004,0.00025799999999998,0.000132000000000021,0.000120000000000009,0.00019199999999997,0.092062,0.079232,0.0728529999999999,0.0694630000000001,0.083293,0.039311,0.042237,0.042859,0.0353599999999999,0.039095,0.157395,0.171421,0.177692,0.150911,0.162954,0,0,0,0,0,0.00247299999999995,0.00242799999999999,0.00256800000000001,0.00264900000000001,0.00304700000000002,0.254788,0.286954,0.279329,0.268691,0.266856,0,0,0,0,0,0.026929,0.02578,0.022628,0.023854,0.022069,0.394012,0.464342,0.431107,0.456008,0.418266,0,0,0,0,0,0.102819,0.0990760000000001,0.111178,0.089861,0.098581,0.154699,0.14508,0.160612,0.173029,0.177731,0.00726499999999997,0.00717000000000001,0.00750899999999999,0.00668400000000002,0.00698799999999999,0.0870649999999999,0.072045,0.0704,0.06301,0.074249,0.226453,0.236816,0.220359,0.244533,0.221988,0,0,0,0,0,0.075578,0.078216,0.077964,0.096352,0.072421,0.121504,0.128697,0.117134,0.135615,0.115514,0.034022,0.0320319999999999,0.028477,0.029079,0.0365799999999999,0.02418,0.019143,0.02132,0.02281,0.0275570000000001
0.247187,0.274957,0.255083,0.268959,0.268479,0,0,0,0,0,0.027344,0.026044,0.0174569999999999,0.026398,0.026631,0.046783,0.047306,0.043404,0.043341,0.055843,0,0,0,0,0,0.034398,0.038529,0.040129,0.034272,0.028093,0.051316,0.052992,0.047347,0.0497069999999999,0.047695,0,0,0,0,0,0.064802,0.082829,0.073108,0.060317,0.061911,0.106964,0.119537,0.109463,0.108474,0.098535,0,0,0,0,0,1.00000000002876e-06,0,2.99999999997524e-06,1.00000000002876e-06,1.00000000002876e-06,0.283988,0.273156,0.290559,0.289394,0.268337,0,0,0,0,0,0.061754,0.049448,0.053275,0.058731,0.062454,0.618113,0.632335,0.641192,0.61336,0.688464,0,0,0,0,0,0.00934699999999999,0.00904199999999999,0.00864399999999999,0.00845899999999999,0.01046,0.526956,0.487936,0.507229,0.480236,0.516052,0,0,0,0,0,0.00335700000000005,0.00250700000000004,0.00295400000000001,0.00279399999999996,0.00270599999999999,0.157416,0.168334,0.191885,0.164182,0.158562,0,0,0,0,0,0,0,0,0,0,0.314366,0.328875,0.324781,0.29603,0.329383,0,0,0,0,0,0,0,0,0,0,0.012935,0.012829,0.012645,0.012045,0.012441,0,0,0,0,0,0,0,0,0,0,0.108819,0.10728,0.109857,0.107582,0.119591,0,0,0,0,0,0.0913580000000001,0.084183,0.086699,0.104935,0.099945,0.03362,0.030088,0.032854,0.024591,0.027935,0,0,0,0,0,0,0,0,0,0,0.278921,0.316552,0.300856,0.316272,0.302593,0,0,0,0,0,0,0,0,0,0,0.130801,0.136621,0.138887,0.141728,0.130936,0,0,0,0,0,0.012602,0.014472,0.014436,0.013142,0.013414,0.108017,0.102819,0.0968,0.099063,0.112634,0,0,0,0,0,0,0,0,0,0,0.271089,0.266151,0.252197,0.266994,0.25736,0,0,0,0,0,0.000859000000000054,0.00105900000000003,0.000946000000000002,0.00106200000000001,0.000883999999999996,0.104324,0.099151,0.107026,0.107922,0.086105,0,0,0,0,0,0.00194799999999995,0.00195000000000001,0.00189399999999995,0.00176200000000004,0.00169799999999998,0.338859,0.344054,0.35335,0.367624,0.374115,0.092473,0.084358,0.102262,0.089136,0.094934,0.00548300000000002,0.00428499999999998,0.001911,0.00545399999999996,0.00427599999999995,0.40346,0.420269,0.360646,0.350937,0.393298,0,0,0,0,0,0.00381600000000004,0.00534999999999997,0.00767399999999996,0.00381500000000001,0.00381500000000001,0.391368,0.401192,0.402707,0.384117,0.366082,0,0,0,0,0,0,0,0,0,0,0.01162,0.015383,0.017722,0.013089,0.018969,0,0,0,0,0,0.000878999999999963,0.000916999999999946,0.00106399999999995,0.00084799999999996,0.000982999999999956,0.135836,0.139918,0.143149,0.14308,0.143091,0,0,0,0,0,0,0,0,0,0
0.110236,0.117325,0.109245,0.100162,0.109651,0,0,0,0,0,0.057262,0.045853,0.0470739999999999,0.050789,0.048942,0.034125,0.043732,0.042865,0.038151,0.047566,0,0,0,0,0,0.132585,0.115834,0.116115,0.126838,0.127574,0.060767,0.061599,0.073968,0.058949,0.074588,0,0,0,0,0,0.023712,0.027215,0.029848,0.031271,0.025064,0.059932,0.066408,0.057843,0.068475,0.075725,0,0,0,0,0,0.017015,0.014042,0.018447,0.019366,0.015507,0.269762,0.241882,0.240286,0.250554,0.224462,0,0,0,0,0,0.105383,0.12298,0.128631,0.096765,0.107928,0.530292,0.531891,0.521555,0.499345,0.552213,0.00969100000000001,0.00722500000000004,0.012276,0.00742500000000001,0.00929100000000005,0.164622,0.174689,0.17103,0.172647,0.156107,0.206121,0.19079,0.188178,0.17724,0.195773,0,0,0,0,0,0.043706,0.034803,0.032188,0.04944,0.041667,0.048646,0.048502,0.049065,0.048795,0.049251,0,0,0,0,0,0,0,0,0,0,0.216249,0.217633,0.210215,0.197422,0.206706,0,0,0,0,0,0.025917,0.025945,0.028065,0.033304,0.035328,0.035396,0.035154,0.031775,0.033821,0.04479,0,0,0,0,0,0,0,0,0,0,0.08508,0.1046,0.102369,0.082987,0.096167,0,0,0,0,0,0.035535,0.048036,0.042543,0.03875,0.050162,0.04001,0.043223,0.037093,0.040012,0.0397650000000001,0,0,0,0,0,0.000835999999999948,0.000886000000000053,0.000766000000000044,0.000936000000000048,0.000790999999999986,0.04,0.040467,0.032992,0.02966,0.0284140000000001,0,0,0,0,0,0,0,0,0,0,0.249676,0.245022,0.267158,0.249011,0.278899,0.00738300000000003,0.00950399999999996,0.00773199999999996,0.007525,0.00708799999999998,0.00992700000000002,0.010837,0.00836899999999996,0.012444,0.010255,0.254441,0.279186,0.250544,0.28629,0.284683,0.0119089999999999,0.017394,0.00889499999999999,0.009934,0.015894,0,0,0,0,0,0.223084,0.22646,0.223895,0.21168,0.241807,0.140392,0.140619,0.1385,0.157594,0.163647,0,0,0,0,0,0.156819,0.136739,0.155958,0.174753,0.160533,0,0,0,0,0,0,0,0,0,0,0.050279,0.051404,0.049934,0.05701,0.045439,0.022804,0.011742,0.023081,0.024875,0.01584,0,0,0,0,0,0.396588,0.418055,0.424182,0.354452,0.359209,0.00509499999999996,0.00513699999999995,0.00551999999999997,0.005243,0.00506899999999999,0.00707599999999997,0.00561599999999995,0.00800000000000001,0.00501300000000005,0.00783400000000001,0.287892,0.289565,0.274701,0.257157,0.276587,0,0,0,0,0,0.00116400000000005,0.00164399999999998,0.00133499999999998,0.00154299999999996,0.00148099999999995,0.188279,0.20187,0.201321,0.195841,0.219012,0,0,0,0,0,0.034457,0.035023,0.037158,0.033883,0.0361900000000001,0.282533,0.294833,0.283868,0.275155,0.28017,0,0,0,0,0,0,0,0,0,0
0.497165,0.530135,0.553265,0.54145,0.497872,0,0,0,0,0,0.192004,0.177047,0.223671,0.201403,0.212791,0.584555,0.59305,0.570896,0.651636,0.589677,0,0,0,0,0,0.318988,0.28289,0.339499,0.334873,0.359968,0.00665300000000002,0.00558099999999995,0.00627500000000003,0.00475999999999999,0.00651599999999997,0,0,0,0,0,0.176242,0.174228,0.182642,0.194557,0.188347,0.663844,0.624718,0.61215,0.634922,0.582271,0,0,0,0,0,0,0,0,0,0,0.098473,0.095925,0.085358,0.092614,0.08657,0.597182,0.661136,0.637261,0.621814,0.630818,0.370806,0.360291,0.329471,0.321162,0.360755,0.30904,0.332671,0.304496,0.329504,0.345167,0,0,0,0,0,0.063626,0.062893,0.06167,0.077241,0.068679,0.637235,0.642507,0.606837,0.648697,0.63815,0,0,0,0,0,0.189994,0.222517,0.218005,0.207303,0.228316,0.029022,0.030994,0.030712,0.025062,0.0332,0,0,0,0,0,0,0,0,0,0,0.797056,0.814513,0.784448,0.792443,0.811199,0.398788,0.408037,0.383247,0.402094,0.398382,3.6000000000036e-05,2.50000000000528e-05,3.2000000000032e-05,3.50000000000072e-05,2.29999999999952e-05,0.027152,0.030579,0.022918,0.02858,0.028528,0,0,0,0,0,0.000125999999999959,0.000238999999999989,0.000288999999999984,0.000125000000000042,0.000271000000000021,0.020831,0.017656,0.021203,0.021459,0.018919,0,0,0,0,0,0.25617,0.251679,0.251751,0.255704,0.28833,0.693281,0.740569,0.683257,0.698498,0.673963,0,0,0,0,0,2.99999999997524e-06,4.000000000004e-06,4.000000000004e-06,4.000000000004e-06,5.00000000003276e-06,0.92577,0.939597,0.930393,0.85653,0.917003,0.040673,0.04137,0.046837,0.049736,0.046214,0.034316,0.029101,0.03726,0.029504,0.041127,0.784004,0.75911,0.789487,0.797748,0.75455,0,0,0,0,0,0.00934400000000002,0.010918,0.010669,0.010283,0.010346,0.735549,0.69397,0.713813,0.695762,0.720303,0,0,0,0,0,0.028973,0.020056,0.023577,0.022871,0.028977,0.705887,0.72028,0.663008,0.662396,0.66663,0,0,0,0,0,0,0,0,0,0,0.713527,0.658118,0.744632,0.728857,0.693571,0,0,0,0,0,0,0,0,0,0,0.711769,0.715494,0.718543,0.770846,0.738684,0,0,0,0,0,0,0,0,0,0,0.805015,0.819247,0.831431,0.838728,0.827311,0,0,0,0,0,0,0,0,0,0,0.137152,0.126971,0.110207,0.120256,0.131366,0,0,0,0,0,0,0,0,0,0,0.729662,0.769749,0.775067,0.783216,0.748184,0.343616,0.359176,0.354606,0.383915,0.383093,5.00000000003276e-06,5.00000000003276e-06,5.00000000003276e-06,4.000000000004e-06,4.000000000004e-06,0.887226,0.895642,0.90799,0.950929,0.861095,0,0,0,0,0,0,0,0,0,0
0.338265,0.316452,0.348417,0.345034,0.365641,0,0,0,0,0,0.05576,0.060595,0.064167,0.062624,0.052724,0.078294,0.0746250000000001,0.068445,0.085905,0.073255,0,0,0,0,0,0.094213,0.095869,0.097297,0.108461,0.098262,0.144926,0.137678,0.132407,0.133211,0.14907,0,0,0,0,0,0.065107,0.065904,0.069411,0.069839,0.067953,0.384707,0.365936,0.37746,0.402882,0.354622,0,0,0,0,0,0.00304599999999999,0.00278500000000004,0.002946,0.00299000000000005,0.00322800000000001,0.181627,0.154824,0.177206,0.175132,0.15082,0.204112,0.214642,0.227311,0.246131,0.211187,0.0855320000000001,0.093506,0.092747,0.094808,0.106512,0.376531,0.371077,0.362659,0.350049,0.372103,0.017273,0.018535,0.01715,0.017297,0.016232,0.133377,0.126218,0.123621,0.104058,0.122581,1.09999999999832e-05,1.2000000000012e-05,1.09999999999832e-05,1.09999999999832e-05,9.99999999995449e-06,0,0,0,0,0,0.096477,0.089757,0.089371,0.111816,0.066849,0.02155,0.022188,0.01954,0.021518,0.02281,0,0,0,0,0,0.00277799999999995,0.00245600000000001,0.00202999999999998,0.00207100000000005,0.00167399999999995,0.01868,0.025315,0.023041,0.0203,0.0237619999999999,0.248186,0.239207,0.251,0.214962,0.235572,0.0475640000000001,0.04501,0.0454,0.052446,0.050086,0.036091,0.037054,0.041602,0.035898,0.041422,0,0,0,0,0,0.036195,0.037202,0.023913,0.035819,0.042497,0.00250099999999998,0.00237200000000004,0.00194399999999995,0.002417,0.00271100000000002,0,0,0,0,0,0.093707,0.094959,0.084793,0.06787,0.090006,0.360244,0.329713,0.303031,0.329097,0.340151,0,0,0,0,0,0.082168,0.081944,0.107243,0.096841,0.102832,0.681878,0.739096,0.711313,0.715769,0.68466,0,0,0,0,0,0.095401,0.112222,0.107036,0.099206,0.107616,0.191337,0.185482,0.186231,0.193625,0.189207,0,0,0,0,0,0.153556,0.145142,0.158081,0.157039,0.151486,0.231277,0.195943,0.207521,0.221427,0.21936,0,0,0,0,0,0.143002,0.124048,0.138331,0.142839,0.140969,0.13931,0.159494,0.157958,0.159582,0.138471,0,0,0,0,0,0.103908,0.120876,0.087546,0.091471,0.099058,0.700986,0.655376,0.63651,0.629666,0.695442,0,0,0,0,0,0.095317,0.116646,0.102708,0.111155,0.11385,0.48685,0.492795,0.516414,0.50207,0.488352,0,0,0,0,0,0.097585,0.090411,0.085076,0.0811190000000001,0.108282,0.222254,0.192949,0.2205,0.203705,0.21767,0,0,0,0,0,0.12758,0.116282,0.123256,0.112839,0.12034,0.504845,0.492897,0.49985,0.52437,0.486958,0.259176,0.237731,0.211281,0.230548,0.218709,0.16537,0.157769,0.175211,0.153683,0.162255,0.000689999999999968,0.000751999999999975,0.000654000000000043,0.000693000000000055,0.000684000000000018,0.180658,0.143887,0.180628,0.161614,0.160325,0.073616,0.09389,0.08462,0.08517,0.087822,0.651384,0.646304,0.676964,0.729786,0.700966,0,0,0,0,0,0.147197,0.144287,0.137125,0.152727,0.130888
0.290584,0.315011,0.289133,0.306614,0.306491,0.248886,0.258015,0.25705,0.274166,0.255178,0.424103,0.489499,0.497592,0.521078,0.463926,0.015808,0.014178,0.015667,0.015368,0.015532,0,0,0,0,0,0.132459,0.141838,0.162704,0.1926,0.140183,0.3879,0.441258,0.421231,0.462901,0.437909,0,0,0,0,0,0.033092,0.029463,0.0349159999999999,0.039088,0.037735,0.182667,0.181198,0.180393,0.156229,0.163864,0,0,0,0,0,0,0,0,0,0,0.00090800000000002,0.000693000000000055,0.000712999999999964,0.000821999999999989,0.000823000000000018,0,0,0,0,0,0.240158,0.214592,0.201832,0.228779,0.221808,0.46589,0.473971,0.486965,0.458174,0.474636,0,0,0,0,0,0.00437699999999996,0.00292899999999996,0.00528499999999998,0.00377799999999995,0.00570999999999999,0.270971,0.305248,0.270019,0.292793,0.296482,0,0,0,0,0,0.046745,0.046533,0.047222,0.051656,0.056215,0.182212,0.17665,0.160766,0.156701,0.183488,0,0,0,0,0,0.020323,0.0288890000000001,0.022685,0.017895,0.029679,0.436374,0.446886,0.435761,0.426364,0.437239,0,0,0,0,0,0,0,0,0,0,0.097099,0.097312,0.094023,0.084757,0.095293,0,0,0,0,0,0.028984,0.042559,0.037722,0.049106,0.022037,0.236587,0.238417,0.249509,0.220127,0.230761,0,0,0,0,0,0.033586,0.0333329999999999,0.038896,0.041812,0.040421,0.529294,0.557636,0.581006,0.545906,0.546415,0,0,0,0,0,0.13905,0.135232,0.131703,0.145583,0.155599,0.605928,0.585963,0.562986,0.526655,0.551499,0,0,0,0,0,0,0,0,0,0,0.373529,0.414671,0.372182,0.372966,0.331262,0,0,0,0,0,0.167853,0.136129,0.193046,0.173266,0.179525,0.624727,0.685043,0.657903,0.676273,0.656765,0,0,0,0,0,0.00211099999999997,0.00195599999999996,0.00192999999999999,0.00248999999999999,0.001807,0.361979,0.376943,0.424644,0.397968,0.386972,0,0,0,0,0,0.129791,0.155697,0.15579,0.168466,0.125022,0.611722,0.641502,0.600634,0.575663,0.609595,0.236817,0.263193,0.237698,0.20764,0.217323,0,0,0,0,0,0.506741,0.546061,0.552545,0.561068,0.52483,0,0,0,0,0,0.15346,0.152501,0.15307,0.154432,0.136051,0.351124,0.344162,0.354193,0.336908,0.362339,0,0,0,0,0,0.1376,0.118339,0.146756,0.106345,0.107575,0.212028,0.226454,0.236911,0.218825,0.222458,0,0,0,0,0,0.147367,0.161337,0.12941,0.155182,0.150831,0.377031,0.363262,0.328388,0.346886,0.357744,0,0,0,0,0,0.154384,0.156356,0.15994,0.146583,0.161409,0.541942,0.547739,0.518081,0.541294,0.517689,0.226962,0.236974,0.249121,0.236584,0.239396,0.127552,0.120635,0.121468,0.150195,0.15657
0.477753,0.473457,0.520984,0.539812,0.483322,0,0,0,0,0,0.051115,0.056113,0.047786,0.054961,0.060482,0.395287,0.326593,0.392718,0.376061,0.358314,0,0,0,0,0,0.050955,0.062814,0.064384,0.0586989999999999,0.055202,0.385578,0.415583,0.444673,0.43631,0.433137,0,0,0,0,0,0.014782,0.013483,0.018629,0.017783,0.01437,0.593421,0.568611,0.60357,0.614867,0.56091,0,0,0,0,0,0,0,0,0,0,0.64221,0.602413,0.600963,0.614018,0.603137,0.132512,0.150229,0.141917,0.138226,0.124702,0.171845,0.192908,0.179074,0.173567,0.182575,0.67949,0.629642,0.695186,0.741889,0.688448,0,0,0,0,0,0.142375,0.143959,0.140601,0.147352,0.148562,0.527492,0.497383,0.496223,0.479959,0.520493,0,0,0,0,0,0.042915,0.029861,0.020549,0.037512,0.049659,0.488313,0.501866,0.514737,0.513931,0.506253,0,0,0,0,0,0,0,0,0,0,0.632498,0.634553,0.68495,0.67515,0.654346,0,0,0,0,0,0,0,0,0,0,0.379871,0.382856,0.392374,0.40766,0.413434,0,0,0,0,0,0,0,0,0,0,0.399924,0.409059,0.407124,0.424363,0.351593,0,0,0,0,0,0.101493,0.097743,0.113653,0.109702,0.115853,0.276113,0.26473,0.271166,0.256247,0.266525,0,0,0,0,0,0,0,0,0,0,0.678391,0.714777,0.644298,0.630508,0.624546,0,0,0,0,0,0.093089,0.09318,0.093989,0.078866,0.092627,0.549222,0.595507,0.569511,0.63413,0.539671,0,0,0,0,0,0.020644,0.027155,0.022433,0.026466,0.014482,0.636024,0.716672,0.633989,0.656061,0.661485,0,0,0,0,0,0,0,0,0,0,0.649456,0.640241,0.660648,0.614878,0.660614,0,0,0,0,0,0.00293699999999997,0.00325900000000001,0.00360099999999997,0.00298500000000002,0.00321800000000005,0.635406,0.651775,0.688111,0.645489,0.634295,0,0,0,0,0,4.000000000004e-06,5.00000000003276e-06,5.00000000003276e-06,4.000000000004e-06,5.00000000003276e-06,0.755625,0.801383,0.784396,0.822854,0.790064,0,0,0,0,0,0,0,0,0,0,0.368212,0.416727,0.411568,0.384772,0.412641,0,0,0,0,0,0.0322170000000001,0.038305,0.028894,0.038048,0.033742,0.378481,0.421048,0.364865,0.422444,0.38728,0,0,0,0,0,2.50000000000528e-05,2.4000000000024e-05,1.70000000000448e-05,2.50000000000528e-05,1.89999999999912e-05,0.590677,0.630356,0.584848,0.618867,0.562232,0,0,0,0,0,6.99999999997925e-06,6.99999999997925e-06,9.00000000003676e-06,5.00000000003276e-06,6.99999999997925e-06,0.713563,0.738264,0.732318,0.743785,0.747585,0,0,0,0,0,2.99999999997524e-06,2.99999999997524e-06,2.99999999997524e-06,2.99999999997524e-06,2.99999999997524e-06
0.795736,0.788441,0.840742,0.874381,0.841795,0.279157,0.268927,0.290781,0.278338,0.264799,0.021384,0.0141829999999999,0.0150670000000001,0.0120400000000001,0.01286,0.528362,0.558648,0.596675,0.55833,0.584994,0,0,0,0,0,0.025884,0.022589,0.025319,0.021601,0.025025,0.974464,0.981965,1,1,1,0.170953,0.18745,0.191614,0.198644,0.179002,0.01328,0.00810200000000005,0.00900299999999998,0.00872899999999999,0.00952500000000001,0.974667,1,0.995427,0.953712,0.978427,0,0,0,0,0,0,0,0,0,0,0.460664,0.427992,0.434288,0.415306,0.424989,0,0,0,0,0,0.050642,0.048888,0.052806,0.058122,0.0500119999999999,1,1,1,1,1,0,0,0,0,0,0.057362,0.079781,0.060998,0.076172,0.074482,1,0.945134,0.951701,0.977551,0.940963,0,0,0,0,0,0.11267,0.104726,0.077688,0.097858,0.098333,0.348903,0.359866,0.380612,0.332885,0.330108,0,0,0,0,0,2.99999999997524e-06,2.99999999997524e-06,2.99999999997524e-06,2.99999999997524e-06,2.99999999997524e-06,0.371342,0.402064,0.425852,0.429094,0.41208,0,0,0,0,0,0,0,0,0,0,0.822821,0.815877,0.813714,0.779558,0.813214,0,0,0,0,0,0,0,0,0,0,0.854253,0.818004,0.799301,0.816059,0.80864,0,0,0,0,0,0.059207,0.047543,0.054466,0.054843,0.0376880000000001,0.529051,0.496909,0.48879,0.533046,0.500837,0,0,0,0,0,0.00413300000000005,0.00411300000000003,0.00403100000000001,0.00300699999999998,0.00432399999999999,0.961964,0.998355,1,1,1,0,0,0,0,0,0.0245919999999999,0.0233179999999999,0.026576,0.022804,0.0216150000000001,0.901206,0.834019,0.87388,0.915543,0.851535,0.04831,0.049448,0.048975,0.044235,0.04211,0.02541,0.034531,0.03856,0.026281,0.041836,0.951175,0.957396,0.912978,0.931096,0.924289,0,0,0,0,0,0,0,0,0,0,1,1,1,1,0.993517,0,0,0,0,0,0.00782099999999997,0.00750099999999998,0.00646599999999997,0.005741,0.00781799999999999,1,0.964959,0.976257,0.997294,0.927982,0,0,0,0,0,0,0,0,0,0,1,1,1,1,1,0,0,0,0,0,0,0,0,0,0,0.318975,0.326994,0.292581,0.345479,0.314503,0,0,0,0,0,0.163425,0.178595,0.170491,0.161527,0.174883,0.751449,0.727438,0.771311,0.780144,0.76588,0,0,0,0,0,0.2128,0.160104,0.167087,0.154829,0.153073,0.961574,0.964525,0.938296,0.910621,1,0,0,0,0,0,0.00106399999999995,0.000990000000000046,0.00122900000000004,0.001305,0.00154299999999996,1,1,1,1,1,0.068997,0.079813,0.064076,0.069518,0.079997,0.016127,0.016284,0.014244,0.015422,0.012072
0.473156,0.511067,0.460065,0.453012,0.451924,0.017319,0.013947,0.016211,0.016993,0.016954,0.087907,0.093462,0.090983,0.105187,0.0903,0.15768,0.181236,0.193917,0.162516,0.174165,0,0,0,0,0,0.055548,0.0569460000000001,0.073099,0.056561,0.050543,0.380537,0.428854,0.34292,0.393138,0.356083,0,0,0,0,0,0.060711,0.0660809999999999,0.048529,0.049545,0.059837,0.618254,0.582223,0.588143,0.619002,0.620738,0,0,0,0,0,0.014727,0.0109399999999999,0.013975,0.013682,0.011947,0.428176,0.4301,0.441619,0.46483,0.444222,0,0,0,0,0,0.086548,0.10464,0.113856,0.118147,0.119899,0.723118,0.728807,0.72575,0.749503,0.774153,0,0,0,0,0,0.041872,0.042426,0.030794,0.038232,0.0294450000000001,0.429814,0.405583,0.419103,0.414503,0.384056,0,0,0,0,0,0.027249,0.035709,0.03401,0.036835,0.033165,0.332405,0.336711,0.34892,0.334114,0.308704,0,0,0,0,0,0,0,0,0,0,0.329827,0.326743,0.323347,0.36042,0.325383,0,0,0,0,0,0.083203,0.076173,0.0766559999999999,0.053841,0.060592,0.279865,0.253195,0.297249,0.2694,0.26884,0.020766,0.019579,0.022166,0.020321,0.022584,0.060939,0.086994,0.051027,0.088096,0.077179,0.314827,0.320269,0.317286,0.328831,0.331599,0,0,0,0,0,0.025903,0.028376,0.029985,0.040543,0.031699,0.066641,0.0731540000000001,0.077784,0.0685170000000001,0.069183,0,0,0,0,0,0.00513399999999997,0.00384399999999996,0.00559100000000001,0.004556,0.00388699999999997,0.682157,0.667801,0.676028,0.713464,0.75563,0,0,0,0,0,0,0,0,0,0,0.43322,0.417487,0.491456,0.461759,0.462302,0,0,0,0,0,0.00443400000000005,0.00458700000000001,0.00471900000000003,0.00450200000000001,0.004637,0.553369,0.53563,0.628848,0.586253,0.564082,0,0,0,0,0,0.00205200000000005,0.00172899999999998,0.002077,0.00209999999999999,0.00179700000000005,0.718751,0.730791,0.732866,0.665816,0.725012,0,0,0,0,0,0.00122599999999995,0.00142799999999998,0.00139599999999995,0.00140600000000002,0.00113399999999997,0.618014,0.615671,0.603264,0.615298,0.582008,0,0,0,0,0,0.00223099999999998,0.00203399999999998,0.00203699999999996,0.00202100000000005,0.00214700000000001,0.835934,0.820508,0.893224,0.868339,0.857166,0,0,0,0,0,0.029295,0.029849,0.037582,0.036121,0.023726,0.225865,0.209723,0.218021,0.22755,0.222211,0,0,0,0,0,0.069943,0.070234,0.077686,0.075373,0.06881,0.218599,0.206672,0.194144,0.194458,0.209427,0,0,0,0,0,0.001938,0.00157700000000005,0.00167200000000001,0.00191399999999997,0.00152200000000002,0.500491,0.501275,0.535,0.556255,0.480877,0,0,0,0,0,0.052746,0.051963,0.049377,0.06018,0.051353,0.875425,0.856494,0.829431,0.849826,0.830645,0,0,0,0,0,1.99999999994649e-06,1.99999999994649e-06,1.99999999994649e-06,1.99999999994649e-06,1.99999999994649e-06
