"rand1.SPHYRNA.ZYGAENA_PA1_RUN1_GAM","rand2.SPHYRNA.ZYGAENA_PA1_RUN1_GAM","rand3.SPHYRNA.ZYGAENA_PA1_RUN1_GAM","rand4.SPHYRNA.ZYGAENA_PA1_RUN1_GAM","rand5.SPHYRNA.ZYGAENA_PA1_RUN1_GAM","rand1.SPHYRNA.ZYGAENA_PA1_RUN1_GLM","rand2.SPHYRNA.ZYGAENA_PA1_RUN1_GLM","rand3.SPHYRNA.ZYGAENA_PA1_RUN1_GLM","rand4.SPHYRNA.ZYGAENA_PA1_RUN1_GLM","rand5.SPHYRNA.ZYGAENA_PA1_RUN1_GLM","rand1.SPHYRNA.ZYGAENA_PA1_RUN1_MAXENT.Phillips","rand2.SPHYRNA.ZYGAENA_PA1_RUN1_MAXENT.Phillips","rand3.SPHYRNA.ZYGAENA_PA1_RUN1_MAXENT.Phillips","rand4.SPHYRNA.ZYGAENA_PA1_RUN1_MAXENT.Phillips","rand5.SPHYRNA.ZYGAENA_PA1_RUN1_MAXENT.Phillips","rand1.SPHYRNA.ZYGAENA_PA1_RUN2_GAM","rand2.SPHYRNA.ZYGAENA_PA1_RUN2_GAM","rand3.SPHYRNA.ZYGAENA_PA1_RUN2_GAM","rand4.SPHYRNA.ZYGAENA_PA1_RUN2_GAM","rand5.SPHYRNA.ZYGAENA_PA1_RUN2_GAM","rand1.SPHYRNA.ZYGAENA_PA1_RUN2_GLM","rand2.SPHYRNA.ZYGAENA_PA1_RUN2_GLM","rand3.SPHYRNA.ZYGAENA_PA1_RUN2_GLM","rand4.SPHYRNA.ZYGAENA_PA1_RUN2_GLM","rand5.SPHYRNA.ZYGAENA_PA1_RUN2_GLM","rand1.SPHYRNA.ZYGAENA_PA1_RUN2_MAXENT.Phillips","rand2.SPHYRNA.ZYGAENA_PA1_RUN2_MAXENT.Phillips","rand3.SPHYRNA.ZYGAENA_PA1_RUN2_MAXENT.Phillips","rand4.SPHYRNA.ZYGAENA_PA1_RUN2_MAXENT.Phillips","rand5.SPHYRNA.ZYGAENA_PA1_RUN2_MAXENT.Phillips","rand1.SPHYRNA.ZYGAENA_PA1_RUN3_GAM","rand2.SPHYRNA.ZYGAENA_PA1_RUN3_GAM","rand3.SPHYRNA.ZYGAENA_PA1_RUN3_GAM","rand4.SPHYRNA.ZYGAENA_PA1_RUN3_GAM","rand5.SPHYRNA.ZYGAENA_PA1_RUN3_GAM","rand1.SPHYRNA.ZYGAENA_PA1_RUN3_GLM","rand2.SPHYRNA.ZYGAENA_PA1_RUN3_GLM","rand3.SPHYRNA.ZYGAENA_PA1_RUN3_GLM","rand4.SPHYRNA.ZYGAENA_PA1_RUN3_GLM","rand5.SPHYRNA.ZYGAENA_PA1_RUN3_GLM","rand1.SPHYRNA.ZYGAENA_PA1_RUN3_MAXENT.Phillips","rand2.SPHYRNA.ZYGAENA_PA1_RUN3_MAXENT.Phillips","rand3.SPHYRNA.ZYGAENA_PA1_RUN3_MAXENT.Phillips","rand4.SPHYRNA.ZYGAENA_PA1_RUN3_MAXENT.Phillips","rand5.SPHYRNA.ZYGAENA_PA1_RUN3_MAXENT.Phillips","rand1.SPHYRNA.ZYGAENA_PA1_RUN4_GAM","rand2.SPHYRNA.ZYGAENA_PA1_RUN4_GAM","rand3.SPHYRNA.ZYGAENA_PA1_RUN4_GAM","rand4.SPHYRNA.ZYGAENA_PA1_RUN4_GAM","rand5.SPHYRNA.ZYGAENA_PA1_RUN4_GAM","rand1.SPHYRNA.ZYGAENA_PA1_RUN4_GLM","rand2.SPHYRNA.ZYGAENA_PA1_RUN4_GLM","rand3.SPHYRNA.ZYGAENA_PA1_RUN4_GLM","rand4.SPHYRNA.ZYGAENA_PA1_RUN4_GLM","rand5.SPHYRNA.ZYGAENA_PA1_RUN4_GLM","rand1.SPHYRNA.ZYGAENA_PA1_RUN4_MAXENT.Phillips","rand2.SPHYRNA.ZYGAENA_PA1_RUN4_MAXENT.Phillips","rand3.SPHYRNA.ZYGAENA_PA1_RUN4_MAXENT.Phillips","rand4.SPHYRNA.ZYGAENA_PA1_RUN4_MAXENT.Phillips","rand5.SPHYRNA.ZYGAENA_PA1_RUN4_MAXENT.Phillips","rand1.SPHYRNA.ZYGAENA_PA1_RUN5_GAM","rand2.SPHYRNA.ZYGAENA_PA1_RUN5_GAM","rand3.SPHYRNA.ZYGAENA_PA1_RUN5_GAM","rand4.SPHYRNA.ZYGAENA_PA1_RUN5_GAM","rand5.SPHYRNA.ZYGAENA_PA1_RUN5_GAM","rand1.SPHYRNA.ZYGAENA_PA1_RUN5_GLM","rand2.SPHYRNA.ZYGAENA_PA1_RUN5_GLM","rand3.SPHYRNA.ZYGAENA_PA1_RUN5_GLM","rand4.SPHYRNA.ZYGAENA_PA1_RUN5_GLM","rand5.SPHYRNA.ZYGAENA_PA1_RUN5_GLM","rand1.SPHYRNA.ZYGAENA_PA1_RUN5_MAXENT.Phillips","rand2.SPHYRNA.ZYGAENA_PA1_RUN5_MAXENT.Phillips","rand3.SPHYRNA.ZYGAENA_PA1_RUN5_MAXENT.Phillips","rand4.SPHYRNA.ZYGAENA_PA1_RUN5_MAXENT.Phillips","rand5.SPHYRNA.ZYGAENA_PA1_RUN5_MAXENT.Phillips","rand1.SPHYRNA.ZYGAENA_PA1_RUN6_GAM","rand2.SPHYRNA.ZYGAENA_PA1_RUN6_GAM","rand3.SPHYRNA.ZYGAENA_PA1_RUN6_GAM","rand4.SPHYRNA.ZYGAENA_PA1_RUN6_GAM","rand5.SPHYRNA.ZYGAENA_PA1_RUN6_GAM","rand1.SPHYRNA.ZYGAENA_PA1_RUN6_GLM","rand2.SPHYRNA.ZYGAENA_PA1_RUN6_GLM","rand3.SPHYRNA.ZYGAENA_PA1_RUN6_GLM","rand4.SPHYRNA.ZYGAENA_PA1_RUN6_GLM","rand5.SPHYRNA.ZYGAENA_PA1_RUN6_GLM","rand1.SPHYRNA.ZYGAENA_PA1_RUN6_MAXENT.Phillips","rand2.SPHYRNA.ZYGAENA_PA1_RUN6_MAXENT.Phillips","rand3.SPHYRNA.ZYGAENA_PA1_RUN6_MAXENT.Phillips","rand4.SPHYRNA.ZYGAENA_PA1_RUN6_MAXENT.Phillips","rand5.SPHYRNA.ZYGAENA_PA1_RUN6_MAXENT.Phillips","rand1.SPHYRNA.ZYGAENA_PA1_RUN7_GAM","rand2.SPHYRNA.ZYGAENA_PA1_RUN7_GAM","rand3.SPHYRNA.ZYGAENA_PA1_RUN7_GAM","rand4.SPHYRNA.ZYGAENA_PA1_RUN7_GAM","rand5.SPHYRNA.ZYGAENA_PA1_RUN7_GAM","rand1.SPHYRNA.ZYGAENA_PA1_RUN7_GLM","rand2.SPHYRNA.ZYGAENA_PA1_RUN7_GLM","rand3.SPHYRNA.ZYGAENA_PA1_RUN7_GLM","rand4.SPHYRNA.ZYGAENA_PA1_RUN7_GLM","rand5.SPHYRNA.ZYGAENA_PA1_RUN7_GLM","rand1.SPHYRNA.ZYGAENA_PA1_RUN7_MAXENT.Phillips","rand2.SPHYRNA.ZYGAENA_PA1_RUN7_MAXENT.Phillips","rand3.SPHYRNA.ZYGAENA_PA1_RUN7_MAXENT.Phillips","rand4.SPHYRNA.ZYGAENA_PA1_RUN7_MAXENT.Phillips","rand5.SPHYRNA.ZYGAENA_PA1_RUN7_MAXENT.Phillips","rand1.SPHYRNA.ZYGAENA_PA1_RUN8_GAM","rand2.SPHYRNA.ZYGAENA_PA1_RUN8_GAM","rand3.SPHYRNA.ZYGAENA_PA1_RUN8_GAM","rand4.SPHYRNA.ZYGAENA_PA1_RUN8_GAM","rand5.SPHYRNA.ZYGAENA_PA1_RUN8_GAM","rand1.SPHYRNA.ZYGAENA_PA1_RUN8_GLM","rand2.SPHYRNA.ZYGAENA_PA1_RUN8_GLM","rand3.SPHYRNA.ZYGAENA_PA1_RUN8_GLM","rand4.SPHYRNA.ZYGAENA_PA1_RUN8_GLM","rand5.SPHYRNA.ZYGAENA_PA1_RUN8_GLM","rand1.SPHYRNA.ZYGAENA_PA1_RUN8_MAXENT.Phillips","rand2.SPHYRNA.ZYGAENA_PA1_RUN8_MAXENT.Phillips","rand3.SPHYRNA.ZYGAENA_PA1_RUN8_MAXENT.Phillips","rand4.SPHYRNA.ZYGAENA_PA1_RUN8_MAXENT.Phillips","rand5.SPHYRNA.ZYGAENA_PA1_RUN8_MAXENT.Phillips","rand1.SPHYRNA.ZYGAENA_PA1_RUN9_GAM","rand2.SPHYRNA.ZYGAENA_PA1_RUN9_GAM","rand3.SPHYRNA.ZYGAENA_PA1_RUN9_GAM","rand4.SPHYRNA.ZYGAENA_PA1_RUN9_GAM","rand5.SPHYRNA.ZYGAENA_PA1_RUN9_GAM","rand1.SPHYRNA.ZYGAENA_PA1_RUN9_GLM","rand2.SPHYRNA.ZYGAENA_PA1_RUN9_GLM","rand3.SPHYRNA.ZYGAENA_PA1_RUN9_GLM","rand4.SPHYRNA.ZYGAENA_PA1_RUN9_GLM","rand5.SPHYRNA.ZYGAENA_PA1_RUN9_GLM","rand1.SPHYRNA.ZYGAENA_PA1_RUN9_MAXENT.Phillips","rand2.SPHYRNA.ZYGAENA_PA1_RUN9_MAXENT.Phillips","rand3.SPHYRNA.ZYGAENA_PA1_RUN9_MAXENT.Phillips","rand4.SPHYRNA.ZYGAENA_PA1_RUN9_MAXENT.Phillips","rand5.SPHYRNA.ZYGAENA_PA1_RUN9_MAXENT.Phillips","rand1.SPHYRNA.ZYGAENA_PA1_RUN10_GAM","rand2.SPHYRNA.ZYGAENA_PA1_RUN10_GAM","rand3.SPHYRNA.ZYGAENA_PA1_RUN10_GAM","rand4.SPHYRNA.ZYGAENA_PA1_RUN10_GAM","rand5.SPHYRNA.ZYGAENA_PA1_RUN10_GAM","rand1.SPHYRNA.ZYGAENA_PA1_RUN10_GLM","rand2.SPHYRNA.ZYGAENA_PA1_RUN10_GLM","rand3.SPHYRNA.ZYGAENA_PA1_RUN10_GLM","rand4.SPHYRNA.ZYGAENA_PA1_RUN10_GLM","rand5.SPHYRNA.ZYGAENA_PA1_RUN10_GLM","rand1.SPHYRNA.ZYGAENA_PA1_RUN10_MAXENT.Phillips","rand2.SPHYRNA.ZYGAENA_PA1_RUN10_MAXENT.Phillips","rand3.SPHYRNA.ZYGAENA_PA1_RUN10_MAXENT.Phillips","rand4.SPHYRNA.ZYGAENA_PA1_RUN10_MAXENT.Phillips","rand5.SPHYRNA.ZYGAENA_PA1_RUN10_MAXENT.Phillips","rand1.SPHYRNA.ZYGAENA_PA1_Full_GAM","rand2.SPHYRNA.ZYGAENA_PA1_Full_GAM","rand3.SPHYRNA.ZYGAENA_PA1_Full_GAM","rand4.SPHYRNA.ZYGAENA_PA1_Full_GAM","rand5.SPHYRNA.ZYGAENA_PA1_Full_GAM","rand1.SPHYRNA.ZYGAENA_PA1_Full_GLM","rand2.SPHYRNA.ZYGAENA_PA1_Full_GLM","rand3.SPHYRNA.ZYGAENA_PA1_Full_GLM","rand4.SPHYRNA.ZYGAENA_PA1_Full_GLM","rand5.SPHYRNA.ZYGAENA_PA1_Full_GLM","rand1.SPHYRNA.ZYGAENA_PA1_Full_MAXENT.Phillips","rand2.SPHYRNA.ZYGAENA_PA1_Full_MAXENT.Phillips","rand3.SPHYRNA.ZYGAENA_PA1_Full_MAXENT.Phillips","rand4.SPHYRNA.ZYGAENA_PA1_Full_MAXENT.Phillips","rand5.SPHYRNA.ZYGAENA_PA1_Full_MAXENT.Phillips","rand1.SPHYRNA.ZYGAENA_PA2_RUN1_GAM","rand2.SPHYRNA.ZYGAENA_PA2_RUN1_GAM","rand3.SPHYRNA.ZYGAENA_PA2_RUN1_GAM","rand4.SPHYRNA.ZYGAENA_PA2_RUN1_GAM","rand5.SPHYRNA.ZYGAENA_PA2_RUN1_GAM","rand1.SPHYRNA.ZYGAENA_PA2_RUN1_GLM","rand2.SPHYRNA.ZYGAENA_PA2_RUN1_GLM","rand3.SPHYRNA.ZYGAENA_PA2_RUN1_GLM","rand4.SPHYRNA.ZYGAENA_PA2_RUN1_GLM","rand5.SPHYRNA.ZYGAENA_PA2_RUN1_GLM","rand1.SPHYRNA.ZYGAENA_PA2_RUN1_MAXENT.Phillips","rand2.SPHYRNA.ZYGAENA_PA2_RUN1_MAXENT.Phillips","rand3.SPHYRNA.ZYGAENA_PA2_RUN1_MAXENT.Phillips","rand4.SPHYRNA.ZYGAENA_PA2_RUN1_MAXENT.Phillips","rand5.SPHYRNA.ZYGAENA_PA2_RUN1_MAXENT.Phillips","rand1.SPHYRNA.ZYGAENA_PA2_RUN2_GAM","rand2.SPHYRNA.ZYGAENA_PA2_RUN2_GAM","rand3.SPHYRNA.ZYGAENA_PA2_RUN2_GAM","rand4.SPHYRNA.ZYGAENA_PA2_RUN2_GAM","rand5.SPHYRNA.ZYGAENA_PA2_RUN2_GAM","rand1.SPHYRNA.ZYGAENA_PA2_RUN2_GLM","rand2.SPHYRNA.ZYGAENA_PA2_RUN2_GLM","rand3.SPHYRNA.ZYGAENA_PA2_RUN2_GLM","rand4.SPHYRNA.ZYGAENA_PA2_RUN2_GLM","rand5.SPHYRNA.ZYGAENA_PA2_RUN2_GLM","rand1.SPHYRNA.ZYGAENA_PA2_RUN2_MAXENT.Phillips","rand2.SPHYRNA.ZYGAENA_PA2_RUN2_MAXENT.Phillips","rand3.SPHYRNA.ZYGAENA_PA2_RUN2_MAXENT.Phillips","rand4.SPHYRNA.ZYGAENA_PA2_RUN2_MAXENT.Phillips","rand5.SPHYRNA.ZYGAENA_PA2_RUN2_MAXENT.Phillips","rand1.SPHYRNA.ZYGAENA_PA2_RUN3_GAM","rand2.SPHYRNA.ZYGAENA_PA2_RUN3_GAM","rand3.SPHYRNA.ZYGAENA_PA2_RUN3_GAM","rand4.SPHYRNA.ZYGAENA_PA2_RUN3_GAM","rand5.SPHYRNA.ZYGAENA_PA2_RUN3_GAM","rand1.SPHYRNA.ZYGAENA_PA2_RUN3_GLM","rand2.SPHYRNA.ZYGAENA_PA2_RUN3_GLM","rand3.SPHYRNA.ZYGAENA_PA2_RUN3_GLM","rand4.SPHYRNA.ZYGAENA_PA2_RUN3_GLM","rand5.SPHYRNA.ZYGAENA_PA2_RUN3_GLM","rand1.SPHYRNA.ZYGAENA_PA2_RUN3_MAXENT.Phillips","rand2.SPHYRNA.ZYGAENA_PA2_RUN3_MAXENT.Phillips","rand3.SPHYRNA.ZYGAENA_PA2_RUN3_MAXENT.Phillips","rand4.SPHYRNA.ZYGAENA_PA2_RUN3_MAXENT.Phillips","rand5.SPHYRNA.ZYGAENA_PA2_RUN3_MAXENT.Phillips","rand1.SPHYRNA.ZYGAENA_PA2_RUN4_GAM","rand2.SPHYRNA.ZYGAENA_PA2_RUN4_GAM","rand3.SPHYRNA.ZYGAENA_PA2_RUN4_GAM","rand4.SPHYRNA.ZYGAENA_PA2_RUN4_GAM","rand5.SPHYRNA.ZYGAENA_PA2_RUN4_GAM","rand1.SPHYRNA.ZYGAENA_PA2_RUN4_GLM","rand2.SPHYRNA.ZYGAENA_PA2_RUN4_GLM","rand3.SPHYRNA.ZYGAENA_PA2_RUN4_GLM","rand4.SPHYRNA.ZYGAENA_PA2_RUN4_GLM","rand5.SPHYRNA.ZYGAENA_PA2_RUN4_GLM","rand1.SPHYRNA.ZYGAENA_PA2_RUN4_MAXENT.Phillips","rand2.SPHYRNA.ZYGAENA_PA2_RUN4_MAXENT.Phillips","rand3.SPHYRNA.ZYGAENA_PA2_RUN4_MAXENT.Phillips","rand4.SPHYRNA.ZYGAENA_PA2_RUN4_MAXENT.Phillips","rand5.SPHYRNA.ZYGAENA_PA2_RUN4_MAXENT.Phillips","rand1.SPHYRNA.ZYGAENA_PA2_RUN5_GAM","rand2.SPHYRNA.ZYGAENA_PA2_RUN5_GAM","rand3.SPHYRNA.ZYGAENA_PA2_RUN5_GAM","rand4.SPHYRNA.ZYGAENA_PA2_RUN5_GAM","rand5.SPHYRNA.ZYGAENA_PA2_RUN5_GAM","rand1.SPHYRNA.ZYGAENA_PA2_RUN5_GLM","rand2.SPHYRNA.ZYGAENA_PA2_RUN5_GLM","rand3.SPHYRNA.ZYGAENA_PA2_RUN5_GLM","rand4.SPHYRNA.ZYGAENA_PA2_RUN5_GLM","rand5.SPHYRNA.ZYGAENA_PA2_RUN5_GLM","rand1.SPHYRNA.ZYGAENA_PA2_RUN5_MAXENT.Phillips","rand2.SPHYRNA.ZYGAENA_PA2_RUN5_MAXENT.Phillips","rand3.SPHYRNA.ZYGAENA_PA2_RUN5_MAXENT.Phillips","rand4.SPHYRNA.ZYGAENA_PA2_RUN5_MAXENT.Phillips","rand5.SPHYRNA.ZYGAENA_PA2_RUN5_MAXENT.Phillips","rand1.SPHYRNA.ZYGAENA_PA2_RUN6_GAM","rand2.SPHYRNA.ZYGAENA_PA2_RUN6_GAM","rand3.SPHYRNA.ZYGAENA_PA2_RUN6_GAM","rand4.SPHYRNA.ZYGAENA_PA2_RUN6_GAM","rand5.SPHYRNA.ZYGAENA_PA2_RUN6_GAM","rand1.SPHYRNA.ZYGAENA_PA2_RUN6_GLM","rand2.SPHYRNA.ZYGAENA_PA2_RUN6_GLM","rand3.SPHYRNA.ZYGAENA_PA2_RUN6_GLM","rand4.SPHYRNA.ZYGAENA_PA2_RUN6_GLM","rand5.SPHYRNA.ZYGAENA_PA2_RUN6_GLM","rand1.SPHYRNA.ZYGAENA_PA2_RUN6_MAXENT.Phillips","rand2.SPHYRNA.ZYGAENA_PA2_RUN6_MAXENT.Phillips","rand3.SPHYRNA.ZYGAENA_PA2_RUN6_MAXENT.Phillips","rand4.SPHYRNA.ZYGAENA_PA2_RUN6_MAXENT.Phillips","rand5.SPHYRNA.ZYGAENA_PA2_RUN6_MAXENT.Phillips","rand1.SPHYRNA.ZYGAENA_PA2_RUN7_GAM","rand2.SPHYRNA.ZYGAENA_PA2_RUN7_GAM","rand3.SPHYRNA.ZYGAENA_PA2_RUN7_GAM","rand4.SPHYRNA.ZYGAENA_PA2_RUN7_GAM","rand5.SPHYRNA.ZYGAENA_PA2_RUN7_GAM","rand1.SPHYRNA.ZYGAENA_PA2_RUN7_GLM","rand2.SPHYRNA.ZYGAENA_PA2_RUN7_GLM","rand3.SPHYRNA.ZYGAENA_PA2_RUN7_GLM","rand4.SPHYRNA.ZYGAENA_PA2_RUN7_GLM","rand5.SPHYRNA.ZYGAENA_PA2_RUN7_GLM","rand1.SPHYRNA.ZYGAENA_PA2_RUN7_MAXENT.Phillips","rand2.SPHYRNA.ZYGAENA_PA2_RUN7_MAXENT.Phillips","rand3.SPHYRNA.ZYGAENA_PA2_RUN7_MAXENT.Phillips","rand4.SPHYRNA.ZYGAENA_PA2_RUN7_MAXENT.Phillips","rand5.SPHYRNA.ZYGAENA_PA2_RUN7_MAXENT.Phillips","rand1.SPHYRNA.ZYGAENA_PA2_RUN8_GAM","rand2.SPHYRNA.ZYGAENA_PA2_RUN8_GAM","rand3.SPHYRNA.ZYGAENA_PA2_RUN8_GAM","rand4.SPHYRNA.ZYGAENA_PA2_RUN8_GAM","rand5.SPHYRNA.ZYGAENA_PA2_RUN8_GAM","rand1.SPHYRNA.ZYGAENA_PA2_RUN8_GLM","rand2.SPHYRNA.ZYGAENA_PA2_RUN8_GLM","rand3.SPHYRNA.ZYGAENA_PA2_RUN8_GLM","rand4.SPHYRNA.ZYGAENA_PA2_RUN8_GLM","rand5.SPHYRNA.ZYGAENA_PA2_RUN8_GLM","rand1.SPHYRNA.ZYGAENA_PA2_RUN8_MAXENT.Phillips","rand2.SPHYRNA.ZYGAENA_PA2_RUN8_MAXENT.Phillips","rand3.SPHYRNA.ZYGAENA_PA2_RUN8_MAXENT.Phillips","rand4.SPHYRNA.ZYGAENA_PA2_RUN8_MAXENT.Phillips","rand5.SPHYRNA.ZYGAENA_PA2_RUN8_MAXENT.Phillips","rand1.SPHYRNA.ZYGAENA_PA2_RUN9_GAM","rand2.SPHYRNA.ZYGAENA_PA2_RUN9_GAM","rand3.SPHYRNA.ZYGAENA_PA2_RUN9_GAM","rand4.SPHYRNA.ZYGAENA_PA2_RUN9_GAM","rand5.SPHYRNA.ZYGAENA_PA2_RUN9_GAM","rand1.SPHYRNA.ZYGAENA_PA2_RUN9_GLM","rand2.SPHYRNA.ZYGAENA_PA2_RUN9_GLM","rand3.SPHYRNA.ZYGAENA_PA2_RUN9_GLM","rand4.SPHYRNA.ZYGAENA_PA2_RUN9_GLM","rand5.SPHYRNA.ZYGAENA_PA2_RUN9_GLM","rand1.SPHYRNA.ZYGAENA_PA2_RUN9_MAXENT.Phillips","rand2.SPHYRNA.ZYGAENA_PA2_RUN9_MAXENT.Phillips","rand3.SPHYRNA.ZYGAENA_PA2_RUN9_MAXENT.Phillips","rand4.SPHYRNA.ZYGAENA_PA2_RUN9_MAXENT.Phillips","rand5.SPHYRNA.ZYGAENA_PA2_RUN9_MAXENT.Phillips","rand1.SPHYRNA.ZYGAENA_PA2_RUN10_GAM","rand2.SPHYRNA.ZYGAENA_PA2_RUN10_GAM","rand3.SPHYRNA.ZYGAENA_PA2_RUN10_GAM","rand4.SPHYRNA.ZYGAENA_PA2_RUN10_GAM","rand5.SPHYRNA.ZYGAENA_PA2_RUN10_GAM","rand1.SPHYRNA.ZYGAENA_PA2_RUN10_GLM","rand2.SPHYRNA.ZYGAENA_PA2_RUN10_GLM","rand3.SPHYRNA.ZYGAENA_PA2_RUN10_GLM","rand4.SPHYRNA.ZYGAENA_PA2_RUN10_GLM","rand5.SPHYRNA.ZYGAENA_PA2_RUN10_GLM","rand1.SPHYRNA.ZYGAENA_PA2_RUN10_MAXENT.Phillips","rand2.SPHYRNA.ZYGAENA_PA2_RUN10_MAXENT.Phillips","rand3.SPHYRNA.ZYGAENA_PA2_RUN10_MAXENT.Phillips","rand4.SPHYRNA.ZYGAENA_PA2_RUN10_MAXENT.Phillips","rand5.SPHYRNA.ZYGAENA_PA2_RUN10_MAXENT.Phillips","rand1.SPHYRNA.ZYGAENA_PA2_Full_GAM","rand2.SPHYRNA.ZYGAENA_PA2_Full_GAM","rand3.SPHYRNA.ZYGAENA_PA2_Full_GAM","rand4.SPHYRNA.ZYGAENA_PA2_Full_GAM","rand5.SPHYRNA.ZYGAENA_PA2_Full_GAM","rand1.SPHYRNA.ZYGAENA_PA2_Full_GLM","rand2.SPHYRNA.ZYGAENA_PA2_Full_GLM","rand3.SPHYRNA.ZYGAENA_PA2_Full_GLM","rand4.SPHYRNA.ZYGAENA_PA2_Full_GLM","rand5.SPHYRNA.ZYGAENA_PA2_Full_GLM","rand1.SPHYRNA.ZYGAENA_PA2_Full_MAXENT.Phillips","rand2.SPHYRNA.ZYGAENA_PA2_Full_MAXENT.Phillips","rand3.SPHYRNA.ZYGAENA_PA2_Full_MAXENT.Phillips","rand4.SPHYRNA.ZYGAENA_PA2_Full_MAXENT.Phillips","rand5.SPHYRNA.ZYGAENA_PA2_Full_MAXENT.Phillips"
0.486518,0.554149,0.546246,0.540775,0.527333,0.444242,0.417515,0.425233,0.458054,0.449558,0.233646,0.221316,0.236473,0.234769,0.259422,0.864467,0.862511,0.901999,0.791711,0.832211,0.636943,0.666231,0.572034,0.582491,0.675634,0.834405,0.736339,0.754215,0.705542,0.832706,0.367092,0.35503,0.32734,0.399108,0.409923,0.314222,0.354073,0.298596,0.359583,0.32601,0.572114,0.51627,0.573338,0.535858,0.523304,0.80211,0.801932,0.779035,0.845723,0.83146,0.917279,0.994003,0.956888,1,0.929504,0.794009,0.858647,0.913265,0.762714,0.84769,0.156381,0.178853,0.106364,0.09593,0.1545,0.352532,0.356965,0.322055,0.364198,0.334489,0.516292,0.528602,0.497343,0.553281,0.540037,0.608344,0.605758,0.617924,0.63058,0.671582,0.400571,0.372215,0.384716,0.394868,0.436167,0.79776,0.827899,0.865086,0.784894,0.821647,0.942372,0.938541,0.917168,0.867075,0.944701,0.383384,0.366474,0.398318,0.383664,0.413093,0.736568,0.77426,0.769656,0.764941,0.66314,0.97323,0.912265,0.887733,0.925469,0.956876,0.571698,0.599837,0.640263,0.535174,0.590352,0.419355,0.426534,0.416898,0.45169,0.418818,0.284193,0.244078,0.239525,0.238019,0.232041,0.389823,0.406951,0.340853,0.393628,0.40226,0.791434,0.835027,0.782914,0.794678,0.774944,0.980857,0.958225,1,1,0.969207,0.50933,0.488653,0.488902,0.438861,0.460203,0.562091,0.641894,0.635187,0.645008,0.494976,0.392649,0.396066,0.413274,0.413101,0.362601,0.446637,0.474294,0.415931,0.487801,0.47059,0.515975,0.608339,0.508082,0.617453,0.56866,0.67445,0.749677,0.655079,0.613459,0.685482,0.442607,0.484728,0.464352,0.456872,0.495126,0.596374,0.616148,0.595376,0.595826,0.6557,0.533615,0.551458,0.522881,0.604708,0.516032,0.45478,0.47879,0.443775,0.445006,0.42511,0.290042,0.328367,0.287359,0.332336,0.26027,0.46073,0.453985,0.502417,0.492511,0.398081,0.932264,0.937548,0.912966,0.918323,0.83299,0.171011,0.211239,0.232555,0.229754,0.189941,0.16983,0.143738,0.148502,0.163337,0.158042,0.261496,0.296238,0.309393,0.289449,0.308988,0.533907,0.517893,0.505611,0.54674,0.522265,0.340106,0.360462,0.381262,0.374964,0.381422,0.436701,0.441067,0.439083,0.420043,0.423313,0.653439,0.58797,0.602296,0.646056,0.58468,0.251118,0.271169,0.265579,0.27387,0.291461,0.430565,0.417424,0.377837,0.464203,0.392521,0.327799,0.296958,0.327434,0.274055,0.368386,0.435509,0.460956,0.500452,0.450955,0.445572,0.386141,0.39211,0.406022,0.337902,0.384726,0.686056,0.76777,0.660705,0.696528,0.606641,0.47608,0.457717,0.551537,0.522239,0.488736,0,0,0,0,0,0.534184,0.511512,0.556081,0.564128,0.521567,0.558314,0.574421,0.516196,0.607485,0.570102,0.426107,0.506602,0.519577,0.455896,0.515151,0.218741,0.23246,0.250824,0.216214,0.233383,0.283946,0.328022,0.27821,0.321094,0.337124,0.409048,0.394243,0.348046,0.408293,0.366248,0.116937,0.109349,0.109146,0.1156,0.127308,0.59005,0.572254,0.565189,0.525818,0.522927,0.433225,0.45735,0.387025,0.368885,0.393225,0.463102,0.515667,0.430953,0.465262,0.470599
0.462921,0.530326,0.563748,0.513577,0.5822,0,0,0,0,0,0,0,0,0,0,0.526318,0.574031,0.557441,0.567805,0.561427,0,0,0,0,0,0,0,0,0,0,0.588566,0.620731,0.597337,0.601323,0.60005,0,0,0,0,0,0,0,0,0,0,0.285602,0.305575,0.26427,0.279886,0.287725,0,0,0,0,0,0,0,0,0,0,0.298608,0.267011,0.327061,0.280581,0.276223,0,0,0,0,0,0,0,0,0,0,0.439833,0.370665,0.400726,0.465376,0.398909,0,0,0,0,0,0,0,0,0,0,0.70347,0.637168,0.783432,0.717191,0.733521,0.0414870000000001,0.035551,0.038411,0.036919,0.038783,0,0,0,0,0,0.485946,0.566463,0.505848,0.523504,0.538749,0,0,0,0,0,0,0,0,0,0,0.316191,0.281183,0.367755,0.332022,0.381485,0,0,0,0,0,0.025045,0.021943,0.029097,0.0269470000000001,0.022913,0.354014,0.38016,0.306354,0.332803,0.365618,0,0,0,0,0,0.034913,0.030206,0.0240590000000001,0.027122,0.021713,0.474285,0.498186,0.503323,0.461551,0.510433,0,0,0,0,0,0.00486399999999998,0.00629199999999996,0.00565000000000004,0.00610299999999997,0.000982000000000038,0.61171,0.57294,0.656754,0.621386,0.59819,0,0,0,0,0,0.042957,0.075576,0.055609,0.033184,0.046239,0.37371,0.378184,0.390374,0.417001,0.367736,0,0,0,0,0,0.027736,0.065177,0.033047,0.033282,0.060285,0.51698,0.528609,0.524094,0.478608,0.453866,0,0,0,0,0,0.085795,0.083722,0.093077,0.09067,0.075794,0.617817,0.51523,0.579456,0.609198,0.559333,0,0,0,0,0,0,0,0,0,0,0.361072,0.384228,0.386052,0.342121,0.343526,0,0,0,0,0,0.016977,0.02816,0.0114300000000001,0.009185,0.01768,0.419785,0.372198,0.362188,0.382556,0.412176,0,0,0,0,0,0.02205,0.01749,0.018145,0.015051,0.022138,0.119329,0.116112,0.10385,0.102148,0.115615,0,0,0,0,0,0,0,0,0,0,0.574605,0.511971,0.526143,0.515456,0.470422,0,0,0,0,0,0.08635,0.084412,0.080603,0.110481,0.0922809999999999,0.00583900000000004,0.00401799999999997,0.00479600000000002,0.00627100000000003,0.00503699999999996,0.283164,0.340265,0.323815,0.329519,0.303064,0.021586,0.022999,0.0218429999999999,0.020845,0.022274,0.52285,0.507768,0.443439,0.487472,0.473501,0,0,0,0,0,0.021695,0.017781,0.0161829999999999,0.015101,0.0222329999999999,0.455709,0.442267,0.420143,0.370101,0.404301,0,0,0,0,0,0.019964,0.019625,0.026263,0.025667,0.0200979999999999
0.29348,0.318643,0.304438,0.277891,0.271015,0,0,0,0,0,0.077743,0.0901690000000001,0.096815,0.106669,0.12539,0.517186,0.473729,0.480666,0.486276,0.500249,0,0,0,0,0,0.034181,0.037282,0.037106,0.040851,0.042739,0.490173,0.399174,0.488768,0.415915,0.427819,0,0,0,0,0,0.132727,0.15925,0.144255,0.142673,0.132429,0.38359,0.376821,0.373145,0.356161,0.331665,0,0,0,0,0,0.014339,0.016584,0.015033,0.016678,0.011116,0.628183,0.524789,0.594319,0.559141,0.578275,0,0,0,0,0,0.076823,0.043955,0.085666,0.090738,0.073899,0.651032,0.654443,0.685408,0.716397,0.700884,0,0,0,0,0,2.19999999999665e-05,2.000000000002e-05,1.09999999999832e-05,2.29999999999952e-05,2.10000000000488e-05,0.611148,0.647841,0.70822,0.63718,0.666765,0,0,0,0,0,0.090273,0.0679110000000001,0.098144,0.095794,0.080196,0.584147,0.568996,0.546548,0.558915,0.608442,0,0,0,0,0,0.105887,0.094553,0.111866,0.097759,0.113289,0.635945,0.657501,0.602903,0.597227,0.623407,0,0,0,0,0,0.017232,0.023441,0.027529,0.017782,0.0124840000000001,0.624425,0.559099,0.561456,0.541364,0.559146,0,0,0,0,0,0.022023,0.024743,0.020297,0.016548,0.019522,0.404363,0.405338,0.417174,0.378263,0.366464,0,0,0,0,0,0.0189,0.00981600000000005,0.015049,0.00407599999999997,0.011452,0.518675,0.599797,0.489944,0.555581,0.524201,0,0,0,0,0,0.071716,0.061763,0.069122,0.070619,0.079569,0.451949,0.446259,0.405451,0.469371,0.474899,0,0,0,0,0,0.0533400000000001,0.052498,0.0584789999999999,0.045936,0.053368,0.607245,0.552496,0.562508,0.618975,0.568079,0,0,0,0,0,0,0,0,0,0,0.726948,0.685652,0.730964,0.743529,0.74648,0,0,0,0,0,0,0,0,0,0,0.382743,0.380033,0.347511,0.340586,0.373455,0,0,0,0,0,0,0,0,0,0,0.66883,0.697159,0.73168,0.670757,0.764101,0,0,0,0,0,0,0,0,0,0,0.450151,0.501013,0.534668,0.515777,0.493629,0,0,0,0,0,0,0,0,0,0,0.457689,0.53263,0.519448,0.516213,0.521147,0,0,0,0,0,0,0,0,0,0,0.122559,0.104824,0.11316,0.109311,0.113058,0,0,0,0,0,0.03065,0.035697,0.03521,0.030254,0.026705,0.782838,0.783751,0.827783,0.811027,0.800879,0.554274,0.588397,0.478606,0.564589,0.536029,0.014949,0.010307,0.00796300000000005,0.016936,0.0171249999999999,0.722606,0.768335,0.730393,0.755407,0.700206,0,0,0,0,0,2.99999999997524e-06,2.99999999997524e-06,1.99999999994649e-06,1.99999999994649e-06,1.99999999994649e-06
0.720757,0.634611,0.729217,0.752059,0.687209,0.029605,0.03263,0.034128,0.029013,0.036099,0.099308,0.084577,0.111166,0.084568,0.121002,0.581613,0.557382,0.60578,0.610584,0.554045,0.173924,0.218255,0.203235,0.199434,0.198157,9.5999999999985e-05,7.00000000000145e-05,3.79999999999825e-05,4.49999999999617e-05,5.29999999999697e-05,0.585974,0.548949,0.544805,0.589494,0.590101,0.12268,0.15588,0.116311,0.13673,0.135979,0.282435,0.2587,0.307448,0.293745,0.298523,0.225453,0.23057,0.25695,0.254806,0.262548,0.205678,0.218622,0.22204,0.199451,0.215271,0.10328,0.098661,0.114175,0.103645,0.113062,0.490822,0.531133,0.497561,0.527533,0.44441,0.124425,0.124349,0.123814,0.119271,0.121482,0.257348,0.278635,0.312054,0.280888,0.288748,0.360041,0.329319,0.298418,0.286886,0.332032,0.263225,0.277649,0.299499,0.306213,0.263599,0.191776,0.226107,0.163161,0.185339,0.21305,0.424136,0.397018,0.427363,0.331081,0.364434,0,0,0,0,0,0.00989700000000004,0.00718700000000005,0.00438899999999998,0.00670499999999996,0.00468599999999997,0.513069,0.524951,0.51226,0.54366,0.532611,0.038709,0.042344,0.04543,0.044794,0.034763,0.158518,0.142436,0.118665,0.119556,0.156858,0.485663,0.451778,0.489779,0.498571,0.413224,0.036366,0.036909,0.04074,0.050197,0.039103,0.00443800000000005,0.00646599999999997,0.00674799999999998,0.00612400000000002,0.00610299999999997,0.466745,0.472171,0.413577,0.409926,0.437443,0.126148,0.102398,0.13533,0.095687,0.099776,0.16495,0.170935,0.239361,0.195643,0.19094,0.453345,0.509049,0.477662,0.502759,0.535173,0.039392,0.0330549999999999,0.0346030000000001,0.030986,0.039722,0.233369,0.17638,0.183545,0.258479,0.20609,0.448056,0.416137,0.385177,0.462527,0.487233,0,0,0,0,0,0,0,0,0,0,0.206181,0.213538,0.189213,0.220115,0.205216,0,0,0,0,0,0.180658,0.2181,0.189176,0.23156,0.210418,0.038647,0.032798,0.032075,0.035394,0.049625,0.062114,0.061812,0.066483,0.06872,0.068804,0.035882,0.0260359999999999,0.033656,0.032099,0.019823,0.469144,0.439357,0.421005,0.426615,0.458593,0.142127,0.117736,0.102788,0.129674,0.127245,0,0,0,0,0,0.094353,0.095658,0.0887520000000001,0.104071,0.108546,0,0,0,0,0,0,0,0,0,0,0.047794,0.044282,0.04596,0.038991,0.043439,0,0,0,0,0,0,0,0,0,0,0.533178,0.4378,0.466107,0.425664,0.442955,0.477168,0.51664,0.517314,0.467308,0.451863,0.00342100000000001,0.003772,0.00364799999999998,0.00340700000000005,0.00287400000000004,0.123343,0.122966,0.11988,0.118402,0.136097,0,0,0,0,0,0,0,0,0,0,0.0232830000000001,0.023034,0.020861,0.024031,0.0212290000000001,0.105678,0.099197,0.125665,0.093962,0.100077,0,0,0,0,0,0.289178,0.267272,0.279419,0.304006,0.291699,0,0,0,0,0,0,0,0,0,0,0.119105,0.129661,0.12099,0.133586,0.134136,0.055567,0.067391,0.061808,0.056383,0.060677,0,0,0,0,0
0.818845,0.820605,0.914799,0.846404,0.734664,0.447371,0.470601,0.481222,0.451148,0.460212,0.818488,0.753293,0.700174,0.747205,0.755241,0.093114,0.084669,0.11015,0.058311,0.056886,0.129919,0.169971,0.134915,0.126813,0.14456,0.108992,0.136895,0.090266,0.140575,0.133937,0.604947,0.602744,0.681889,0.658429,0.670911,0.556132,0.498046,0.544027,0.575546,0.592897,0.380017,0.390606,0.369544,0.377834,0.427318,0.228076,0.166571,0.158653,0.152512,0.157033,0,0,0,0,0,0.06781,0.070475,0.071865,0.077998,0.0835090000000001,0.912651,1,0.892698,0.990313,0.936417,0.563176,0.560731,0.552047,0.611638,0.56172,0.368228,0.378655,0.368504,0.407748,0.391316,0.265863,0.254244,0.255957,0.243295,0.198454,0,0,0,0,0,0.075345,0.060161,0.0838100000000001,0.064865,0.086407,0.362272,0.359672,0.335925,0.352503,0.34203,0.445587,0.469239,0.506894,0.447267,0.50938,0.134345,0.142778,0.157167,0.126271,0.153593,0.298791,0.277641,0.297317,0.274726,0.314722,0.291285,0.278069,0.291417,0.245104,0.291331,0.370098,0.403617,0.38463,0.435421,0.444794,0.76144,0.745602,0.762244,0.823991,0.731981,0.559912,0.550805,0.53436,0.561057,0.573823,0.281844,0.302784,0.293612,0.284248,0.31172,0.186593,0.156027,0.158546,0.193114,0.186894,0.374643,0.389995,0.384916,0.358627,0.345242,0.287742,0.335423,0.32044,0.329075,0.315512,0.530844,0.574064,0.50325,0.559798,0.505339,0.407836,0.398904,0.431055,0.344181,0.415014,0.431902,0.445609,0.465815,0.451796,0.481808,0.382107,0.39284,0.429319,0.44879,0.440913,0.266528,0.225311,0.260595,0.266861,0.245282,0.265863,0.235743,0.234142,0.238436,0.204852,0.309515,0.30226,0.318465,0.333389,0.345189,0.52586,0.534231,0.502161,0.451535,0.472788,0.372538,0.334648,0.363065,0.337296,0.386034,0.352595,0.316706,0.281402,0.322334,0.314994,0,0,0,0,0,0.465954,0.428107,0.483819,0.474176,0.493178,0.723602,0.747793,0.718881,0.710856,0.783151,0.414981,0.392183,0.357193,0.38022,0.442174,0.299951,0.34911,0.270638,0.300001,0.286989,0.438561,0.402237,0.45014,0.46128,0.42827,0.321194,0.341599,0.358901,0.336567,0.322301,0.322704,0.314577,0.358881,0.316639,0.306252,0.408894,0.387013,0.369637,0.446732,0.362125,0.391309,0.394342,0.359289,0.390537,0.419296,0.544651,0.532571,0.499402,0.517195,0.539505,0.431708,0.467065,0.514012,0.461045,0.547344,0.683675,0.694436,0.677597,0.616926,0.73339,0.338294,0.293904,0.319773,0.314481,0.303982,0.449033,0.478824,0.477504,0.477784,0.482623,0.96486,0.882042,0.989936,1,0.930567,0.35828,0.31389,0.347596,0.32293,0.330879,0.185206,0.170145,0.173158,0.187257,0.181774,0.286599,0.285974,0.300576,0.284176,0.303467,0.576081,0.62179,0.629738,0.591514,0.659065,0.178825,0.243893,0.22852,0.251222,0.232228,0.399118,0.386374,0.432536,0.379436,0.385029,0.706934,0.727092,0.719311,0.736175,0.663451,0.177524,0.147529,0.168502,0.163922,0.156817,0.320451,0.308888,0.300454,0.331004,0.370261,0.331309,0.349917,0.354453,0.396551,0.383336
0.570422,0.607133,0.58985,0.60842,0.589106,0,0,0,0,0,0,0,0,0,0,0.510633,0.569866,0.56345,0.492331,0.500782,0,0,0,0,0,0,0,0,0,0,0.225734,0.243151,0.201278,0.22954,0.208663,0,0,0,0,0,0.005768,0.00400400000000001,0.00506399999999996,0.00510500000000003,0.006772,0.32995,0.341861,0.385085,0.368244,0.355951,0,0,0,0,0,0,0,0,0,0,0.320992,0.380856,0.359992,0.349061,0.375621,0,0,0,0,0,0,0,0,0,0,0.456575,0.437527,0.450436,0.441268,0.450187,0,0,0,0,0,0,0,0,0,0,0.274216,0.24879,0.288436,0.283159,0.262885,0,0,0,0,0,0,0,0,0,0,0.386496,0.316061,0.367665,0.403927,0.379777,0,0,0,0,0,0,0,0,0,0,0.389822,0.375721,0.345106,0.376108,0.366585,0,0,0,0,0,0,0,0,0,0,0.349732,0.323553,0.343932,0.304073,0.317731,0,0,0,0,0,0.005386,0.00305900000000003,0.00787199999999999,0.00659600000000005,0.00468599999999997,0.357036,0.364388,0.368988,0.36727,0.286094,0,0,0,0,0,0,0,0,0,0,0.349332,0.360191,0.340513,0.395901,0.399657,0,0,0,0,0,0.026276,0.031172,0.035064,0.024306,0.045584,0.00132500000000002,0.000982000000000038,0.00217800000000001,0.00190599999999996,0.00147699999999995,0.342144,0.31179,0.287701,0.327362,0.300644,0.00162300000000004,0.00211399999999995,0.001475,0.00164500000000001,0.00186600000000003,0.552596,0.498102,0.492132,0.580454,0.530512,0,0,0,0,0,0.001753,0.00144599999999995,0.00131800000000004,0.00146500000000005,0.001471,0.422144,0.418225,0.480299,0.411964,0.458795,0,0,0,0,0,0,0,0,0,0,0.193989,0.186345,0.157652,0.192276,0.193167,0,0,0,0,0,0,0,0,0,0,0.033065,0.026019,0.03346,0.025149,0.034741,0,0,0,0,0,0,0,0,0,0,0.244841,0.230702,0.228639,0.241726,0.195234,0.386945,0.414136,0.450614,0.410408,0.419765,0,0,0,0,0,0.09305,0.09143,0.091016,0.087157,0.099687,0,0,0,0,0,0,0,0,0,0,0.159965,0.164737,0.153795,0.163981,0.168296,0,0,0,0,0,0.00993500000000003,0.00680899999999995,0.000353999999999965,0.00204099999999996,0.00707999999999998,0.271769,0.320502,0.28114,0.3148,0.297774,0,0,0,0,0,0,0,0,0,0,0.255082,0.224227,0.251975,0.230412,0.248442,0,0,0,0,0,0,0,0,0,0
0.514598,0.502069,0.537135,0.554473,0.513243,0,0,0,0,0,0,0,0,0,0,0.13517,0.152985,0.134996,0.141954,0.16122,0,0,0,0,0,0,0,0,0,0,0.308949,0.323892,0.311957,0.309231,0.318444,0,0,0,0,0,1.99999999994649e-06,1.00000000002876e-06,1.00000000002876e-06,1.00000000002876e-06,1.00000000002876e-06,0.276264,0.280655,0.311402,0.251721,0.293275,0,0,0,0,0,0,0,0,0,0,0.476286,0.496007,0.451647,0.501904,0.472946,0,0,0,0,0,0,0,0,0,0,0.227166,0.229646,0.232966,0.2085,0.217869,0,0,0,0,0,0,0,0,0,0,0.469494,0.484838,0.469614,0.455591,0.480874,0,0,0,0,0,0,0,0,0,0,0.117069,0.113155,0.119555,0.142085,0.133834,0,0,0,0,0,0,0,0,0,0,0.283809,0.298538,0.302132,0.335245,0.363896,0,0,0,0,0,0.102967,0.086415,0.111343,0.085741,0.084785,0.225057,0.23317,0.196228,0.21653,0.262571,0,0,0,0,0,0.022713,0.0192909999999999,0.014368,0.019637,0.012977,0.24724,0.230197,0.205818,0.200184,0.187521,0,0,0,0,0,0.0319160000000001,0.047055,0.026962,0.0383790000000001,0.035411,0.11868,0.124219,0.107198,0.116971,0.124619,0,0,0,0,0,0.0653860000000001,0.063487,0.037569,0.047836,0.072009,0.0773160000000001,0.079056,0.090194,0.084946,0.072468,0,0,0,0,0,0,0,0,0,0,0.142776,0.136043,0.128002,0.141528,0.147261,0,0,0,0,0,0,0,0,0,0,0.049477,0.046163,0.05864,0.055926,0.064667,0,0,0,0,0,0,0,0,0,0,0.500166,0.465096,0.553614,0.547854,0.520877,0.024095,0.014792,0.016439,0.0240860000000001,0.02058,0,0,1.00000000002876e-06,0,0,0.038779,0.043198,0.037676,0.047598,0.032242,0,0,0,0,0,0,0,0,0,0,0.00676600000000005,0.014195,0.018537,0.019033,0.017153,0,0,0,0,0,0,0,0,0,0,0.445186,0.398196,0.44474,0.387944,0.386925,0,0,0,0,0,0.074162,0.077339,0.072195,0.0780999999999999,0.089073,0.098142,0.100118,0.0885010000000001,0.103857,0.09256,0,0,0,0,0,0.00629199999999996,0.001884,0.00788699999999998,0.00554100000000002,0.000511000000000039,0.00367300000000004,0.00261999999999996,0.00356800000000002,0.00644800000000001,0.00381299999999996,0,0,0,0,0,0,0,0,0,0,0.00355700000000003,0.00299099999999997,0.00219899999999995,0.00194000000000005,0.00163800000000003,0,0,0,0,0,0,0,0,0,0
0.613874,0.658276,0.663165,0.585217,0.695512,0,0,0,0,0,0,0,0,0,0,0.291817,0.299227,0.322084,0.295283,0.282264,0,0,0,0,0,0.033357,0.029868,0.041455,0.0399119999999999,0.044492,0.144899,0.128802,0.129552,0.11806,0.14594,0,0,0,0,0,0.00168599999999997,0.00120299999999995,0.00137500000000002,0.000943999999999945,0.00167899999999999,0.00185599999999997,0.00691699999999995,0.00108399999999997,0.00167899999999999,0.00220200000000004,0,0,0,0,0,0,0,0,0,0,0.319957,0.260476,0.225591,0.288127,0.27979,0,0,0,0,0,0,0,0,0,0,0.241091,0.248571,0.230645,0.199543,0.202755,0,0,0,0,0,0,0,0,0,0,0.42081,0.440581,0.42638,0.457036,0.380798,0,0,0,0,0,0,0,0,0,0,0.531554,0.570656,0.578054,0.555334,0.52369,0,0,0,0,0,0.00143099999999996,0.002139,0.00152200000000002,0.001135,0.00187800000000005,0.03768,0.045004,0.042194,0.044757,0.043417,0,0,0,0,0,0.05999,0.059773,0.034935,0.038574,0.039632,0.264813,0.221152,0.294902,0.279699,0.260412,0,0,0,0,0,0,0,0,0,0,0.296656,0.304624,0.296377,0.294838,0.320131,0,0,0,0,0,0.024729,0.019551,0.023174,0.022153,0.018917,0.507735,0.493607,0.473755,0.509919,0.480468,0,0,0,0,0,0,0,0,0,0,0.147287,0.116713,0.125166,0.119272,0.112268,0.343261,0.343683,0.380807,0.37239,0.353976,0.013123,0.0325530000000001,0.027935,0.03239,0.02254,0.269665,0.284515,0.268327,0.22674,0.26112,0,0,0,0,0,0.0200669999999999,0.038438,0.028375,0.015971,0.035882,0.0772699999999999,0.09299,0.090307,0.073217,0.0767409999999999,0,0,0,0,0,0,0,0,0,0,0.250692,0.231812,0.280689,0.24124,0.251857,0,0,0,0,0,0,0,0,0,0,0.00630699999999995,0.00688800000000001,0.00568299999999999,0.00515699999999997,0.00431099999999995,0,0,0,0,0,0,0,0,0,0,0.395217,0.390729,0.457053,0.401511,0.361073,0.661322,0.64242,0.65077,0.625479,0.637422,0,0,0,0,0,0.244113,0.234284,0.21743,0.255529,0.245761,0.1519,0.1445,0.148824,0.155387,0.145634,0.018204,0.04282,0.038803,0.027287,0.032352,0.12844,0.148774,0.143234,0.141497,0.119241,0,0,0,0,0,0.000955999999999957,0.00503799999999999,0.00390299999999999,0.00637100000000002,0.00689899999999999,0.243934,0.2177,0.237171,0.225547,0.20928,0,0,0,0,0,0,0,0,0,0,0.00358599999999998,0.003467,0.00295400000000001,0.00254799999999999,0.00322299999999998,0,0,0,0,0,0,0,0,0,0
0.416766,0.456859,0.425608,0.382858,0.369784,0,0,0,0,0,0,0,0,0,0,0.317135,0.362771,0.335817,0.319152,0.33387,0,0,0,0,0,0.00358099999999995,0.00336199999999998,0.00254299999999996,0.00368599999999997,0.00429199999999996,0.019505,0.041109,0.018508,0.020794,0.035978,0,0,0,0,0,0.01531,0.016346,0.011886,0.012169,0.015608,0.370806,0.3976,0.414592,0.394848,0.379053,0,0,0,0,0,0,0,0,0,0,0.376937,0.381432,0.407093,0.353087,0.379855,0,0,0,0,0,0,0,0,0,0,0.241433,0.289552,0.2914,0.272671,0.314114,0.251598,0.238825,0.241773,0.247461,0.211066,0,0,0,0,0,0.463045,0.387232,0.454623,0.460702,0.466042,0,0,0,0,0,0,0,0,0,0,0.683309,0.682118,0.638344,0.627923,0.56235,0,0,0,0,0,0,0,0,0,0,0.014985,0.00773000000000001,0.0124109999999999,0.012772,0.011171,0,0,0,0,0,0,0,0,0,0,0.294988,0.363886,0.306848,0.323414,0.343859,0,0,0,0,0,0,0,0,0,0,0.220487,0.21858,0.23647,0.230389,0.233079,0,0,0,0,0,0,0,0,0,0,0.395313,0.421848,0.406702,0.404861,0.443424,0.014184,0.021464,0.017716,0.017425,0.018199,0,0,0,0,0,0.153276,0.143976,0.143332,0.136834,0.139893,0,0,0,0,0,0,0,0,0,0,0.222834,0.251057,0.266144,0.250338,0.257812,0.012961,0.00667399999999996,0.011297,0.015097,0.0110130000000001,0,0,0,0,0,0.041864,0.034052,0.031509,0.034627,0.040555,0,0,0,0,0,0,0,0,0,0,0.503011,0.48244,0.510845,0.523737,0.521914,0,0,0,0,0,0,0,0,0,0,0.016132,0.025183,0.013078,0.023151,0.012254,0.041219,0.037699,0.039478,0.040812,0.04779,0,0,0,0,0,0.228932,0.185437,0.222794,0.227203,0.199415,0,0,0,0,0,0,0,0,0,0,0.696161,0.706267,0.667891,0.809235,0.739409,0.122274,0.11018,0.108987,0.124828,0.116457,0.00887499999999997,0.00563899999999995,0.00761500000000004,0.00779399999999997,0.00739100000000004,0.093354,0.085021,0.09648,0.080552,0.101208,0,0,0,0,0,0,0,0,0,0,0.022419,0.00963099999999995,0.019643,0.013425,0.016756,0,0,0,0,0,0.00291200000000003,0.00432200000000005,0.00171500000000002,0.00322100000000003,0.00244900000000003,0.159078,0.17674,0.186875,0.192206,0.191519,0.020686,0.018546,0.021205,0.0208429999999999,0.025721,0,0,0,0,0
0.143913,0.143662,0.15893,0.132695,0.144514,0,0,0,0,0,0.01588,0.022411,0.016346,0.013429,0.019298,0.288397,0.266789,0.259301,0.286334,0.255527,0,0,0,0,0,0.013059,0.0224490000000001,0.024037,0.02381,0.02145,0.470024,0.480056,0.50016,0.488339,0.517066,0,0,0,0,0,0.150381,0.139674,0.14013,0.150762,0.137014,0.380441,0.382278,0.403135,0.378344,0.373708,0,0,0,0,0,0.00960799999999995,0.00811700000000004,0.013145,0.00900599999999996,0.00683299999999998,0.66,0.648792,0.59973,0.660538,0.613489,0,0,0,0,0,0.134049,0.135054,0.133626,0.132206,0.124504,0.516262,0.530869,0.454895,0.460359,0.460123,0,0,0,0,0,0.058912,0.0830610000000001,0.057602,0.081025,0.075066,0.397823,0.322249,0.333883,0.407712,0.346731,0,0,0,0,0,0.00395900000000005,0.00313600000000003,0.00429100000000004,0.00400900000000004,0.00270300000000001,0.443609,0.425054,0.466885,0.454964,0.444504,0,0,0,0,0,0,0,1.00000000002876e-06,0,0,0.696516,0.67426,0.696786,0.646454,0.656272,0,0,0,0,0,0.018902,0.00709400000000004,0.033148,0.032361,0.003525,0.59553,0.552672,0.600641,0.531797,0.524695,0,0,0,0,0,0.143048,0.153045,0.141243,0.153132,0.164068,0.493945,0.506734,0.525951,0.465318,0.417202,0,0,0,0,0,0.083134,0.063827,0.064241,0.077846,0.074126,0.13869,0.157347,0.190923,0.17318,0.154073,0,0,0,0,0,0.047076,0.036125,0.052435,0.057066,0.0301979999999999,0.383424,0.341123,0.387915,0.335239,0.366191,0,0,0,0,0,0,0,0,0,0,0.106761,0.098449,0.106027,0.102812,0.110244,0,0,0,0,0,0,0,0,0,0,0.136913,0.117205,0.106379,0.117024,0.117581,0,0,0,0,0,0.00590900000000005,0.00488999999999995,0.00675000000000003,0.00537600000000005,0.00788199999999994,0.08172,0.0861150000000001,0.083157,0.08038,0.071085,0,0,0,0,0,0.00102500000000005,0.00097400000000003,0.00110399999999999,0.00092800000000004,0.000983999999999985,0.177454,0.145373,0.165427,0.157368,0.176842,0,0,0,0,0,0.00078900000000004,0.00136499999999995,0.00139900000000004,0.000693000000000055,0.00092800000000004,0.391335,0.304467,0.334787,0.387384,0.364126,0,0,0,0,0,0,0,0,0,0,0.290939,0.28894,0.304647,0.283974,0.283487,0,0,0,0,0,0.014496,0.013594,0.024567,0.028154,0.029579,0.117357,0.075144,0.092776,0.101355,0.102223,0,0,0,0,0,0.000707000000000013,0.00382700000000002,0.000541000000000014,0.00568900000000006,0.00184799999999996,0.334849,0.273022,0.282512,0.303779,0.306356,0,0,0,0,0,0,0,0,0,0,0.323599,0.32201,0.298629,0.376746,0.30285,0,0,0,0,0,0,0,0,0,0
0.361217,0.317524,0.310731,0.357118,0.320952,0,0,0,0,0,0.0272210000000001,0.044458,0.042744,0.040009,0.031545,0.247258,0.224461,0.22496,0.227524,0.280199,0,0,0,0,0,0.109808,0.113994,0.145498,0.111515,0.129938,0.24325,0.232971,0.242704,0.267545,0.282243,0,0,0,0,0,0.10618,0.087317,0.113879,0.10443,0.083016,0.413754,0.487763,0.455586,0.49324,0.49461,0,0,0,0,0,0.122704,0.106393,0.107764,0.098857,0.111629,0.574047,0.654866,0.644012,0.650621,0.606146,0,0,0,0,0,0.076145,0.101482,0.0886980000000001,0.112454,0.135114,0.387845,0.378527,0.363477,0.336786,0.420735,0,0,0,0,0,0.069864,0.06237,0.056132,0.072642,0.0419890000000001,0.486616,0.456737,0.526866,0.534389,0.526003,0,0,0,0,0,0.029533,0.027451,0.0360740000000001,0.037252,0.0278350000000001,0.056661,0.0556759999999999,0.0802890000000001,0.048448,0.056386,0,0,0,0,0,0.013247,0.017472,0.008023,0.00755399999999995,0.01061,0.657552,0.676074,0.667236,0.725948,0.623799,0,0,0,0,0,0.00226800000000005,0.000734000000000012,0.00122900000000004,0.00137399999999999,0.000670999999999977,0.531664,0.501202,0.525657,0.463097,0.523417,0,0,0,0,0,0.189307,0.176646,0.200152,0.147439,0.185537,0.441406,0.454884,0.492039,0.443798,0.488849,0,0,0,0,0,0.137472,0.175817,0.158413,0.164709,0.206957,0.289589,0.311294,0.294785,0.321831,0.313355,0,0,0,0,0,0,0,0,0,0,0.344424,0.338792,0.33958,0.350052,0.356543,0,0,0,0,0,0,0,0,0,0,0.123722,0.154858,0.124767,0.136646,0.135638,0,0,0,0,0,0.026164,0.022078,0.017859,0.021089,0.020705,0.088129,0.0897210000000001,0.067955,0.0653010000000001,0.07953,0,0,0,0,0,0,0,0,0,0,0.230588,0.25847,0.237708,0.219791,0.2531,0,0,0,0,0,0,0,0,0,0,0.0938560000000001,0.080793,0.100551,0.066549,0.089025,0,0,0,0,0,0.00334699999999999,0.00390000000000001,0.003556,0.00364100000000001,0.00368900000000005,0.267066,0.258471,0.257352,0.273934,0.275697,0,0,0,0,0,0,0,0,0,0,0.255322,0.270639,0.232002,0.234161,0.249267,0,0,0,0,0,0.0413289999999999,0.054847,0.059774,0.040161,0.0500890000000001,0.027763,0.031816,0.026237,0.0243910000000001,0.033107,0.046906,0.048119,0.053566,0.046692,0.061513,0,0,0,0,0,0.333034,0.365569,0.364425,0.333862,0.334376,0,0,0,0,0,0,0,0,0,0,0.194256,0.198506,0.195165,0.211517,0.206421,0,0,0,0,0,0,0,0,0,0
0.824558,0.874353,0.79167,0.82491,0.8105,0,0,0,0,0,0,0,0,0,0,0.529085,0.548968,0.559112,0.553137,0.524542,0.158239,0.163643,0.15295,0.144931,0.152222,0.016676,0.022648,0.013773,0.023131,0.022582,0.290372,0.321049,0.317198,0.307973,0.30385,0,0,0,0,0,0.023402,0.0283409999999999,0.01593,0.021787,0.020616,0.46762,0.418854,0.422671,0.483292,0.464487,0,0,0,0,0,1.89999999999912e-05,1.09999999999832e-05,1.49999999999872e-05,1.09999999999832e-05,6.99999999997925e-06,0.435665,0.427164,0.450527,0.509862,0.433471,0,0,0,0,0,0.010704,0.00552900000000001,0.012211,0.0120440000000001,0.00967899999999999,0.697476,0.724681,0.767091,0.818395,0.81672,0.888388,0.877775,0.926768,0.905032,0.931295,0,0,0,0,0,0.672569,0.684412,0.622597,0.653676,0.665574,0,0,0,0,0,9.99999999995449e-06,8.000000000008e-06,1.09999999999832e-05,2.99999999997524e-06,2.99999999997524e-06,0.326151,0.373331,0.379004,0.37645,0.376227,0,0,0,0,0,0,0,0,0,0,0.08923,0.0998599999999999,0.071585,0.090761,0.075202,0,0,0,0,0,0,0,0,0,0,0.472424,0.4317,0.463516,0.517017,0.556459,0,0,0,0,0,0.022556,0.023822,0.022278,0.014833,0.021917,0.423097,0.417613,0.453455,0.405018,0.410104,0,0,0,0,0,0.030899,0.034735,0.0147,0.019733,0.032112,0.523349,0.537134,0.5273,0.577741,0.547811,0.328808,0.30398,0.338601,0.335635,0.31808,0.010605,0.011292,0.007602,0.013838,0.00876399999999999,0.035264,0.036612,0.028142,0.034459,0.037145,0,0,0,0,0,0,0,0,0,0,0.382833,0.415611,0.385962,0.400954,0.360473,0.265867,0.264196,0.264479,0.270976,0.282171,0,0,0,0,0,0.529359,0.484709,0.518678,0.557499,0.536209,0.590027,0.52944,0.553734,0.555681,0.553585,0,0,0,0,0,0.219789,0.215012,0.24598,0.229271,0.200028,0,0,0,0,0,0.00963099999999995,0.00872300000000004,0.00729900000000006,0.00966,0.008162,0.091153,0.0985,0.104654,0.097942,0.087736,0.322221,0.251383,0.306668,0.326009,0.306313,2.50000000000528e-05,2.69999999999992e-05,2.29999999999952e-05,2.50000000000528e-05,2.8000000000028e-05,0.0291709999999999,0.030782,0.044798,0.03855,0.039601,0.379202,0.403651,0.375983,0.395635,0.367149,0.023582,0.014361,0.013436,0.015024,0.0150749999999999,0.359423,0.336769,0.369227,0.332711,0.394108,0,0,0,0,0,0.014866,0.014828,0.022594,0.0253100000000001,0.025409,0.262262,0.267863,0.283229,0.263781,0.25962,0.382414,0.427782,0.382069,0.37986,0.464657,0.00245200000000001,0.00624499999999995,0.01127,0.01407,0.012853,0.459145,0.474704,0.510064,0.481047,0.473088,0,0,0,0,0,0.000788000000000011,0.000869000000000009,0.00771699999999997,0.01003,0.00368100000000005,0.023559,0.025501,0.026435,0.026697,0.02591,0.283093,0.30482,0.322876,0.298204,0.358956,0.00530600000000003,0.00509000000000004,0.00704300000000002,0.00582499999999997,0.00965700000000003
0.673372,0.708382,0.725655,0.688419,0.715868,0,0,0,0,0,0.187733,0.168315,0.190945,0.165312,0.17458,0.612205,0.631419,0.661,0.628598,0.643644,0,0,0,0,0,0.072028,0.051502,0.06364,0.078607,0.060279,0.382454,0.367779,0.385635,0.404496,0.419542,0,0,0,0,0,0.116472,0.116956,0.101339,0.128308,0.120959,0.357282,0.312961,0.343647,0.351315,0.344452,0.154475,0.151824,0.144397,0.157101,0.129527,0.060607,0.087701,0.085292,0.088282,0.093408,0.019864,0.00884200000000002,0.015786,0.023147,0.016481,0,0,0,0,0,0.00515699999999997,0.00353499999999995,0.00544699999999998,0.00653300000000001,0.00700100000000003,0.549906,0.553395,0.513478,0.423408,0.480257,0.627429,0.655418,0.706836,0.683277,0.666275,0,0,0,0,0,0.392198,0.407591,0.439004,0.463242,0.437022,0,0,0,0,0,0.00156900000000004,0.00168199999999996,0.00142100000000001,0.00139,0.00163899999999995,0.525304,0.547559,0.492705,0.593087,0.53181,0,0,0,0,0,0.186101,0.164365,0.199405,0.170877,0.190613,0.673623,0.593349,0.71816,0.598572,0.701743,0,0,0,0,0,0.026193,0.030515,0.028428,0.026227,0.031768,0.76913,0.698499,0.71069,0.725819,0.78941,0,0,0,0,0,0.102021,0.108109,0.08423,0.087951,0.097421,0.561317,0.551846,0.53051,0.553226,0.56657,0,0,0,0,0,0.099203,0.077283,0.103756,0.10665,0.107959,0.545771,0.493626,0.442705,0.551334,0.477367,0.426632,0.41904,0.396667,0.390396,0.456514,0,0,0,0,0,0.000261999999999984,0.000206000000000039,0.000318999999999958,0.000238999999999989,0.000195999999999974,0.015482,0.015776,0.013737,0.014655,0.013106,0.307608,0.296758,0.314387,0.291757,0.281824,0.328344,0.282779,0.322273,0.318705,0.295607,0.420539,0.440891,0.421561,0.399252,0.436469,0.217331,0.26062,0.238042,0.278887,0.245122,0.00152300000000005,0.00175199999999998,0.00160099999999996,0.00121400000000005,0.00194099999999997,0.563618,0.490825,0.628851,0.559026,0.557361,0.066314,0.052198,0.069854,0.08384,0.078861,0.234997,0.264866,0.286732,0.249315,0.240791,0.161295,0.175692,0.181729,0.15477,0.162359,0.013738,0.015176,0.016444,0.00850499999999998,0.00762600000000002,0.42371,0.438982,0.439529,0.47871,0.445711,0.38464,0.361878,0.386788,0.350379,0.356402,0.0192369999999999,0.0187850000000001,0.022566,0.019329,0.026876,0.21862,0.194,0.220736,0.219169,0.20811,0.402852,0.397781,0.365233,0.381967,0.415586,0.022149,0.015293,0.016462,0.017355,0.0170090000000001,0.509123,0.448372,0.452602,0.47961,0.463496,0,0,0,0,0,0.015379,0.012848,0.00991500000000001,0.012311,0.012568,0.264927,0.285827,0.320629,0.315575,0.302826,0.194747,0.184395,0.190241,0.210251,0.178578,0.00577799999999995,0.00723200000000002,0.00805800000000001,0.00643000000000005,0.00472700000000004,0.292566,0.361524,0.340111,0.36033,0.380687,0,0,0,0,0,0,0,0,0,0,0.202211,0.247433,0.281759,0.262788,0.228765,0.454911,0.394878,0.432841,0.43356,0.432644,0.00435600000000003,0.00380999999999998,0.00414499999999995,0.00343099999999996,0.00348800000000005
0.487582,0.481689,0.495241,0.497698,0.530467,0,0,0,0,0,0,0,0,0,0,0.410499,0.4067,0.448963,0.415867,0.458375,0,0,0,0,0,0,0,0,0,0,0.228724,0.244619,0.267833,0.249051,0.226206,0,0,0,0,0,0,0,0,0,0,0.387998,0.353981,0.396289,0.346929,0.384958,0,0,0,0,0,0,0,0,0,0,0.780047,0.830059,0.818037,0.758147,0.827927,0,0,0,0,0,0.129778,0.13433,0.122224,0.109447,0.15966,0.832645,0.836514,0.798487,0.8173,0.854056,0,0,0,0,0,0.071839,0.055901,0.054557,0.06487,0.060755,0.501929,0.577307,0.493745,0.562902,0.546324,0,0,0,0,0,0.141279,0.18117,0.138633,0.158784,0.148,0.465914,0.484103,0.523892,0.504569,0.519083,0,0,0,0,0,0,0,0,0,0,0.616477,0.638321,0.623894,0.661424,0.650485,0,0,0,0,0,0.00117900000000004,0.00177499999999997,0.001054,0.000828999999999969,0.00271200000000005,0.386918,0.405775,0.410523,0.439242,0.416432,0,0,0,0,0,1.09999999999832e-05,1.70000000000448e-05,1.2000000000012e-05,6.49999999999817e-05,2.89999999999457e-05,0.282222,0.281357,0.314412,0.293564,0.32975,0,0,0,0,0,0.023831,0.0306959999999999,0.033884,0.0213950000000001,0.019354,0.684161,0.606374,0.667035,0.682072,0.674165,0,0,0,0,0,1.99999999994649e-06,2.99999999997524e-06,4.000000000004e-06,2.99999999999745e-05,4.19999999999865e-05,0.068388,0.0592,0.066478,0.072801,0.073604,0,0,0,0,0,1.39999999999585e-05,9.00000000003676e-06,1.39999999999585e-05,9.99999999995449e-06,9.99999999995449e-06,0.428341,0.442312,0.384169,0.408193,0.408541,0,0,0,0,0,0.000303000000000053,0.000205000000000011,0.000194000000000027,0.000234999999999985,0.00013300000000005,0.668394,0.641119,0.697705,0.687937,0.712305,0,0,0,0,0,3.39999999999785e-05,1.79999999999625e-05,2.89999999999457e-05,2.4000000000024e-05,2.89999999999457e-05,0.03282,0.041378,0.027912,0.032213,0.035609,0.1107,0.110938,0.097272,0.123493,0.101718,0,0,0,0,0,0.596142,0.674832,0.662688,0.635133,0.606965,0,0,0,0,0,0,0,0,0,0,0.571328,0.621359,0.577199,0.605769,0.600302,0,0,0,0,0,0,0,0,0,0,0.720092,0.654939,0.699303,0.793294,0.738156,0,0,0,0,0,0,0,0,0,0,0.300813,0.32276,0.24836,0.275272,0.320649,0.35752,0.342511,0.354407,0.355652,0.331705,0,0,0,0,0,0.554021,0.533474,0.557012,0.550576,0.535464,0.517595,0.513657,0.540139,0.504311,0.535827,1.30000000000408e-05,8.000000000008e-06,9.00000000003676e-06,1.09999999999832e-05,1.2000000000012e-05,0.511043,0.612483,0.619303,0.606478,0.590436,0,0,0,0,0,0,0,0,0,0
0.640188,0.548658,0.600907,0.608031,0.563458,0,0,0,0,0,0.130127,0.115239,0.120188,0.134817,0.127138,0.29855,0.338373,0.307123,0.358114,0.323245,0,0,0,0,0,0.037821,0.049164,0.042633,0.045893,0.047906,0.611519,0.631479,0.588432,0.640499,0.600736,0,0,0,0,0,0.070817,0.0631620000000001,0.065935,0.0558149999999999,0.070205,0.367527,0.33776,0.37889,0.383953,0.349369,0,0,0,0,0,0.034122,0.035718,0.0311399999999999,0.030929,0.0326379999999999,0.169918,0.15605,0.139252,0.168801,0.135026,0,0,0,0,0,0.090495,0.103257,0.089827,0.080175,0.112655,0.074106,0.086213,0.068474,0.068141,0.064815,0.326752,0.287116,0.315176,0.312455,0.326187,0.097561,0.125285,0.087768,0.105908,0.122073,0.764031,0.82099,0.745543,0.748694,0.789613,0,0,0,0,0,0,0,0,0,0,0.40749,0.473136,0.391165,0.443628,0.441853,0,0,0,0,0,0.155165,0.18641,0.151934,0.219083,0.228293,0.865098,0.857115,0.834918,0.905293,0.87346,0,0,0,0,0,0.095294,0.0999409999999999,0.100544,0.092294,0.107943,0.889718,0.859757,0.826807,0.78769,0.83389,0,0,0,0,0,0.164092,0.157774,0.184167,0.152348,0.15375,0.336353,0.334747,0.311417,0.347276,0.328274,0,0,0,0,0,0.175145,0.135695,0.134225,0.156379,0.135887,0.851162,0.790359,0.812905,0.786748,0.844032,0,0,0,0,0,0.025912,0.016855,0.033856,0.038788,0.038088,0.527602,0.576584,0.591021,0.511699,0.59154,0,0,0,0,0,0.253103,0.275554,0.251317,0.273914,0.299363,0.424921,0.42708,0.420277,0.372987,0.393438,0,0,0,0,0,0.216093,0.254553,0.272926,0.252792,0.234796,0.0376840000000001,0.027353,0.03229,0.0441,0.029908,0,0,0,0,0,1.99999999994649e-06,1.99999999994649e-06,1.99999999994649e-06,1.00000000002876e-06,1.99999999994649e-06,0.294153,0.30612,0.257917,0.258056,0.302766,0,0,0,0,0,0,0,0,0,0,0.640663,0.700878,0.691901,0.584498,0.722783,0,0,0,0,0,0.031403,0.0160940000000001,0.0255300000000001,0.02299,0.013115,0.321868,0.380287,0.323719,0.37244,0.305617,0.378652,0.319998,0.333923,0.335711,0.322628,0.016192,0.00992700000000002,0.020011,0.031626,0.017544,0.101278,0.086132,0.0875010000000001,0.098419,0.09748,0,0,0,0,0,0.046445,0.0348619999999999,0.036235,0.03513,0.025206,0.203467,0.199774,0.186527,0.184696,0.207282,0,0,0,0,0,0.00032500000000002,0.00530799999999998,0.00616000000000005,0.00154500000000002,0.00673100000000004,0.751633,0.703459,0.704871,0.717528,0.811669,0,0,0,0,0,0.00413600000000003,0.00487300000000002,0.00205699999999998,0.00634299999999999,0.00466299999999997,0.582673,0.653318,0.652276,0.561575,0.681942,0,0,0,0,0,0.014801,0.00153499999999995,0.010049,0.00664299999999995,0.000507000000000035
0.502381,0.551784,0.602518,0.57033,0.635447,0,0,0,0,0,0.00971699999999998,0.017074,0.013913,0.02236,0.0125960000000001,0.383876,0.346338,0.372935,0.357675,0.387428,0,0,0,0,0,0,0,0,0,0,0.956288,0.968645,0.970286,0.950629,0.919975,0.131089,0.115931,0.110179,0.116284,0.129601,0.024309,0.021633,0.0195610000000001,0.024714,0.013002,0.349155,0.375534,0.356,0.358598,0.340847,0,0,0,0,0,0,0,0,0,0,0.392884,0.410558,0.417092,0.416685,0.411292,0.133355,0.115004,0.102395,0.125464,0.109225,0.041791,0.037552,0.0284,0.039511,0.039291,0.200668,0.192891,0.217076,0.218585,0.195105,0,0,0,0,0,5.80000000000025e-05,8.30000000000553e-05,6.30000000000353e-05,0.000360000000000027,0.000263000000000013,0.657035,0.71218,0.611977,0.65722,0.653711,0,0,0,0,0,0,0,0,0,0,0.554757,0.550289,0.572161,0.563427,0.562995,0,0,0,0,0,5.99999999995049e-06,1.09999999999832e-05,9.99999999995449e-06,4.000000000004e-06,1.30000000000408e-05,0.680826,0.70283,0.73961,0.637742,0.678236,0,0,0,0,0,0.066268,0.082158,0.068457,0.064022,0.08553,0.652426,0.738479,0.698265,0.658955,0.737079,0.050115,0.050669,0.0531700000000001,0.050932,0.045147,0.052706,0.0455,0.031075,0.032371,0.034822,0.669172,0.644306,0.657866,0.711363,0.66103,0,0,0,0,0,0.022633,0.027728,0.022842,0.023123,0.023309,0.733234,0.756884,0.737186,0.737956,0.722233,0,0,0,0,0,0,0,0,0,0,0.498416,0.461446,0.48335,0.448604,0.410544,0,0,0,0,0,0,0,0,0,0,0.434826,0.447583,0.390912,0.439514,0.436025,0,0,0,0,0,0,0,0,0,0,0.329979,0.32809,0.313393,0.285504,0.304112,0,0,0,0,0,0,0,0,0,0,0.236294,0.226651,0.236167,0.260343,0.280119,0,0,0,0,0,1.79999999999625e-05,1.30000000000408e-05,1.79999999999625e-05,1.39999999999585e-05,1.2000000000012e-05,0.50884,0.59693,0.560975,0.45268,0.536336,0,0,0,0,0,0,0,0,0,0,0.410411,0.384566,0.408135,0.321274,0.352563,0,0,0,0,0,0,0,0,0,0,0.268121,0.30437,0.301078,0.291866,0.353212,0,0,0,0,0,0.014433,0.009857,0.00985400000000003,0.00986100000000001,0.017126,0.041382,0.02533,0.050834,0.030823,0.038174,0.236004,0.2349,0.271823,0.2626,0.214533,0.00761400000000001,0.00213300000000005,0.00413399999999997,0.00138400000000005,0.00644299999999998,0.632299,0.636428,0.601396,0.605728,0.621201,0,0,0,0,0,0,0,0,0,0,0.494938,0.495783,0.535244,0.564547,0.503794,0,0,0,0,0,0,0,0,0,0
0.442458,0.506666,0.504868,0.457292,0.506519,0.00822000000000001,0.00752299999999995,0.00745200000000001,0.00814099999999995,0.00717299999999998,0.071062,0.086802,0.063415,0.068134,0.087703,0.398744,0.371546,0.403156,0.358245,0.399344,0,0,0,0,0,0.110238,0.083993,0.093221,0.096813,0.103825,0.56756,0.556444,0.584614,0.567498,0.661822,0,0,0,0,0,0.067392,0.080631,0.066099,0.061024,0.064262,0.221605,0.256851,0.235034,0.231412,0.219255,0,0,0,0,0,0.05362,0.0442360000000001,0.043638,0.062563,0.057575,0.166582,0.147079,0.134393,0.166073,0.14657,0,0,0,0,0,0.023798,0.023281,0.024429,0.0305569999999999,0.016771,0.157005,0.194622,0.174187,0.162075,0.206074,0,0,0,0,0,0.025817,0.027679,0.03077,0.027559,0.035138,0.526297,0.501378,0.513928,0.501427,0.540552,0.025828,0.021311,0.0260550000000001,0.027747,0.024847,0.034211,0.04006,0.039283,0.038767,0.049836,0.40648,0.432945,0.413205,0.43763,0.450585,0,0,0,0,0,0,0,0,0,0,0.559771,0.610337,0.583971,0.530616,0.569043,0.00825299999999995,0.00744800000000001,0.011206,0.00978999999999997,0.00812199999999996,0.11674,0.10061,0.114355,0.0872540000000001,0.110544,0.526231,0.532655,0.541654,0.529834,0.549516,0,0,0,0,0,0.126908,0.125753,0.117242,0.097535,0.129742,0.104113,0.105293,0.12131,0.0986900000000001,0.097339,0.00688599999999995,0.00578400000000001,0.00811399999999995,0.007521,0.00681500000000002,0.083581,0.088804,0.060677,0.0649650000000001,0.084552,0.646114,0.605087,0.636218,0.677561,0.611057,0,0,0,0,0,0.071331,0.070964,0.062021,0.060617,0.0570040000000001,0.328635,0.306606,0.327194,0.356332,0.400733,0,0,0,0,0,0,0,0,0,0,0.192137,0.203237,0.215368,0.216906,0.189607,0,0,0,0,0,0.00380599999999998,0.00373999999999997,0.003668,0.00384899999999999,0.00348300000000001,0.025331,0.030501,0.019779,0.023081,0.023101,0,0,0,0,0,0.047123,0.065961,0.061804,0.058547,0.051267,0.088549,0.07095,0.089597,0.093191,0.074546,0,0,0,0,0,0,0,0,0,0,0.234239,0.251847,0.239998,0.263199,0.273577,0,0,0,0,0,0.00259399999999999,0.00195699999999999,0.00210600000000005,0.00201899999999999,0.00255700000000003,0.104065,0.121852,0.100212,0.118372,0.122768,0,0,0,0,0,0,0,0,0,0,0.279792,0.265409,0.256949,0.319864,0.318198,0.09473,0.097172,0.099063,0.12093,0.088614,0.036073,0.031262,0.031242,0.032272,0.029764,0.019236,0.029592,0.024007,0.020374,0.024173,0,0,0,0,0,6.7999999999957e-05,5.29999999999697e-05,5.80000000000025e-05,7.1999999999961e-05,5.10000000000232e-05,0.322755,0.346097,0.269148,0.347533,0.285754,0,0,0,0,0,0.000848999999999989,0.00219800000000003,0.000434999999999963,0.000977000000000006,0.000939000000000023,0.254594,0.256386,0.303732,0.256888,0.260951,0,0,0,0,0,2.99999999997524e-06,1.99999999994649e-06,6.99999999997925e-06,1.99999999994649e-06,1.99999999994649e-06
