"rand1.CRURIRAJA.PARCOMACULATA_PA1_RUN1_GAM","rand2.CRURIRAJA.PARCOMACULATA_PA1_RUN1_GAM","rand3.CRURIRAJA.PARCOMACULATA_PA1_RUN1_GAM","rand4.CRURIRAJA.PARCOMACULATA_PA1_RUN1_GAM","rand5.CRURIRAJA.PARCOMACULATA_PA1_RUN1_GAM","rand1.CRURIRAJA.PARCOMACULATA_PA1_RUN1_GLM","rand2.CRURIRAJA.PARCOMACULATA_PA1_RUN1_GLM","rand3.CRURIRAJA.PARCOMACULATA_PA1_RUN1_GLM","rand4.CRURIRAJA.PARCOMACULATA_PA1_RUN1_GLM","rand5.CRURIRAJA.PARCOMACULATA_PA1_RUN1_GLM","rand1.CRURIRAJA.PARCOMACULATA_PA1_RUN1_MAXENT.Phillips","rand2.CRURIRAJA.PARCOMACULATA_PA1_RUN1_MAXENT.Phillips","rand3.CRURIRAJA.PARCOMACULATA_PA1_RUN1_MAXENT.Phillips","rand4.CRURIRAJA.PARCOMACULATA_PA1_RUN1_MAXENT.Phillips","rand5.CRURIRAJA.PARCOMACULATA_PA1_RUN1_MAXENT.Phillips","rand1.CRURIRAJA.PARCOMACULATA_PA1_RUN2_GAM","rand2.CRURIRAJA.PARCOMACULATA_PA1_RUN2_GAM","rand3.CRURIRAJA.PARCOMACULATA_PA1_RUN2_GAM","rand4.CRURIRAJA.PARCOMACULATA_PA1_RUN2_GAM","rand5.CRURIRAJA.PARCOMACULATA_PA1_RUN2_GAM","rand1.CRURIRAJA.PARCOMACULATA_PA1_RUN2_GLM","rand2.CRURIRAJA.PARCOMACULATA_PA1_RUN2_GLM","rand3.CRURIRAJA.PARCOMACULATA_PA1_RUN2_GLM","rand4.CRURIRAJA.PARCOMACULATA_PA1_RUN2_GLM","rand5.CRURIRAJA.PARCOMACULATA_PA1_RUN2_GLM","rand1.CRURIRAJA.PARCOMACULATA_PA1_RUN2_MAXENT.Phillips","rand2.CRURIRAJA.PARCOMACULATA_PA1_RUN2_MAXENT.Phillips","rand3.CRURIRAJA.PARCOMACULATA_PA1_RUN2_MAXENT.Phillips","rand4.CRURIRAJA.PARCOMACULATA_PA1_RUN2_MAXENT.Phillips","rand5.CRURIRAJA.PARCOMACULATA_PA1_RUN2_MAXENT.Phillips","rand1.CRURIRAJA.PARCOMACULATA_PA1_RUN3_GAM","rand2.CRURIRAJA.PARCOMACULATA_PA1_RUN3_GAM","rand3.CRURIRAJA.PARCOMACULATA_PA1_RUN3_GAM","rand4.CRURIRAJA.PARCOMACULATA_PA1_RUN3_GAM","rand5.CRURIRAJA.PARCOMACULATA_PA1_RUN3_GAM","rand1.CRURIRAJA.PARCOMACULATA_PA1_RUN3_GLM","rand2.CRURIRAJA.PARCOMACULATA_PA1_RUN3_GLM","rand3.CRURIRAJA.PARCOMACULATA_PA1_RUN3_GLM","rand4.CRURIRAJA.PARCOMACULATA_PA1_RUN3_GLM","rand5.CRURIRAJA.PARCOMACULATA_PA1_RUN3_GLM","rand1.CRURIRAJA.PARCOMACULATA_PA1_RUN3_MAXENT.Phillips","rand2.CRURIRAJA.PARCOMACULATA_PA1_RUN3_MAXENT.Phillips","rand3.CRURIRAJA.PARCOMACULATA_PA1_RUN3_MAXENT.Phillips","rand4.CRURIRAJA.PARCOMACULATA_PA1_RUN3_MAXENT.Phillips","rand5.CRURIRAJA.PARCOMACULATA_PA1_RUN3_MAXENT.Phillips","rand1.CRURIRAJA.PARCOMACULATA_PA1_RUN4_GAM","rand2.CRURIRAJA.PARCOMACULATA_PA1_RUN4_GAM","rand3.CRURIRAJA.PARCOMACULATA_PA1_RUN4_GAM","rand4.CRURIRAJA.PARCOMACULATA_PA1_RUN4_GAM","rand5.CRURIRAJA.PARCOMACULATA_PA1_RUN4_GAM","rand1.CRURIRAJA.PARCOMACULATA_PA1_RUN4_GLM","rand2.CRURIRAJA.PARCOMACULATA_PA1_RUN4_GLM","rand3.CRURIRAJA.PARCOMACULATA_PA1_RUN4_GLM","rand4.CRURIRAJA.PARCOMACULATA_PA1_RUN4_GLM","rand5.CRURIRAJA.PARCOMACULATA_PA1_RUN4_GLM","rand1.CRURIRAJA.PARCOMACULATA_PA1_RUN4_MAXENT.Phillips","rand2.CRURIRAJA.PARCOMACULATA_PA1_RUN4_MAXENT.Phillips","rand3.CRURIRAJA.PARCOMACULATA_PA1_RUN4_MAXENT.Phillips","rand4.CRURIRAJA.PARCOMACULATA_PA1_RUN4_MAXENT.Phillips","rand5.CRURIRAJA.PARCOMACULATA_PA1_RUN4_MAXENT.Phillips","rand1.CRURIRAJA.PARCOMACULATA_PA1_RUN5_GAM","rand2.CRURIRAJA.PARCOMACULATA_PA1_RUN5_GAM","rand3.CRURIRAJA.PARCOMACULATA_PA1_RUN5_GAM","rand4.CRURIRAJA.PARCOMACULATA_PA1_RUN5_GAM","rand5.CRURIRAJA.PARCOMACULATA_PA1_RUN5_GAM","rand1.CRURIRAJA.PARCOMACULATA_PA1_RUN5_GLM","rand2.CRURIRAJA.PARCOMACULATA_PA1_RUN5_GLM","rand3.CRURIRAJA.PARCOMACULATA_PA1_RUN5_GLM","rand4.CRURIRAJA.PARCOMACULATA_PA1_RUN5_GLM","rand5.CRURIRAJA.PARCOMACULATA_PA1_RUN5_GLM","rand1.CRURIRAJA.PARCOMACULATA_PA1_RUN5_MAXENT.Phillips","rand2.CRURIRAJA.PARCOMACULATA_PA1_RUN5_MAXENT.Phillips","rand3.CRURIRAJA.PARCOMACULATA_PA1_RUN5_MAXENT.Phillips","rand4.CRURIRAJA.PARCOMACULATA_PA1_RUN5_MAXENT.Phillips","rand5.CRURIRAJA.PARCOMACULATA_PA1_RUN5_MAXENT.Phillips","rand1.CRURIRAJA.PARCOMACULATA_PA1_RUN6_GAM","rand2.CRURIRAJA.PARCOMACULATA_PA1_RUN6_GAM","rand3.CRURIRAJA.PARCOMACULATA_PA1_RUN6_GAM","rand4.CRURIRAJA.PARCOMACULATA_PA1_RUN6_GAM","rand5.CRURIRAJA.PARCOMACULATA_PA1_RUN6_GAM","rand1.CRURIRAJA.PARCOMACULATA_PA1_RUN6_GLM","rand2.CRURIRAJA.PARCOMACULATA_PA1_RUN6_GLM","rand3.CRURIRAJA.PARCOMACULATA_PA1_RUN6_GLM","rand4.CRURIRAJA.PARCOMACULATA_PA1_RUN6_GLM","rand5.CRURIRAJA.PARCOMACULATA_PA1_RUN6_GLM","rand1.CRURIRAJA.PARCOMACULATA_PA1_RUN6_MAXENT.Phillips","rand2.CRURIRAJA.PARCOMACULATA_PA1_RUN6_MAXENT.Phillips","rand3.CRURIRAJA.PARCOMACULATA_PA1_RUN6_MAXENT.Phillips","rand4.CRURIRAJA.PARCOMACULATA_PA1_RUN6_MAXENT.Phillips","rand5.CRURIRAJA.PARCOMACULATA_PA1_RUN6_MAXENT.Phillips","rand1.CRURIRAJA.PARCOMACULATA_PA1_RUN7_GAM","rand2.CRURIRAJA.PARCOMACULATA_PA1_RUN7_GAM","rand3.CRURIRAJA.PARCOMACULATA_PA1_RUN7_GAM","rand4.CRURIRAJA.PARCOMACULATA_PA1_RUN7_GAM","rand5.CRURIRAJA.PARCOMACULATA_PA1_RUN7_GAM","rand1.CRURIRAJA.PARCOMACULATA_PA1_RUN7_GLM","rand2.CRURIRAJA.PARCOMACULATA_PA1_RUN7_GLM","rand3.CRURIRAJA.PARCOMACULATA_PA1_RUN7_GLM","rand4.CRURIRAJA.PARCOMACULATA_PA1_RUN7_GLM","rand5.CRURIRAJA.PARCOMACULATA_PA1_RUN7_GLM","rand1.CRURIRAJA.PARCOMACULATA_PA1_RUN7_MAXENT.Phillips","rand2.CRURIRAJA.PARCOMACULATA_PA1_RUN7_MAXENT.Phillips","rand3.CRURIRAJA.PARCOMACULATA_PA1_RUN7_MAXENT.Phillips","rand4.CRURIRAJA.PARCOMACULATA_PA1_RUN7_MAXENT.Phillips","rand5.CRURIRAJA.PARCOMACULATA_PA1_RUN7_MAXENT.Phillips","rand1.CRURIRAJA.PARCOMACULATA_PA1_RUN8_GAM","rand2.CRURIRAJA.PARCOMACULATA_PA1_RUN8_GAM","rand3.CRURIRAJA.PARCOMACULATA_PA1_RUN8_GAM","rand4.CRURIRAJA.PARCOMACULATA_PA1_RUN8_GAM","rand5.CRURIRAJA.PARCOMACULATA_PA1_RUN8_GAM","rand1.CRURIRAJA.PARCOMACULATA_PA1_RUN8_GLM","rand2.CRURIRAJA.PARCOMACULATA_PA1_RUN8_GLM","rand3.CRURIRAJA.PARCOMACULATA_PA1_RUN8_GLM","rand4.CRURIRAJA.PARCOMACULATA_PA1_RUN8_GLM","rand5.CRURIRAJA.PARCOMACULATA_PA1_RUN8_GLM","rand1.CRURIRAJA.PARCOMACULATA_PA1_RUN8_MAXENT.Phillips","rand2.CRURIRAJA.PARCOMACULATA_PA1_RUN8_MAXENT.Phillips","rand3.CRURIRAJA.PARCOMACULATA_PA1_RUN8_MAXENT.Phillips","rand4.CRURIRAJA.PARCOMACULATA_PA1_RUN8_MAXENT.Phillips","rand5.CRURIRAJA.PARCOMACULATA_PA1_RUN8_MAXENT.Phillips","rand1.CRURIRAJA.PARCOMACULATA_PA1_RUN9_GAM","rand2.CRURIRAJA.PARCOMACULATA_PA1_RUN9_GAM","rand3.CRURIRAJA.PARCOMACULATA_PA1_RUN9_GAM","rand4.CRURIRAJA.PARCOMACULATA_PA1_RUN9_GAM","rand5.CRURIRAJA.PARCOMACULATA_PA1_RUN9_GAM","rand1.CRURIRAJA.PARCOMACULATA_PA1_RUN9_GLM","rand2.CRURIRAJA.PARCOMACULATA_PA1_RUN9_GLM","rand3.CRURIRAJA.PARCOMACULATA_PA1_RUN9_GLM","rand4.CRURIRAJA.PARCOMACULATA_PA1_RUN9_GLM","rand5.CRURIRAJA.PARCOMACULATA_PA1_RUN9_GLM","rand1.CRURIRAJA.PARCOMACULATA_PA1_RUN9_MAXENT.Phillips","rand2.CRURIRAJA.PARCOMACULATA_PA1_RUN9_MAXENT.Phillips","rand3.CRURIRAJA.PARCOMACULATA_PA1_RUN9_MAXENT.Phillips","rand4.CRURIRAJA.PARCOMACULATA_PA1_RUN9_MAXENT.Phillips","rand5.CRURIRAJA.PARCOMACULATA_PA1_RUN9_MAXENT.Phillips","rand1.CRURIRAJA.PARCOMACULATA_PA1_RUN10_GAM","rand2.CRURIRAJA.PARCOMACULATA_PA1_RUN10_GAM","rand3.CRURIRAJA.PARCOMACULATA_PA1_RUN10_GAM","rand4.CRURIRAJA.PARCOMACULATA_PA1_RUN10_GAM","rand5.CRURIRAJA.PARCOMACULATA_PA1_RUN10_GAM","rand1.CRURIRAJA.PARCOMACULATA_PA1_RUN10_GLM","rand2.CRURIRAJA.PARCOMACULATA_PA1_RUN10_GLM","rand3.CRURIRAJA.PARCOMACULATA_PA1_RUN10_GLM","rand4.CRURIRAJA.PARCOMACULATA_PA1_RUN10_GLM","rand5.CRURIRAJA.PARCOMACULATA_PA1_RUN10_GLM","rand1.CRURIRAJA.PARCOMACULATA_PA1_RUN10_MAXENT.Phillips","rand2.CRURIRAJA.PARCOMACULATA_PA1_RUN10_MAXENT.Phillips","rand3.CRURIRAJA.PARCOMACULATA_PA1_RUN10_MAXENT.Phillips","rand4.CRURIRAJA.PARCOMACULATA_PA1_RUN10_MAXENT.Phillips","rand5.CRURIRAJA.PARCOMACULATA_PA1_RUN10_MAXENT.Phillips","rand1.CRURIRAJA.PARCOMACULATA_PA1_Full_GAM","rand2.CRURIRAJA.PARCOMACULATA_PA1_Full_GAM","rand3.CRURIRAJA.PARCOMACULATA_PA1_Full_GAM","rand4.CRURIRAJA.PARCOMACULATA_PA1_Full_GAM","rand5.CRURIRAJA.PARCOMACULATA_PA1_Full_GAM","rand1.CRURIRAJA.PARCOMACULATA_PA1_Full_GLM","rand2.CRURIRAJA.PARCOMACULATA_PA1_Full_GLM","rand3.CRURIRAJA.PARCOMACULATA_PA1_Full_GLM","rand4.CRURIRAJA.PARCOMACULATA_PA1_Full_GLM","rand5.CRURIRAJA.PARCOMACULATA_PA1_Full_GLM","rand1.CRURIRAJA.PARCOMACULATA_PA1_Full_MAXENT.Phillips","rand2.CRURIRAJA.PARCOMACULATA_PA1_Full_MAXENT.Phillips","rand3.CRURIRAJA.PARCOMACULATA_PA1_Full_MAXENT.Phillips","rand4.CRURIRAJA.PARCOMACULATA_PA1_Full_MAXENT.Phillips","rand5.CRURIRAJA.PARCOMACULATA_PA1_Full_MAXENT.Phillips","rand1.CRURIRAJA.PARCOMACULATA_PA2_RUN1_GAM","rand2.CRURIRAJA.PARCOMACULATA_PA2_RUN1_GAM","rand3.CRURIRAJA.PARCOMACULATA_PA2_RUN1_GAM","rand4.CRURIRAJA.PARCOMACULATA_PA2_RUN1_GAM","rand5.CRURIRAJA.PARCOMACULATA_PA2_RUN1_GAM","rand1.CRURIRAJA.PARCOMACULATA_PA2_RUN1_GLM","rand2.CRURIRAJA.PARCOMACULATA_PA2_RUN1_GLM","rand3.CRURIRAJA.PARCOMACULATA_PA2_RUN1_GLM","rand4.CRURIRAJA.PARCOMACULATA_PA2_RUN1_GLM","rand5.CRURIRAJA.PARCOMACULATA_PA2_RUN1_GLM","rand1.CRURIRAJA.PARCOMACULATA_PA2_RUN1_MAXENT.Phillips","rand2.CRURIRAJA.PARCOMACULATA_PA2_RUN1_MAXENT.Phillips","rand3.CRURIRAJA.PARCOMACULATA_PA2_RUN1_MAXENT.Phillips","rand4.CRURIRAJA.PARCOMACULATA_PA2_RUN1_MAXENT.Phillips","rand5.CRURIRAJA.PARCOMACULATA_PA2_RUN1_MAXENT.Phillips","rand1.CRURIRAJA.PARCOMACULATA_PA2_RUN2_GAM","rand2.CRURIRAJA.PARCOMACULATA_PA2_RUN2_GAM","rand3.CRURIRAJA.PARCOMACULATA_PA2_RUN2_GAM","rand4.CRURIRAJA.PARCOMACULATA_PA2_RUN2_GAM","rand5.CRURIRAJA.PARCOMACULATA_PA2_RUN2_GAM","rand1.CRURIRAJA.PARCOMACULATA_PA2_RUN2_GLM","rand2.CRURIRAJA.PARCOMACULATA_PA2_RUN2_GLM","rand3.CRURIRAJA.PARCOMACULATA_PA2_RUN2_GLM","rand4.CRURIRAJA.PARCOMACULATA_PA2_RUN2_GLM","rand5.CRURIRAJA.PARCOMACULATA_PA2_RUN2_GLM","rand1.CRURIRAJA.PARCOMACULATA_PA2_RUN2_MAXENT.Phillips","rand2.CRURIRAJA.PARCOMACULATA_PA2_RUN2_MAXENT.Phillips","rand3.CRURIRAJA.PARCOMACULATA_PA2_RUN2_MAXENT.Phillips","rand4.CRURIRAJA.PARCOMACULATA_PA2_RUN2_MAXENT.Phillips","rand5.CRURIRAJA.PARCOMACULATA_PA2_RUN2_MAXENT.Phillips","rand1.CRURIRAJA.PARCOMACULATA_PA2_RUN3_GAM","rand2.CRURIRAJA.PARCOMACULATA_PA2_RUN3_GAM","rand3.CRURIRAJA.PARCOMACULATA_PA2_RUN3_GAM","rand4.CRURIRAJA.PARCOMACULATA_PA2_RUN3_GAM","rand5.CRURIRAJA.PARCOMACULATA_PA2_RUN3_GAM","rand1.CRURIRAJA.PARCOMACULATA_PA2_RUN3_GLM","rand2.CRURIRAJA.PARCOMACULATA_PA2_RUN3_GLM","rand3.CRURIRAJA.PARCOMACULATA_PA2_RUN3_GLM","rand4.CRURIRAJA.PARCOMACULATA_PA2_RUN3_GLM","rand5.CRURIRAJA.PARCOMACULATA_PA2_RUN3_GLM","rand1.CRURIRAJA.PARCOMACULATA_PA2_RUN3_MAXENT.Phillips","rand2.CRURIRAJA.PARCOMACULATA_PA2_RUN3_MAXENT.Phillips","rand3.CRURIRAJA.PARCOMACULATA_PA2_RUN3_MAXENT.Phillips","rand4.CRURIRAJA.PARCOMACULATA_PA2_RUN3_MAXENT.Phillips","rand5.CRURIRAJA.PARCOMACULATA_PA2_RUN3_MAXENT.Phillips","rand1.CRURIRAJA.PARCOMACULATA_PA2_RUN4_GAM","rand2.CRURIRAJA.PARCOMACULATA_PA2_RUN4_GAM","rand3.CRURIRAJA.PARCOMACULATA_PA2_RUN4_GAM","rand4.CRURIRAJA.PARCOMACULATA_PA2_RUN4_GAM","rand5.CRURIRAJA.PARCOMACULATA_PA2_RUN4_GAM","rand1.CRURIRAJA.PARCOMACULATA_PA2_RUN4_GLM","rand2.CRURIRAJA.PARCOMACULATA_PA2_RUN4_GLM","rand3.CRURIRAJA.PARCOMACULATA_PA2_RUN4_GLM","rand4.CRURIRAJA.PARCOMACULATA_PA2_RUN4_GLM","rand5.CRURIRAJA.PARCOMACULATA_PA2_RUN4_GLM","rand1.CRURIRAJA.PARCOMACULATA_PA2_RUN4_MAXENT.Phillips","rand2.CRURIRAJA.PARCOMACULATA_PA2_RUN4_MAXENT.Phillips","rand3.CRURIRAJA.PARCOMACULATA_PA2_RUN4_MAXENT.Phillips","rand4.CRURIRAJA.PARCOMACULATA_PA2_RUN4_MAXENT.Phillips","rand5.CRURIRAJA.PARCOMACULATA_PA2_RUN4_MAXENT.Phillips","rand1.CRURIRAJA.PARCOMACULATA_PA2_RUN5_GAM","rand2.CRURIRAJA.PARCOMACULATA_PA2_RUN5_GAM","rand3.CRURIRAJA.PARCOMACULATA_PA2_RUN5_GAM","rand4.CRURIRAJA.PARCOMACULATA_PA2_RUN5_GAM","rand5.CRURIRAJA.PARCOMACULATA_PA2_RUN5_GAM","rand1.CRURIRAJA.PARCOMACULATA_PA2_RUN5_GLM","rand2.CRURIRAJA.PARCOMACULATA_PA2_RUN5_GLM","rand3.CRURIRAJA.PARCOMACULATA_PA2_RUN5_GLM","rand4.CRURIRAJA.PARCOMACULATA_PA2_RUN5_GLM","rand5.CRURIRAJA.PARCOMACULATA_PA2_RUN5_GLM","rand1.CRURIRAJA.PARCOMACULATA_PA2_RUN5_MAXENT.Phillips","rand2.CRURIRAJA.PARCOMACULATA_PA2_RUN5_MAXENT.Phillips","rand3.CRURIRAJA.PARCOMACULATA_PA2_RUN5_MAXENT.Phillips","rand4.CRURIRAJA.PARCOMACULATA_PA2_RUN5_MAXENT.Phillips","rand5.CRURIRAJA.PARCOMACULATA_PA2_RUN5_MAXENT.Phillips","rand1.CRURIRAJA.PARCOMACULATA_PA2_RUN6_GAM","rand2.CRURIRAJA.PARCOMACULATA_PA2_RUN6_GAM","rand3.CRURIRAJA.PARCOMACULATA_PA2_RUN6_GAM","rand4.CRURIRAJA.PARCOMACULATA_PA2_RUN6_GAM","rand5.CRURIRAJA.PARCOMACULATA_PA2_RUN6_GAM","rand1.CRURIRAJA.PARCOMACULATA_PA2_RUN6_GLM","rand2.CRURIRAJA.PARCOMACULATA_PA2_RUN6_GLM","rand3.CRURIRAJA.PARCOMACULATA_PA2_RUN6_GLM","rand4.CRURIRAJA.PARCOMACULATA_PA2_RUN6_GLM","rand5.CRURIRAJA.PARCOMACULATA_PA2_RUN6_GLM","rand1.CRURIRAJA.PARCOMACULATA_PA2_RUN6_MAXENT.Phillips","rand2.CRURIRAJA.PARCOMACULATA_PA2_RUN6_MAXENT.Phillips","rand3.CRURIRAJA.PARCOMACULATA_PA2_RUN6_MAXENT.Phillips","rand4.CRURIRAJA.PARCOMACULATA_PA2_RUN6_MAXENT.Phillips","rand5.CRURIRAJA.PARCOMACULATA_PA2_RUN6_MAXENT.Phillips","rand1.CRURIRAJA.PARCOMACULATA_PA2_RUN7_GAM","rand2.CRURIRAJA.PARCOMACULATA_PA2_RUN7_GAM","rand3.CRURIRAJA.PARCOMACULATA_PA2_RUN7_GAM","rand4.CRURIRAJA.PARCOMACULATA_PA2_RUN7_GAM","rand5.CRURIRAJA.PARCOMACULATA_PA2_RUN7_GAM","rand1.CRURIRAJA.PARCOMACULATA_PA2_RUN7_GLM","rand2.CRURIRAJA.PARCOMACULATA_PA2_RUN7_GLM","rand3.CRURIRAJA.PARCOMACULATA_PA2_RUN7_GLM","rand4.CRURIRAJA.PARCOMACULATA_PA2_RUN7_GLM","rand5.CRURIRAJA.PARCOMACULATA_PA2_RUN7_GLM","rand1.CRURIRAJA.PARCOMACULATA_PA2_RUN7_MAXENT.Phillips","rand2.CRURIRAJA.PARCOMACULATA_PA2_RUN7_MAXENT.Phillips","rand3.CRURIRAJA.PARCOMACULATA_PA2_RUN7_MAXENT.Phillips","rand4.CRURIRAJA.PARCOMACULATA_PA2_RUN7_MAXENT.Phillips","rand5.CRURIRAJA.PARCOMACULATA_PA2_RUN7_MAXENT.Phillips","rand1.CRURIRAJA.PARCOMACULATA_PA2_RUN8_GAM","rand2.CRURIRAJA.PARCOMACULATA_PA2_RUN8_GAM","rand3.CRURIRAJA.PARCOMACULATA_PA2_RUN8_GAM","rand4.CRURIRAJA.PARCOMACULATA_PA2_RUN8_GAM","rand5.CRURIRAJA.PARCOMACULATA_PA2_RUN8_GAM","rand1.CRURIRAJA.PARCOMACULATA_PA2_RUN8_GLM","rand2.CRURIRAJA.PARCOMACULATA_PA2_RUN8_GLM","rand3.CRURIRAJA.PARCOMACULATA_PA2_RUN8_GLM","rand4.CRURIRAJA.PARCOMACULATA_PA2_RUN8_GLM","rand5.CRURIRAJA.PARCOMACULATA_PA2_RUN8_GLM","rand1.CRURIRAJA.PARCOMACULATA_PA2_RUN8_MAXENT.Phillips","rand2.CRURIRAJA.PARCOMACULATA_PA2_RUN8_MAXENT.Phillips","rand3.CRURIRAJA.PARCOMACULATA_PA2_RUN8_MAXENT.Phillips","rand4.CRURIRAJA.PARCOMACULATA_PA2_RUN8_MAXENT.Phillips","rand5.CRURIRAJA.PARCOMACULATA_PA2_RUN8_MAXENT.Phillips","rand1.CRURIRAJA.PARCOMACULATA_PA2_RUN9_GAM","rand2.CRURIRAJA.PARCOMACULATA_PA2_RUN9_GAM","rand3.CRURIRAJA.PARCOMACULATA_PA2_RUN9_GAM","rand4.CRURIRAJA.PARCOMACULATA_PA2_RUN9_GAM","rand5.CRURIRAJA.PARCOMACULATA_PA2_RUN9_GAM","rand1.CRURIRAJA.PARCOMACULATA_PA2_RUN9_GLM","rand2.CRURIRAJA.PARCOMACULATA_PA2_RUN9_GLM","rand3.CRURIRAJA.PARCOMACULATA_PA2_RUN9_GLM","rand4.CRURIRAJA.PARCOMACULATA_PA2_RUN9_GLM","rand5.CRURIRAJA.PARCOMACULATA_PA2_RUN9_GLM","rand1.CRURIRAJA.PARCOMACULATA_PA2_RUN9_MAXENT.Phillips","rand2.CRURIRAJA.PARCOMACULATA_PA2_RUN9_MAXENT.Phillips","rand3.CRURIRAJA.PARCOMACULATA_PA2_RUN9_MAXENT.Phillips","rand4.CRURIRAJA.PARCOMACULATA_PA2_RUN9_MAXENT.Phillips","rand5.CRURIRAJA.PARCOMACULATA_PA2_RUN9_MAXENT.Phillips","rand1.CRURIRAJA.PARCOMACULATA_PA2_RUN10_GAM","rand2.CRURIRAJA.PARCOMACULATA_PA2_RUN10_GAM","rand3.CRURIRAJA.PARCOMACULATA_PA2_RUN10_GAM","rand4.CRURIRAJA.PARCOMACULATA_PA2_RUN10_GAM","rand5.CRURIRAJA.PARCOMACULATA_PA2_RUN10_GAM","rand1.CRURIRAJA.PARCOMACULATA_PA2_RUN10_GLM","rand2.CRURIRAJA.PARCOMACULATA_PA2_RUN10_GLM","rand3.CRURIRAJA.PARCOMACULATA_PA2_RUN10_GLM","rand4.CRURIRAJA.PARCOMACULATA_PA2_RUN10_GLM","rand5.CRURIRAJA.PARCOMACULATA_PA2_RUN10_GLM","rand1.CRURIRAJA.PARCOMACULATA_PA2_RUN10_MAXENT.Phillips","rand2.CRURIRAJA.PARCOMACULATA_PA2_RUN10_MAXENT.Phillips","rand3.CRURIRAJA.PARCOMACULATA_PA2_RUN10_MAXENT.Phillips","rand4.CRURIRAJA.PARCOMACULATA_PA2_RUN10_MAXENT.Phillips","rand5.CRURIRAJA.PARCOMACULATA_PA2_RUN10_MAXENT.Phillips","rand1.CRURIRAJA.PARCOMACULATA_PA2_Full_GAM","rand2.CRURIRAJA.PARCOMACULATA_PA2_Full_GAM","rand3.CRURIRAJA.PARCOMACULATA_PA2_Full_GAM","rand4.CRURIRAJA.PARCOMACULATA_PA2_Full_GAM","rand5.CRURIRAJA.PARCOMACULATA_PA2_Full_GAM","rand1.CRURIRAJA.PARCOMACULATA_PA2_Full_GLM","rand2.CRURIRAJA.PARCOMACULATA_PA2_Full_GLM","rand3.CRURIRAJA.PARCOMACULATA_PA2_Full_GLM","rand4.CRURIRAJA.PARCOMACULATA_PA2_Full_GLM","rand5.CRURIRAJA.PARCOMACULATA_PA2_Full_GLM","rand1.CRURIRAJA.PARCOMACULATA_PA2_Full_MAXENT.Phillips","rand2.CRURIRAJA.PARCOMACULATA_PA2_Full_MAXENT.Phillips","rand3.CRURIRAJA.PARCOMACULATA_PA2_Full_MAXENT.Phillips","rand4.CRURIRAJA.PARCOMACULATA_PA2_Full_MAXENT.Phillips","rand5.CRURIRAJA.PARCOMACULATA_PA2_Full_MAXENT.Phillips"
0.390493,0.383713,0.397184,0.409438,0.368483,0.525675,0.546191,0.553916,0.531828,0.562453,0.532079,0.454186,0.510693,0.547506,0.55218,0.438465,0.47677,0.470034,0.475088,0.447902,0.754179,0.755794,0.760591,0.733558,0.795571,0.606658,0.562639,0.523465,0.577084,0.635994,0.51409,0.476418,0.472574,0.482708,0.481485,0.814631,0.799516,0.806776,0.774768,0.771081,0.612631,0.574654,0.605742,0.56515,0.574311,0.462117,0.465869,0.47194,0.473875,0.467883,0.852128,0.827063,0.865257,0.821915,0.896171,0.565674,0.609734,0.52623,0.60211,0.571065,0.451958,0.472707,0.448335,0.486984,0.463822,0.897918,0.814115,0.807525,0.809656,0.845366,0.617848,0.63059,0.651639,0.583942,0.586665,0.353194,0.385303,0.353422,0.394159,0.376227,0.833078,0.808344,0.857461,0.821002,0.807529,0.670095,0.554458,0.623715,0.628856,0.594064,0.452995,0.440257,0.472149,0.439731,0.496556,0.782924,0.89031,0.762253,0.797882,0.875737,0.489469,0.521172,0.538857,0.502089,0.500109,0.516096,0.510783,0.500455,0.498457,0.464643,0.773599,0.818472,0.847494,0.903985,0.823155,0.556835,0.5773,0.553729,0.541595,0.549469,0.382876,0.407851,0.399273,0.377745,0.388651,0.880051,0.753633,0.879167,0.791712,0.796046,0.552101,0.578382,0.532031,0.548331,0.522856,0.407532,0.478687,0.411983,0.429743,0.41648,0.826169,0.809569,0.80196,0.847153,0.796193,0.52204,0.609276,0.55914,0.653121,0.542898,0.417758,0.393544,0.394677,0.393267,0.426289,0.761749,0.719724,0.732235,0.716367,0.763358,0.607211,0.556375,0.566599,0.559776,0.556243,0.494293,0.491739,0.496499,0.533258,0.49299,0.381209,0.405803,0.384874,0.39141,0.394817,0.626926,0.592224,0.608613,0.656749,0.645741,0.757314,0.773227,0.767714,0.749463,0.722625,0.682453,0.716819,0.720565,0.687426,0.658423,0.548828,0.598216,0.58337,0.545355,0.540433,0.530938,0.502824,0.519122,0.571754,0.503878,0.535513,0.500043,0.523121,0.551185,0.563364,0.394455,0.350561,0.393025,0.37825,0.379799,0.626707,0.618287,0.610926,0.549205,0.599456,0.898316,0.895802,0.932503,0.907646,0.916238,0.660441,0.659346,0.637385,0.645165,0.688045,0.601512,0.515754,0.497328,0.529697,0.501253,0.696473,0.669094,0.633966,0.702124,0.634511,0.515212,0.481126,0.513713,0.483979,0.489799,0.486737,0.453084,0.500487,0.491857,0.460166,0.739199,0.790306,0.778142,0.794717,0.816652,0.5105,0.493259,0.470157,0.498234,0.466468,0.401857,0.374236,0.38515,0.397107,0.364769,0.807173,0.725249,0.831988,0.841081,0.773826,0.821671,0.747274,0.759255,0.779749,0.718769,0.495254,0.471255,0.459471,0.477608,0.448885,0.746959,0.817592,0.748474,0.727858,0.782706,0.564997,0.495381,0.534021,0.518922,0.564442,0.441525,0.395805,0.394626,0.39866,0.451796,0.766425,0.744449,0.807847,0.777016,0.721625,0.488065,0.467645,0.46712,0.475726,0.511292,0.379942,0.390762,0.465514,0.414906,0.425598,0.90367,0.869024,0.862812,0.887233,0.853794,0.724962,0.752243,0.717921,0.745314,0.746544,0.473461,0.451776,0.444653,0.422903,0.401631,0.745953,0.808729,0.808968,0.778736,0.826067,0.546752,0.574985,0.538632,0.576152,0.557371
0.118511,0.124999,0.117119,0.102643,0.112361,0,0,0,0,0,0.111519,0.105939,0.104859,0.109007,0.099595,0.186445,0.19442,0.184085,0.162129,0.196157,0,0,0,0,0,0.065928,0.0680190000000001,0.0682469999999999,0.058653,0.052301,0.246023,0.228633,0.233728,0.25373,0.222606,0,0,0,0,0,0.00433899999999998,0.00649500000000003,0.00284700000000004,0.00570400000000004,0.00595999999999997,0.210761,0.202236,0.214519,0.187484,0.212293,0,0,0,0,0,0.069846,0.067962,0.070039,0.071749,0.070595,0.103029,0.093363,0.0985239999999999,0.087144,0.098367,0,0,0,0,0,0.055982,0.055766,0.056443,0.0587259999999999,0.056926,0.044481,0.034967,0.041781,0.042447,0.043869,0,0,0,0,0,0.038671,0.037037,0.03417,0.033806,0.032514,0.065472,0.06941,0.07352,0.0683009999999999,0.063735,0,0,0,0,0,0.082968,0.078317,0.0699650000000001,0.0844,0.078545,0.259806,0.266032,0.26064,0.274071,0.269708,0,0,0,0,0,0.091878,0.087612,0.0817,0.086439,0.089118,0.00192599999999998,0.00173100000000004,0.00155000000000005,0.00168199999999996,0.00183599999999995,0,0,0,0,0,0.102746,0.098961,0.105151,0.091143,0.102853,0.156573,0.174141,0.186547,0.182873,0.198288,0,0,0,0,0,0.011517,0.0110130000000001,0.011759,0.010988,0.010885,0.074068,0.077245,0.088122,0.077688,0.069089,0,0,0,0,0,0.0967,0.103049,0.091758,0.097855,0.092897,0.0660770000000001,0.072784,0.082268,0.0784820000000001,0.068514,0,0,0,0,0,0.014358,0.01934,0.01445,0.012555,0.014662,0.65109,0.616875,0.648776,0.612202,0.651972,0,0,0,0,0,0.030461,0.030233,0.031344,0.0291090000000001,0.035967,0.588611,0.579951,0.578213,0.548399,0.597536,0.056265,0.059426,0.051913,0.059731,0.055874,0.00645499999999999,0.00550600000000001,0.00577000000000005,0.00448400000000004,0.00522100000000003,0.315661,0.287614,0.280644,0.296862,0.28822,0,0,0,0,0,0.089014,0.104116,0.0934199999999999,0.094835,0.090888,0.604036,0.615822,0.57666,0.599507,0.619135,0,0,0,0,0,0.03189,0.024189,0.025352,0.02561,0.036075,0.784066,0.747306,0.699785,0.749304,0.783962,0.193975,0.215619,0.17776,0.180436,0.189892,0.0115,0.009073,0.00955300000000003,0.00996600000000003,0.010062,0.646787,0.660135,0.659792,0.694778,0.66831,0,0,0,0,0,0.024631,0.02351,0.019738,0.026617,0.024519,0.429424,0.433942,0.42889,0.445257,0.425148,0,0,0,0,0,0.018887,0.020736,0.018352,0.020912,0.018076,0.326599,0.297913,0.302013,0.294972,0.311523,0,0,0,0,0,0.097345,0.085521,0.082894,0.092789,0.08629,0.27271,0.272467,0.259371,0.265411,0.290775,0,0,0,0,0,0.005185,0.00482300000000002,0.00620399999999999,0.00516899999999998,0.00563800000000003,0.669514,0.668259,0.676078,0.674994,0.657877,0,0,0,0,0,0.01288,0.017673,0.0179589999999999,0.015331,0.019537
0.46765,0.474961,0.496112,0.457707,0.504244,0,0,0,0,0,0.013554,0.00775899999999996,0.00718300000000005,0.011858,0.013447,0.343295,0.346539,0.362716,0.327139,0.335536,0.137928,0.117286,0.114,0.12455,0.118058,0.084144,0.095475,0.094022,0.089863,0.0936129999999999,0.566335,0.521138,0.577076,0.573477,0.538607,0,0,0,0,0,0,0,0,0,0,0.434958,0.450275,0.437451,0.431008,0.424777,0,0,0,0,0,0,0,0,0,0,0.369586,0.381647,0.391499,0.363662,0.376604,0,0,0,0,0,0.00049699999999997,0.000380000000000047,0.000427999999999984,0.000340000000000007,0.000572000000000017,0.527071,0.544388,0.53605,0.500147,0.521107,0,0,0,0,0,0,0,0,0,0,0.380494,0.409901,0.360794,0.347051,0.386731,0,0,0,0,0,0.077292,0.085664,0.086277,0.08364,0.085654,0.544396,0.510666,0.516957,0.529799,0.494524,0,0,0,0,0,0,0,0,0,0,0.307942,0.310414,0.315616,0.294927,0.308385,0,0,0,0,0,0.024932,0.024746,0.023164,0.024231,0.021208,0.448969,0.450335,0.457983,0.499559,0.433532,0,0,0,0,0,0,0,0,0,0,0.171858,0.18852,0.191581,0.164333,0.203417,0,0,0,0,0,0,0,0,0,0,0.23895,0.244673,0.224099,0.241434,0.244174,0,0,0,0,0,0.029762,0.02812,0.025228,0.026367,0.027461,0.397967,0.365033,0.384464,0.366992,0.321802,0,0,0,0,0,0.14862,0.113466,0.162632,0.142198,0.121637,0.312705,0.307165,0.306529,0.314263,0.302807,0,0,0,0,0,0,0,0,0,0,0.207453,0.192384,0.176901,0.175881,0.208738,0,0,0,0,0,0.070543,0.070186,0.061215,0.053355,0.050458,0.343307,0.317408,0.332487,0.333913,0.327722,0,0,0,0,0,0.087391,0.098715,0.088506,0.0749610000000001,0.079561,0.462589,0.449886,0.441171,0.43967,0.425037,0.139608,0.165718,0.140266,0.141814,0.145405,0.036189,0.035953,0.026741,0.031654,0.02852,0.326403,0.277916,0.313971,0.30948,0.309168,0,0,0,0,0,0.032806,0.037202,0.037589,0.041679,0.0381860000000001,0.684877,0.639184,0.678672,0.662055,0.637507,0,0,0,0,0,0,0,0,0,0,0.252461,0.248054,0.243826,0.249563,0.250295,0,0,0,0,0,0.285011,0.275867,0.269514,0.304884,0.307007,0.190627,0.204553,0.178558,0.161561,0.180224,0,0,0,0,0,0,0,0,0,0,0.36901,0.404174,0.380164,0.385218,0.38134,0,0,0,0,0,0.045709,0.0377999999999999,0.0440700000000001,0.043727,0.043372
0.092755,0.091282,0.076675,0.0841499999999999,0.096915,0,0,0,0,0,0.02211,0.017786,0.021678,0.020245,0.023884,0.00512100000000004,0.005498,0.00530600000000003,0.00478299999999998,0.00454900000000003,0,0,0,0,0,0,0,0,0,0,0.290165,0.279945,0.30073,0.285067,0.278304,0,0,0,0,0,0.00148000000000004,0.00188699999999997,0.00149200000000005,0.00216000000000005,0.00102199999999997,0.138131,0.151483,0.130491,0.144684,0.118106,0.085938,0.0757100000000001,0.075143,0.074801,0.0762930000000001,0.00533499999999998,0.00522599999999995,0.00556599999999996,0.005193,0.00469900000000001,0.052809,0.053917,0.052538,0.046419,0.053128,0,0,0,0,0,2.89999999999457e-05,3.50000000000072e-05,1.39999999999585e-05,2.29999999999952e-05,2.29999999999952e-05,0.167286,0.150344,0.171065,0.167521,0.167068,0,0,0,0,0,0.000334999999999974,0.000338999999999978,0.00026499999999996,0.000412999999999997,0.000167000000000028,0.167012,0.199366,0.181541,0.167581,0.195362,0,0,0,0,0,0.00288500000000003,0.00209700000000002,0.00284200000000001,0.00227599999999994,0.002552,0.213337,0.213696,0.198681,0.210376,0.196982,0,0,0,0,0,1.99999999994649e-06,1.00000000002876e-06,1.00000000002876e-06,1.99999999994649e-06,1.00000000002876e-06,0.178889,0.158314,0.168161,0.176948,0.19067,0,0,0,0,0,0.000306999999999946,0.000295999999999963,0.000346999999999986,0.00039100000000003,0.000313000000000008,0.123818,0.108923,0.113908,0.127544,0.114257,0,0,0,0,0,1.99999999994649e-06,1.00000000002876e-06,1.99999999994649e-06,1.99999999994649e-06,1.99999999994649e-06,0.146026,0.150023,0.136292,0.145831,0.143382,0.041188,0.033763,0.040003,0.040049,0.044981,0.00802700000000001,0.00976399999999999,0.00954500000000003,0.00875499999999996,0.00942799999999999,0.313004,0.265866,0.284864,0.317385,0.313616,0,0,0,0,0,0.01839,0.016368,0.016076,0.0171480000000001,0.014636,0.236345,0.262759,0.263156,0.24363,0.237588,0,0,0,0,0,0.132081,0.118852,0.1133,0.117236,0.109106,0.322891,0.337104,0.307088,0.317541,0.307434,0,0,0,0,0,0.223408,0.201964,0.233477,0.210889,0.217857,0.393321,0.413986,0.375791,0.40108,0.388415,0,0,0,0,0,0,0,0,0,0,0.179781,0.188378,0.172405,0.185541,0.19017,0,0,0,0,0,0.183518,0.197164,0.192594,0.183543,0.220582,0.514,0.543829,0.586845,0.578394,0.534963,0,0,0,0,0,0.070059,0.064866,0.080973,0.06488,0.066083,0.425167,0.430977,0.439997,0.446574,0.446129,0,0,0,0,0,0.00398799999999999,0.00376100000000001,0.00433300000000003,0.004328,0.00497199999999998,0.62962,0.677281,0.662724,0.626018,0.624257,0,0,0,0,0,0,0,0,0,0,0.247563,0.22713,0.21649,0.246299,0.230625,0,0,0,0,0,0.129809,0.135037,0.126155,0.141256,0.152142,0.6968,0.693689,0.688935,0.684943,0.668059,0,0,0,0,0,0.118908,0.09802,0.100565,0.109259,0.108727,0.44144,0.459687,0.466918,0.402967,0.439632,0,0,0,0,0,0.032049,0.025657,0.026213,0.024173,0.026072
0.220867,0.22375,0.257011,0.225254,0.238996,0.152057,0.153072,0.15131,0.171492,0.147836,0.241479,0.218789,0.22716,0.216725,0.214681,0.013862,0.014213,0.0163140000000001,0.015366,0.016397,0,0,0,0,0,0.03545,0.034262,0.037434,0.033802,0.036502,0.119899,0.122062,0.1046,0.127476,0.123987,0,0,0,0,0,0.057323,0.059307,0.060491,0.0621699999999999,0.064961,0.00076200000000004,0.000898999999999983,0.000665000000000027,0.000828999999999969,0.000816000000000039,0,0,0,0,0,0.05348,0.059032,0.0533439999999999,0.060372,0.0588070000000001,0.169787,0.155544,0.152457,0.141964,0.172612,0,0,0,0,0,0.175582,0.145476,0.150066,0.181262,0.157156,0.096616,0.090409,0.0731540000000001,0.085222,0.081654,0,0,0,0,0,0.165057,0.141986,0.140967,0.148747,0.134476,0.168287,0.179997,0.154912,0.177264,0.171961,0,0,0,0,0,0.180103,0.149895,0.158552,0.137711,0.157587,0.104646,0.1036,0.104899,0.114457,0.110754,0,0,0,0,0,0.176853,0.174338,0.166439,0.155944,0.157409,0.185905,0.201911,0.195315,0.210394,0.197876,0,0,0,0,0,0.226529,0.195039,0.209516,0.198658,0.200986,0.0813469999999999,0.095594,0.0905280000000001,0.084023,0.095758,0,0,0,0,0,0.118265,0.124213,0.128649,0.123498,0.121114,0.113942,0.114996,0.113519,0.117382,0.119,0,0,0,0,0,0.132145,0.143055,0.161374,0.134142,0.13469,0.0221479999999999,0.0301709999999999,0.026647,0.029693,0.027243,0,0,0,0,0,0.103316,0.121542,0.103951,0.133534,0.139023,0.334197,0.312395,0.368164,0.368647,0.337129,0.080618,0.079518,0.081909,0.074323,0.071859,0.00490299999999999,0.00633099999999998,0.00569500000000001,0.00466699999999998,0.00567099999999998,0.52756,0.523684,0.493224,0.503201,0.515428,0.241241,0.241993,0.250533,0.230256,0.23024,0.336755,0.33564,0.287176,0.375019,0.364479,0.109839,0.130403,0.099139,0.118717,0.122821,0,0,0,0,0,0.372597,0.351038,0.377182,0.368157,0.32334,0.195447,0.204451,0.216287,0.21434,0.216655,0,0,0,0,0,0.230202,0.245582,0.260395,0.250303,0.228458,0.31707,0.249745,0.281825,0.283772,0.304333,0,0,0,0,0,0.206911,0.260724,0.218567,0.223409,0.230602,0.192086,0.175044,0.183869,0.198086,0.17365,0,0,0,0,0,0.328141,0.296022,0.287111,0.307382,0.313264,0.318651,0.283932,0.308537,0.323484,0.326972,0,0,0,0,0,0.114966,0.114465,0.111264,0.117533,0.11538,0.322097,0.30873,0.291956,0.324959,0.309128,0,0,0,0,0,0.175338,0.173239,0.186585,0.202355,0.170897,0.00944699999999998,0.00764900000000002,0.00864299999999996,0.00663999999999998,0.00781600000000005,0.017804,0.020521,0.020064,0.018675,0.018846,0.145484,0.114067,0.118433,0.135351,0.141161,0.233048,0.247299,0.220522,0.244266,0.213464,0,0,0,0,0,0.265194,0.236709,0.232768,0.241671,0.245307
0.340544,0.398953,0.390487,0.380781,0.346586,0,0,0,0,0,0.091557,0.085631,0.083761,0.07858,0.090468,0.387841,0.411041,0.392346,0.389507,0.377411,0.070028,0.0688800000000001,0.069384,0.0599769999999999,0.055392,0.145763,0.166574,0.16538,0.171271,0.140654,0.306121,0.336377,0.331176,0.311708,0.341799,0,0,0,0,0,0.047508,0.036729,0.037396,0.031842,0.038777,0.253172,0.252674,0.257227,0.249933,0.227997,0.041538,0.040318,0.039337,0.037453,0.039897,0.052496,0.035256,0.044967,0.04016,0.048511,0.284474,0.302005,0.282583,0.288408,0.290514,0,0,0,0,0,0.099625,0.103495,0.106391,0.101896,0.109871,0.030939,0.029143,0.025711,0.026203,0.029072,0.095465,0.098881,0.078084,0.08544,0.087913,0.069976,0.073886,0.07375,0.0785670000000001,0.075624,0.119657,0.12246,0.109354,0.128363,0.129256,0,0,0,0,0,0.065002,0.058613,0.0681929999999999,0.051034,0.074921,0.193921,0.189887,0.204794,0.184586,0.179101,0,0,0,0,0,0.103424,0.12858,0.131268,0.128677,0.105051,0.124867,0.125196,0.115279,0.125295,0.106576,0,0,0,0,0,0.0659690000000001,0.071227,0.068827,0.067373,0.0649729999999999,0.164423,0.178492,0.159278,0.154903,0.149652,0,0,0,0,0,0.0404060000000001,0.01603,0.026935,0.0247230000000001,0.028558,0.108012,0.107427,0.128304,0.106027,0.117871,0.016306,0.017244,0.014097,0.014288,0.014478,0.079779,0.072519,0.087212,0.07897,0.080414,0.079473,0.073304,0.06997,0.086151,0.0732390000000001,0.00988999999999995,0.00938399999999995,0.00929899999999995,0.00761999999999996,0.012898,0.064906,0.077333,0.055735,0.070994,0.06231,0.044583,0.044452,0.047131,0.0454369999999999,0.035601,0,0,0,0,0,0.090735,0.088299,0.105801,0.085659,0.096692,0.444894,0.467771,0.456663,0.465396,0.445484,0,0,0,0,0,0.0651890000000001,0.063069,0.072912,0.073252,0.074304,0.182659,0.210663,0.205392,0.187644,0.188226,0.063786,0.05902,0.055978,0.064768,0.0535600000000001,0.060069,0.070616,0.059254,0.058115,0.06492,0.43391,0.443125,0.433711,0.425481,0.446541,0,0,0,0,0,0.06873,0.089421,0.07823,0.081566,0.077057,0.35802,0.370292,0.369478,0.382462,0.350301,0.018736,0.019405,0.020563,0.020049,0.020699,0.0436299999999999,0.047665,0.0480120000000001,0.044947,0.053435,0.345182,0.316078,0.337277,0.33708,0.316733,0.060882,0.0677680000000001,0.060797,0.075257,0.058173,0.100385,0.0930839999999999,0.0962730000000001,0.09183,0.108775,0.502666,0.490016,0.502921,0.466104,0.431836,0.025259,0.02766,0.033643,0.031385,0.029541,0.04522,0.032814,0.047695,0.040376,0.054164,0.335163,0.333261,0.318858,0.358454,0.336278,0,0,0,0,0,0.120197,0.126724,0.149531,0.142289,0.143234,0.466564,0.488101,0.450894,0.460837,0.446985,0.0667990000000001,0.067916,0.064176,0.058856,0.058065,0.087235,0.0715209999999999,0.080823,0.089929,0.094946,0.046746,0.041052,0.038551,0.043544,0.036646,0.039664,0.036716,0.040339,0.0394910000000001,0.041851,0.090008,0.088354,0.072679,0.0853660000000001,0.09133
0.387316,0.358431,0.391975,0.410738,0.360445,0,0,0,0,0,0.017638,0.011222,0.018514,0.012923,0.015922,0.35384,0.36431,0.356575,0.346959,0.366458,0,0,0,0,0,0.016799,0.011278,0.013226,0.0114880000000001,0.00578299999999998,0.315621,0.323321,0.288191,0.309343,0.299507,0,0,0,0,0,0,0,0,0,0,0.160414,0.165203,0.157026,0.174293,0.168815,0,0,0,0,0,1.99999999994649e-06,1.00000000002876e-06,2.99999999997524e-06,1.00000000002876e-06,1.00000000002876e-06,0.298932,0.315216,0.317406,0.34911,0.303667,0,0,0,0,0,0.00164799999999998,0.00238700000000003,0.00354500000000002,0.00318799999999997,0.00227999999999995,0.106248,0.092992,0.0953889999999999,0.10231,0.09651,0,0,0,0,0,0.00717100000000004,0.009799,0.011787,0.0115769999999999,0.00836700000000001,0.296749,0.295373,0.320014,0.275745,0.313393,0,0,0,0,0,0.015356,0.0114030000000001,0.011592,0.010782,0.012185,0.361644,0.356931,0.371826,0.406855,0.375753,0,0,0,0,0,0.027651,0.033139,0.031579,0.028018,0.039791,0.446357,0.455878,0.435727,0.42897,0.446759,0,0,0,0,0,0.00360099999999997,0.00284600000000002,0.00385199999999997,0.00275000000000003,0.00262200000000001,0.242634,0.225818,0.241709,0.248769,0.256443,0,0,0,0,0,0.021813,0.020122,0.018139,0.020796,0.019352,0.392569,0.43134,0.39707,0.383942,0.381921,0,0,0,0,0,0.00576100000000002,0.00411899999999998,0.00519199999999997,0.00576900000000002,0.00570099999999996,0.106611,0.11333,0.108342,0.10889,0.105453,0,0,0,0,0,0.046218,0.057396,0.056997,0.060605,0.057368,0.189879,0.215763,0.167188,0.188835,0.176105,0,0,0,0,0,0,0,0,0,0,0.482447,0.515069,0.543901,0.499502,0.511248,0,0,0,0,0,0.012501,0.00831099999999996,0.011114,0.00949999999999995,0.00927100000000003,0.450391,0.442788,0.410977,0.433277,0.435002,0,0,0,0,0,0.086436,0.104872,0.102667,0.091877,0.098571,0.038851,0.051245,0.044297,0.047991,0.044905,0,0,0,0,0,0.065298,0.075332,0.071421,0.066819,0.057081,0.423509,0.376886,0.37862,0.442251,0.415343,0,0,0,0,0,0.052134,0.050183,0.039651,0.057847,0.047639,0.245671,0.232451,0.238816,0.251056,0.246103,0,0,0,0,0,0.088566,0.082518,0.087189,0.086276,0.097207,0.432761,0.396579,0.432807,0.443564,0.442968,0,0,0,0,0,0.000851000000000046,0.000936000000000048,0.000793000000000044,0.000797000000000048,0.000757000000000008,0.465089,0.444062,0.470453,0.427391,0.457425,0,0,0,0,0,0.032153,0.036669,0.041851,0.038978,0.038869,0.164138,0.167468,0.177905,0.168468,0.168573,0,0,0,0,0,0.030411,0.044264,0.0388810000000001,0.041239,0.037442,0.138892,0.152683,0.160096,0.150835,0.158574,0,0,0,0,0,0.046512,0.032011,0.041885,0.040499,0.029741
0.227427,0.21116,0.199625,0.223847,0.213085,0.067461,0.075227,0.071801,0.064675,0.060175,0.044843,0.046126,0.041219,0.056426,0.033463,0.257998,0.286793,0.27684,0.2774,0.287845,0,0,0,0,0,0.030352,0.0280049999999999,0.029737,0.0323909999999999,0.030297,0.167711,0.17583,0.162403,0.180022,0.165662,0.104228,0.106561,0.084464,0.0902579999999999,0.095903,0.082284,0.079806,0.074782,0.0650770000000001,0.0793160000000001,0.189259,0.195167,0.199839,0.210631,0.207722,0,0,0,0,0,0.122287,0.111731,0.1382,0.111782,0.112711,0.140654,0.147569,0.153116,0.126813,0.157897,0.020724,0.020358,0.021189,0.026176,0.023991,0.067825,0.061652,0.057301,0.057503,0.0732390000000001,0.198862,0.201051,0.195757,0.199976,0.198258,0,0,0,0,0,0.072855,0.102149,0.0879799999999999,0.081445,0.073455,0.113262,0.120989,0.119141,0.103614,0.12931,0.011891,0.0117699999999999,0.011655,0.012319,0.010823,0.066628,0.061485,0.061517,0.073354,0.042892,0.188559,0.178144,0.17099,0.170435,0.169028,0.0512550000000001,0.052468,0.058316,0.058366,0.055272,0.04839,0.046555,0.043001,0.040041,0.049888,0.181372,0.186142,0.182561,0.190889,0.164814,0.075893,0.071796,0.080058,0.0743549999999999,0.083572,0.062151,0.056076,0.0426569999999999,0.049138,0.0552589999999999,0.106617,0.103833,0.103849,0.098712,0.113838,0.0446029999999999,0.053687,0.054067,0.05446,0.051865,0.029274,0.033047,0.033149,0.034461,0.034961,0.107373,0.111204,0.098579,0.121492,0.129048,0,0,0,0,0,0.051824,0.0627529999999999,0.044815,0.064436,0.070061,0.306956,0.330138,0.309228,0.317335,0.347628,0,0,0,0,0,0.066787,0.078788,0.080607,0.076651,0.066651,0.398319,0.412721,0.420534,0.402247,0.397923,0,0,0,0,0,0,0,0,0,0,0.305525,0.335781,0.299473,0.300064,0.28837,0,0,0,0,0,0.044145,0.037315,0.034844,0.032882,0.04731,0.321208,0.33861,0.286713,0.301794,0.299057,0,0,0,0,0,0.104385,0.103367,0.116744,0.111684,0.117368,0.130554,0.142382,0.12864,0.1329,0.159031,0,0,0,0,0,0.070113,0.087032,0.088333,0.06904,0.077077,0.458174,0.425748,0.451988,0.463544,0.454859,0,0,0,0,0,0.014741,0.016038,0.013782,0.022242,0.019083,0.105813,0.128258,0.103914,0.091522,0.128173,0,0,0,0,0,0.109796,0.109724,0.111027,0.123849,0.100054,0.267482,0.279767,0.275352,0.241735,0.276863,0,0,0,0,0,0.001942,0.00187400000000004,0.00197599999999998,0.00200199999999995,0.00201099999999999,0.288996,0.312559,0.311093,0.32985,0.300086,0.035268,0.029954,0.02868,0.036732,0.038566,0.057996,0.0572319999999999,0.0605250000000001,0.058223,0.054103,0.414168,0.429634,0.426542,0.439741,0.43191,0,0,0,0,0,0.053488,0.045702,0.05947,0.048047,0.044088,0.338185,0.387579,0.357696,0.370002,0.376566,0,0,0,0,0,0.044144,0.049022,0.054957,0.055305,0.049376
0.517301,0.510967,0.537902,0.519862,0.556242,0,0,0,0,0,0.047923,0.034264,0.045419,0.058423,0.045288,0.480093,0.493005,0.504036,0.476295,0.498796,0,0,0,0,0,0.022241,0.02599,0.029187,0.028323,0.027979,0.465132,0.477057,0.497365,0.452839,0.472696,0,0,0,0,0,0,0,0,0,0,0.404644,0.372131,0.384481,0.397923,0.416671,0,0,0,0,0,0.022894,0.021454,0.019414,0.019895,0.024179,0.448162,0.498902,0.471497,0.477649,0.476581,0,0,0,0,0,0.049212,0.052678,0.053916,0.04144,0.046423,0.334203,0.345029,0.345495,0.336735,0.352958,0,0,0,0,0,0.039369,0.03086,0.036521,0.029175,0.0330589999999999,0.439616,0.446942,0.442236,0.454913,0.412079,0,0,0,0,0,0.038139,0.044141,0.032552,0.042053,0.033959,0.508405,0.49416,0.516113,0.495759,0.490489,0,0,0,0,0,0.080074,0.073792,0.075526,0.079914,0.070723,0.468886,0.472053,0.4681,0.448022,0.447542,0,0,0,0,0,0.023786,0.018178,0.0231789999999999,0.02013,0.017656,0.475254,0.513078,0.479012,0.527596,0.513499,0,0,0,0,0,0,0,0,0,0,0.474414,0.45354,0.419866,0.467724,0.473382,0,0,0,0,0,0.0246150000000001,0.022158,0.025799,0.021702,0.020846,0.345531,0.310859,0.353335,0.347509,0.304723,0,0,0,0,0,0.038822,0.031617,0.03601,0.032811,0.04155,0.472329,0.452452,0.459682,0.455961,0.445263,0,0,0,0,0,0.000190000000000023,0.000183999999999962,0.000161999999999995,0.000124000000000013,0.000153999999999987,0.322838,0.316763,0.29341,0.307585,0.302753,0,0,0,0,0,0.0684129999999999,0.061319,0.063212,0.068528,0.053278,0.482848,0.494723,0.507703,0.490962,0.486763,0,0,0,0,0,0.139846,0.14466,0.131197,0.126608,0.116949,0.124005,0.121017,0.136351,0.106804,0.117085,0,0,0,0,0,0.015178,0.010985,0.0211,0.0160130000000001,0.015996,0.092735,0.081778,0.075331,0.068632,0.084711,0,0,0,0,0,0.026533,0.0276189999999999,0.0187889999999999,0.020639,0.0344989999999999,0.00154399999999999,0.00181799999999999,0.00150899999999998,0.00155000000000005,0.002301,0,0,0,0,0,0.103738,0.110929,0.102588,0.109548,0.111713,0.353007,0.361295,0.369954,0.403409,0.380477,0,0,0,0,0,0,0,0,0,0,0.35352,0.308085,0.359938,0.32782,0.367321,0,0,0,0,0,0.020752,0.027362,0.025853,0.031879,0.0279740000000001,0.590618,0.52215,0.59638,0.572934,0.599931,0,0,0,0,0,0.027712,0.024544,0.015211,0.01744,0.023663,0.405136,0.358488,0.424909,0.440185,0.400206,0,0,0,0,0,0.0376919999999999,0.0419349999999999,0.043117,0.033695,0.034122
0.456285,0.478007,0.512013,0.475007,0.489573,0,0,0,0,0,0.105026,0.098211,0.103459,0.105754,0.0803,0.486276,0.481751,0.480058,0.476406,0.475773,0.023748,0.026446,0.024608,0.027985,0.026895,0,0,0,0,0,0.478866,0.479655,0.471616,0.495926,0.457969,0,0,0,0,0,0,0,0,0,0,0.409456,0.394409,0.403478,0.393258,0.405136,0,0,0,0,0,0,0,0,0,0,0.502384,0.522551,0.487608,0.491544,0.505591,0,0,0,0,0,0.03773,0.036621,0.037274,0.033824,0.029321,0.485848,0.473569,0.497133,0.482273,0.489409,0,0,0,0,0,0,0,0,0,0,0.410514,0.388879,0.425175,0.420774,0.384171,0,0,0,0,0,0.031742,0.027294,0.038709,0.03843,0.037134,0.427306,0.414425,0.443565,0.41917,0.433686,0,0,0,0,0,0.00735600000000003,0.01245,0.00951199999999996,0.00736199999999998,0.00970899999999997,0.469828,0.465481,0.475052,0.478737,0.445195,0,0,0,0,0,0.012499,0.01232,0.011306,0.016775,0.012849,0.22054,0.228399,0.230743,0.239004,0.223419,0,0,0,0,0,0,0,0,0,0,0.470534,0.449081,0.450824,0.455958,0.467092,0,0,0,0,0,0.01274,0.012009,0.00897999999999999,0.014396,0.00749900000000003,0.507748,0.459429,0.479466,0.438795,0.468005,0,0,0,0,0,0.00149999999999995,0.00151199999999996,0.00183100000000003,0.000739000000000045,0.00100599999999995,0.583664,0.565668,0.568296,0.57323,0.569108,0,0,0,0,0,0.02741,0.029296,0.0263330000000001,0.021445,0.031101,0.542768,0.566027,0.563607,0.540371,0.533896,0,0,0,0,0,0.068973,0.057493,0.048318,0.053922,0.060094,0.493749,0.469435,0.513008,0.530966,0.528921,0,0,0,0,0,0.032498,0.04338,0.038936,0.035596,0.050471,0.434138,0.450527,0.460602,0.452918,0.4387,0.119002,0.11267,0.10871,0.105937,0.108739,0.042494,0.038485,0.0394099999999999,0.041123,0.02708,0.521405,0.578442,0.580522,0.616902,0.584603,0,0,0,0,0,0,0,0,0,0,0.058373,0.079522,0.079866,0.066763,0.084593,0,0,0,0,0,0.068402,0.08314,0.073918,0.06892,0.069742,0.575386,0.567972,0.615582,0.5831,0.608204,0,0,0,0,0,0,0,0,0,0,0.563511,0.589573,0.583654,0.583146,0.60327,0,0,0,0,0,0.028717,0.029575,0.021347,0.024823,0.021946,0.636139,0.650089,0.656687,0.648641,0.654977,0,0,0,0,0,0.00400400000000001,0.00295800000000002,0.00538400000000006,0.00477300000000003,0.00534100000000004,0.530675,0.498904,0.502813,0.526538,0.522359,0,0,0,0,0,0.019066,0.018064,0.0185920000000001,0.021518,0.01772
0.413993,0.431984,0.386137,0.437382,0.426584,0,0,0,0,0,0.024056,0.0282289999999999,0.020967,0.028685,0.024541,0.406533,0.441002,0.426921,0.368955,0.423232,0,0,0,0,0,0.01039,0.00935699999999995,0.011645,0.012672,0.011548,0.369857,0.381902,0.385018,0.370737,0.383569,0,0,0,0,0,0.020458,0.017275,0.018087,0.016605,0.0181789999999999,0.306315,0.30133,0.277738,0.320761,0.298074,0,0,0,0,0,0.016245,0.021375,0.011741,0.012588,0.015016,0.409379,0.417347,0.411202,0.411186,0.428978,0,0,0,0,0,0.04976,0.055353,0.048809,0.055758,0.047938,0.380175,0.394658,0.368683,0.352192,0.354926,0,0,0,0,0,0,0,0,0,0,0.347078,0.346358,0.355355,0.304793,0.35543,0,0,0,0,0,0.049688,0.043768,0.044414,0.045147,0.044093,0.341722,0.350388,0.335088,0.365034,0.338609,0,0,0,0,0,0.004548,0.00628600000000001,0.005741,0.00621700000000003,0.00600800000000001,0.401445,0.396211,0.384371,0.434838,0.392242,0,0,0,0,0,0.00992599999999999,0.00955499999999998,0.00923200000000002,0.00945300000000004,0.00873599999999997,0.16537,0.18056,0.187565,0.183602,0.185857,0,0,0,0,0,0.0110209999999999,0.010991,0.011876,0.010791,0.011054,0.395592,0.369371,0.391807,0.393788,0.379501,0,0,0,0,0,0.031852,0.012449,0.0165650000000001,0.019407,0.022497,0.435881,0.4258,0.402463,0.399764,0.396951,0.026043,0.021584,0.01964,0.017296,0.023459,0.038871,0.037442,0.033442,0.037813,0.036465,0.498621,0.438472,0.479526,0.456919,0.487013,0,0,0,0,0,0.00559699999999996,0.00764600000000004,0.00464500000000001,0.00550600000000001,0.005494,0.418994,0.451388,0.434537,0.431703,0.416865,0,0,0,0,0,0.080292,0.068684,0.067365,0.06618,0.067197,0.455342,0.485466,0.45782,0.454689,0.469313,0,0,0,0,0,0.0280359999999999,0.019836,0.022088,0.026773,0.030814,0.447753,0.42885,0.427485,0.442115,0.447789,0.179391,0.169916,0.188346,0.170925,0.171191,0.19863,0.190304,0.193447,0.178564,0.16593,0.567725,0.532251,0.52628,0.514957,0.540571,0,0,0,0,0,0.031825,0.046991,0.040887,0.044827,0.0349699999999999,0.217156,0.201711,0.2107,0.216127,0.201055,0,0,0,0,0,0.034897,0.0351669999999999,0.031682,0.031714,0.033776,0.480591,0.436934,0.405889,0.450115,0.455584,0,0,0,0,0,0.00554299999999996,0.00463400000000003,0.00541199999999997,0.00528799999999996,0.00556100000000004,0.512234,0.464785,0.51303,0.490684,0.510414,0.016177,0.015803,0.017768,0.013703,0.010273,0.031622,0.044359,0.0430779999999999,0.039892,0.04032,0.536215,0.473013,0.508533,0.501406,0.495793,0,0,0,0,0,0.018926,0.021073,0.026514,0.016675,0.017686,0.451171,0.481324,0.442097,0.48822,0.450863,0,0,0,0,0,0.071894,0.072306,0.073637,0.070315,0.082665
0.000180999999999987,0.000183999999999962,0.000171000000000032,0.000215999999999994,0.000195999999999974,0,0,0,0,0,0.00304000000000004,0.00239199999999995,0.003606,0.00336499999999995,0.00266699999999997,0.520778,0.493864,0.515764,0.545424,0.549921,0,0,0,0,0,0.05972,0.051121,0.067651,0.054894,0.047218,0.038502,0.038829,0.036317,0.032856,0.036169,0,0,0,0,0,0,0,0,0,0,0.156569,0.184909,0.177527,0.176699,0.168294,0,0,0,0,0,0.00608799999999998,0.00614499999999996,0.00542600000000004,0.00637299999999996,0.00573199999999996,0.58411,0.603717,0.598481,0.57277,0.606355,0.31394,0.279167,0.302433,0.309096,0.291917,0.03672,0.0487069999999999,0.047735,0.047928,0.050898,0.456133,0.439567,0.414967,0.439652,0.4184,0,0,0,0,0,0.060652,0.048987,0.05286,0.056184,0.052155,0.541599,0.507402,0.534772,0.521359,0.549183,0,0,0,0,0,0.00700599999999996,0.00683699999999998,0.00670000000000004,0.00823499999999999,0.00912599999999997,0.585926,0.583486,0.578522,0.572258,0.548125,0,0,0,0,0,0.113468,0.11411,0.12504,0.122718,0.139412,0.527547,0.522506,0.52195,0.553018,0.556449,0,0,0,0,0,0,0,0,0,0,0.114598,0.086751,0.121973,0.120733,0.099383,0,0,0,0,0,0,0,0,0,0,0.450059,0.451006,0.460931,0.436998,0.455587,0,0,0,0,0,0.00944299999999998,0.0102179999999999,0.00977899999999998,0.00908100000000001,0.00956699999999999,0.225032,0.233755,0.217848,0.216224,0.243865,0,0,0,0,0,0.00701700000000005,0.00732600000000005,0.00819400000000003,0.00760899999999998,0.00714899999999996,0.18385,0.180896,0.162151,0.185597,0.174144,0.475968,0.474172,0.514906,0.499074,0.494767,0.00131999999999999,0.00074200000000002,0.000620999999999983,0.00107000000000002,0.000724999999999976,0.351973,0.374493,0.380792,0.396583,0.335928,0,0,0,0,0,0,0,0,0,0,0.280822,0.280187,0.30514,0.261852,0.295454,0,0,0,0,0,0,0,0,0,0,0.247369,0.250777,0.225182,0.226756,0.234964,0,0,0,0,0,0,0,0,0,0,0.465224,0.489834,0.498019,0.490754,0.480704,0,0,0,0,0,0,0,0,0,0,0.616658,0.577682,0.589532,0.575849,0.583852,0,0,0,0,0,0.00622900000000004,0.00821400000000005,0.00822900000000004,0.00873699999999999,0.00768000000000002,0.105514,0.099341,0.121037,0.125424,0.112869,0,0,0,0,0,0,0,0,0,0,0.366724,0.365598,0.357482,0.343713,0.318434,0.0751810000000001,0.077833,0.079125,0.0770380000000001,0.084024,0.110223,0.107659,0.113457,0.119279,0.097681,0.324336,0.306698,0.293084,0.310913,0.335015,0,0,0,0,0,0.0101599999999999,0.007023,0.010665,0.011231,0.00542399999999998,0.178745,0.176504,0.189474,0.181056,0.172147,0.061599,0.059376,0.058951,0.058324,0.054565,0.00255099999999997,0.00260800000000005,0.00267399999999995,0.00261400000000001,0.00287199999999999
0.348569,0.364504,0.315723,0.385456,0.333964,0.270466,0.263774,0.264459,0.239328,0.240056,0.007494,0.00687199999999999,0.00568400000000002,0.00610900000000003,0.00760300000000003,0.32904,0.349485,0.345569,0.302748,0.364025,0.503955,0.479915,0.519611,0.493912,0.52064,0.00638300000000003,0.00626099999999996,0.00579600000000002,0.00625799999999999,0.00681399999999999,0.455992,0.429483,0.424206,0.457416,0.427074,0.596488,0.617138,0.588315,0.622518,0.606503,0.00700400000000001,0.00654900000000003,0.00694700000000004,0.00680899999999995,0.00662499999999999,0.161392,0.14865,0.156316,0.164316,0.14173,0.508169,0.503559,0.520219,0.499557,0.537404,0.022935,0.021483,0.023219,0.022638,0.021362,0.497761,0.452233,0.501812,0.492959,0.478846,0,0,0,0,0,0.069828,0.082003,0.070881,0.078314,0.064516,0.42232,0.478707,0.457622,0.441742,0.450587,0.617365,0.624963,0.627474,0.624719,0.632957,0.065568,0.066482,0.060428,0.072985,0.064597,0.198908,0.20078,0.2132,0.204323,0.197772,0,0,0,0,0,0.00611300000000004,0.00588999999999995,0.00558700000000001,0.00489700000000004,0.00631899999999996,0.506035,0.532578,0.510502,0.493478,0.525133,0.520311,0.466325,0.477878,0.505074,0.503913,0.0315299999999999,0.030596,0.026879,0.029236,0.027224,0.440897,0.410042,0.403303,0.414859,0.427737,0.388607,0.393058,0.406926,0.406188,0.430181,0.0693049999999999,0.078159,0.074485,0.072214,0.069725,0.649448,0.614344,0.64204,0.65432,0.637376,0.50308,0.519379,0.508163,0.525093,0.515775,0.012479,0.010668,0.011305,0.0120130000000001,0.0116309999999999,0.437031,0.437846,0.422415,0.44747,0.448799,0.683909,0.689367,0.682439,0.700806,0.684763,0.083441,0.074857,0.059959,0.0893929999999999,0.080263,0.513025,0.48279,0.511427,0.502281,0.504358,0.557439,0.587299,0.547181,0.588875,0.530964,0.098142,0.076888,0.088875,0.098048,0.09175,0.541617,0.518172,0.54335,0.478119,0.545467,0.293764,0.307228,0.287608,0.284805,0.278635,0.051911,0.05525,0.055844,0.050827,0.054738,0.765705,0.786247,0.778077,0.782224,0.72571,0.053539,0.050396,0.049122,0.054907,0.049287,0.276429,0.300266,0.303312,0.297932,0.289261,0.321791,0.324417,0.328895,0.317229,0.309493,0.333113,0.353134,0.334197,0.348289,0.329673,0.02966,0.029487,0.0235610000000001,0.028744,0.023668,0.58775,0.569946,0.588946,0.564992,0.637317,0.533247,0.527158,0.578891,0.566117,0.532505,0.214187,0.208362,0.228396,0.206963,0.234832,0.565813,0.563101,0.544123,0.585577,0.533989,0.706541,0.66506,0.704975,0.676706,0.683118,0.0193759999999999,0.017709,0.020676,0.014779,0.013528,0.128805,0.132644,0.141484,0.144178,0.137333,0.572357,0.564144,0.580909,0.575373,0.543843,0.014605,0.016552,0.0151790000000001,0.0205880000000001,0.0167079999999999,0.494772,0.504584,0.464846,0.496853,0.502483,0.606433,0.574773,0.616021,0.575289,0.590857,0.143872,0.133515,0.133348,0.158739,0.172314,0.682724,0.660762,0.644391,0.633885,0.662527,0.717442,0.783486,0.763584,0.745238,0.746485,0.0561700000000001,0.046225,0.039508,0.0507069999999999,0.06517,0.223187,0.22823,0.220211,0.209545,0.219119,0.395739,0.392131,0.393355,0.390641,0.385127,0.03283,0.032525,0.03565,0.036664,0.028908,0.253424,0.259999,0.271777,0.280931,0.27487,0.682942,0.685107,0.684217,0.706526,0.683065,0.074197,0.061916,0.0576,0.051753,0.061624
0.232112,0.237403,0.236833,0.239108,0.244178,0.381464,0.37986,0.402829,0.401803,0.400304,0.00521199999999999,0.00380000000000003,0.00439500000000004,0.00508699999999995,0.00514199999999998,0.006768,0.00626400000000005,0.00625799999999999,0.00653400000000004,0.00641099999999994,0.795534,0.843563,0.770706,0.833813,0.819952,0,0,0,0,0,0.260684,0.249015,0.251142,0.24188,0.242416,0,0,0,0,0,0,0,0,0,0,0.22273,0.234023,0.227763,0.236685,0.254039,0.766964,0.789121,0.775196,0.722744,0.720601,0.112671,0.131141,0.123752,0.114798,0.126029,0.265728,0.281049,0.256852,0.289493,0.255793,0.336561,0.402068,0.359063,0.393695,0.348863,0.0150400000000001,0.015137,0.017385,0.011181,0.014481,0.300652,0.25997,0.271029,0.267882,0.269697,0.513854,0.560459,0.524974,0.505167,0.511801,0,0,0,0,0,0.278462,0.260563,0.286192,0.263072,0.258236,0.42955,0.434269,0.441946,0.42493,0.409874,0.081789,0.072711,0.076697,0.076915,0.084606,0.199848,0.207064,0.216287,0.214529,0.2107,0.50978,0.567587,0.519197,0.557434,0.510578,0.00961999999999996,0.00921499999999997,0.010312,0.00950399999999996,0.011717,0.267041,0.260687,0.287013,0.28839,0.23269,0.40861,0.393924,0.417223,0.406851,0.407878,0,0,0,0,0,0.104921,0.113273,0.117541,0.092591,0.099805,0.7094,0.729062,0.739588,0.674567,0.677642,0.00741700000000001,0.00755499999999998,0.00714899999999996,0.006907,0.00701600000000002,0.032251,0.03551,0.03557,0.038332,0.031971,0.552494,0.530985,0.551823,0.549749,0.573846,0.0206460000000001,0.0260089999999999,0.022571,0.022994,0.024786,0.055489,0.049598,0.044234,0.043475,0.049647,0,0,0,0,0,0.00133300000000003,0.00174099999999999,0.00121599999999999,0.00187999999999999,0.001641,0.750251,0.713508,0.758091,0.752294,0.746077,0,0,0,0,0,0.0131250000000001,0.014709,0.013191,0.013767,0.010367,0.342995,0.372847,0.309262,0.321422,0.358544,0,0,0,0,0,0.010227,0.018489,0.015227,0.012737,0.012973,0.581115,0.533945,0.56566,0.553329,0.569656,0,0,0,0,0,0.03722,0.03546,0.037734,0.029551,0.027688,0.304444,0.312737,0.304044,0.303378,0.321694,0,0,0,0,0,0.077134,0.0966590000000001,0.055414,0.079958,0.080566,0.434642,0.42114,0.374273,0.415435,0.4491,0,0,0,0,0,0.111446,0.102467,0.122491,0.11373,0.104764,0.275717,0.319515,0.30205,0.305014,0.309255,0,0,0,0,0,0.036551,0.046148,0.046408,0.046311,0.042248,0.718956,0.740773,0.737549,0.765316,0.752008,0,0,0,0,0,0.027467,0.026284,0.027163,0.026033,0.029163,0.279906,0.286863,0.293158,0.279239,0.299223,0,0,0,0,0,0.081456,0.127449,0.107528,0.116305,0.106864,0.148415,0.139129,0.146867,0.143118,0.144141,0,0,0,0,0,0.104571,0.10241,0.098101,0.112474,0.097766,0.656221,0.630431,0.656534,0.593048,0.645349,0,0,0,0,0,0.0708490000000001,0.069389,0.058292,0.060666,0.074833
0.425969,0.424585,0.410228,0.416534,0.396017,0,0,0,0,0,0.194361,0.217989,0.217108,0.225393,0.203971,0.43422,0.399677,0.431275,0.419107,0.410246,0,0,0,0,0,0.0443210000000001,0.046564,0.051135,0.04475,0.041857,0.485261,0.518553,0.524892,0.558081,0.473712,0,0,0,0,0,0.180601,0.174658,0.168837,0.157191,0.159308,0.416264,0.387289,0.42139,0.397899,0.399916,0,0,0,0,0,0.020407,0.02038,0.028155,0.025706,0.022101,0.478525,0.475623,0.470859,0.527787,0.560724,0,0,0,0,0,0.296442,0.312485,0.309957,0.283902,0.306329,0.395024,0.43375,0.399994,0.380248,0.396576,0,0,0,0,0,0.00105999999999995,0.000882999999999967,0.00100900000000004,0.00106600000000001,0.000870000000000037,0.507944,0.466209,0.461172,0.459877,0.457615,0.195221,0.192391,0.193728,0.181212,0.201299,0.141688,0.177664,0.175226,0.161225,0.164224,0.385918,0.399992,0.415811,0.390907,0.378058,0,0,0,0,0,0.307909,0.302154,0.29332,0.272078,0.296246,1,1,1,1,1,0,0,0,0,0,0.159709,0.162809,0.168313,0.154526,0.152124,1,1,1,1,1,0,0,0,0,0,0.01005,0.011182,0.010782,0.010713,0.00939999999999996,0.42156,0.375624,0.415135,0.393242,0.409005,0,0,0,0,0,0.045271,0.055144,0.056332,0.056045,0.049752,0.962196,0.95061,0.949465,0.936566,0.919963,0,0,0,0,0,0.031254,0.029022,0.026168,0.033389,0.027031,1,1,1,1,1,0,0,0,0,0,0,0,0,0,0,0.544063,0.551275,0.556854,0.557037,0.528881,0,0,0,0,0,0.021913,0.0216420000000001,0.021123,0.023614,0.022805,0.442045,0.48265,0.465256,0.514583,0.473553,0,0,0,0,0,0.0321090000000001,0.025904,0.028737,0.0223,0.02296,0.514311,0.523847,0.51814,0.503535,0.469658,0,0,0,0,0,0.037782,0.024733,0.04253,0.034039,0.031494,0.698202,0.705223,0.679015,0.619346,0.639497,0,0,0,0,0,0.0131829999999999,0.013728,0.0158,0.0146579999999999,0.014093,0.59511,0.559136,0.552068,0.542169,0.507181,0,0,0,0,0,0.037044,0.046057,0.04399,0.041259,0.041456,1,0.964174,0.984351,0.973336,0.975337,0,0,0,0,0,0,0,0,0,0,0.742254,0.761761,0.718922,0.737446,0.752049,0,0,0,0,0,0.0220129999999999,0.022492,0.015778,0.017601,0.014408,1,1,1,1,1,0,0,0,0,0,0.00405100000000003,0.00546500000000005,0.00358800000000004,0.00385500000000005,0.00377400000000006,1,1,1,1,1,0,0,0,0,0,0.0201170000000001,0.023966,0.022043,0.020253,0.023495
0.829034,0.854075,0.834739,0.851047,0.875114,0.199365,0.177726,0.185865,0.173,0.200884,0.029592,0.029039,0.030805,0.03238,0.023267,0.967199,0.887116,0.928359,0.935663,0.926357,0.281048,0.250359,0.274127,0.249643,0.271396,0,0,0,0,0,1,1,1,1,0.993609,0.094792,0.095665,0.108844,0.100836,0.094075,0.031832,0.029511,0.031053,0.033796,0.03104,0.882056,0.89568,0.852479,0.917918,0.920718,0.282358,0.275075,0.284277,0.270337,0.283067,0.060679,0.0716599999999999,0.082338,0.082081,0.083987,1,1,1,1,1,0.227535,0.225345,0.23614,0.225725,0.217525,0.08471,0.085915,0.0858989999999999,0.078705,0.084776,0.630468,0.620629,0.638011,0.64333,0.655823,0.306481,0.291457,0.292564,0.285084,0.295535,0.019902,0.01753,0.018868,0.016707,0.016321,1,1,1,1,0.997422,0,0,0,0,0,0.044669,0.0453170000000001,0.047013,0.04645,0.0460970000000001,0.826607,0.816154,0.836467,0.878155,0.835541,0.229724,0.242906,0.229772,0.209468,0.236446,0.029955,0.030022,0.032482,0.034805,0.029228,0.704633,0.736679,0.685441,0.705979,0.682137,0.190484,0.180968,0.197691,0.21624,0.196212,0.000508999999999982,0.000599000000000016,0.000531999999999977,0.000546999999999964,0.000570999999999988,0.694873,0.725445,0.743573,0.690548,0.711257,0.351023,0.313306,0.318827,0.334704,0.290865,0,0,0,0,0,0.801323,0.795079,0.847912,0.82881,0.792839,0.300317,0.276161,0.292833,0.287068,0.290554,0.022186,0.026771,0.026208,0.024041,0.025383,0.440258,0.471561,0.454117,0.415797,0.459403,0.134314,0.106895,0.12806,0.129282,0.115574,0.039708,0.040408,0.033102,0.038272,0.034336,0.647672,0.618884,0.714392,0.621815,0.664241,0.221931,0.266872,0.253419,0.234974,0.248255,0.02749,0.032298,0.03362,0.031355,0.02957,0.97269,0.98304,0.990215,1,1,0,0,0,0,0,0.137193,0.129197,0.130212,0.150068,0.133812,0.944349,0.950415,0.92633,0.931256,0.918159,0.075987,0.0725170000000001,0.07334,0.071789,0.073339,0.128892,0.124039,0.149132,0.126839,0.123889,1,1,1,1,1,0.088965,0.103158,0.096903,0.111685,0.102241,0.119112,0.106679,0.106009,0.130864,0.106125,1,1,1,1,1,0.072986,0.074278,0.079426,0.0839029999999999,0.079238,0.071941,0.06413,0.071084,0.073596,0.065404,1,1,1,1,1,0.103755,0.096924,0.094472,0.109499,0.097462,0.117901,0.113795,0.125614,0.107319,0.10513,0.549682,0.561869,0.52853,0.581875,0.550524,0.122284,0.107582,0.13132,0.124312,0.118396,0.00314899999999996,0.00383199999999995,0.00385100000000005,0.00390800000000002,0.00360400000000005,0.386965,0.374473,0.400706,0.367708,0.345508,0.071309,0.070776,0.068584,0.07314,0.071627,0.04451,0.063113,0.04761,0.044254,0.051522,0.579921,0.521356,0.590321,0.598249,0.598606,0.052751,0.058747,0.053781,0.058677,0.054866,0.149598,0.125791,0.12743,0.119893,0.126643,0.527726,0.48088,0.560704,0.549798,0.522165,0.072589,0.066249,0.06319,0.071751,0.069932,0.061389,0.0598070000000001,0.059418,0.072534,0.068556
0.608722,0.613088,0.629932,0.624463,0.585438,0,0,0,0,0,0.066653,0.065118,0.072834,0.064033,0.066847,0.698923,0.684673,0.633393,0.650943,0.691694,0,0,0,0,0,0.064671,0.049671,0.057368,0.0534559999999999,0.063147,0.929655,0.906265,0.863181,0.922251,0.87698,0,0,0,0,0,0.124008,0.100821,0.149325,0.111055,0.137107,0.615174,0.641801,0.626703,0.600526,0.617108,0,0,0,0,0,0.059177,0.038319,0.049692,0.027315,0.043512,0.822136,0.740239,0.758128,0.777006,0.766129,0,0,0,0,0,0.185938,0.175563,0.189236,0.161485,0.16976,0.555369,0.544594,0.55188,0.555981,0.507052,0,0,0,0,0,0.044658,0.044925,0.0468,0.057318,0.051082,0.746999,0.675201,0.705635,0.702041,0.741701,0.184007,0.194078,0.193702,0.167352,0.191188,0.099468,0.084414,0.107562,0.091144,0.088328,0.656223,0.654129,0.625606,0.658062,0.656068,0,0,0,0,0,0.113377,0.122755,0.119824,0.13113,0.131719,0.769059,0.695812,0.783587,0.799949,0.702537,0,0,0,0,0,0.00440099999999999,0.005718,0.00311799999999995,0.00299400000000005,0.00384300000000004,0.720639,0.730673,0.747731,0.739966,0.716877,0,0,0,0,0,0.184461,0.15804,0.163315,0.124492,0.137557,0.599379,0.602978,0.613681,0.61332,0.59406,0,0,0,0,0,0.069553,0.063843,0.051471,0.0733819999999999,0.079825,0.486067,0.510124,0.524718,0.498836,0.533904,0,0,0,0,0,0.048762,0.057177,0.039952,0.047758,0.042866,0.651717,0.646531,0.622586,0.615793,0.666383,0.047866,0.050366,0.043338,0.0422400000000001,0.044072,0.03929,0.035744,0.035,0.036226,0.0319,0.839897,0.870334,0.859098,0.859083,0.80044,0,0,0,0,0,0.0948099999999999,0.071941,0.094827,0.089404,0.08816,0.662012,0.671361,0.670893,0.685591,0.692401,0,0,0,0,0,0.168202,0.149478,0.179947,0.149839,0.16598,0.910848,0.930527,0.876977,0.948384,0.926923,0,0,0,0,0,0.05144,0.04615,0.044424,0.050283,0.043423,1,1,1,1,1,0,0,0,0,0,0.144042,0.138735,0.1455,0.170569,0.1543,0.894496,0.869327,0.905634,0.908645,0.926977,0,0,0,0,0,0.111707,0.132505,0.13034,0.139817,0.118982,0.54374,0.564155,0.535285,0.559533,0.553486,0,0,0,0,0,0.041358,0.04381,0.039102,0.0432900000000001,0.042868,0.305025,0.323723,0.316481,0.325191,0.307453,0,0,0,0,0,0.173272,0.161845,0.145725,0.147452,0.167793,0.631497,0.625091,0.558135,0.549715,0.587701,0,0,0,0,0,0.0818449999999999,0.070624,0.089215,0.082788,0.07768,0.604029,0.580786,0.575965,0.533481,0.55125,0,0,0,0,0,0.101492,0.10118,0.098373,0.111401,0.080288
0.240323,0.264133,0.251265,0.253944,0.236188,0,0,0,0,0,0.01407,0.013695,0.012135,0.016527,0.012201,0.204058,0.228792,0.207862,0.202963,0.218609,0,0,0,0,0,0.01092,0.00866,0.00930600000000004,0.00706499999999999,0.00574699999999995,0.230748,0.248017,0.215413,0.246157,0.257584,0,0,0,0,0,0.040533,0.042501,0.027628,0.034995,0.029264,0.260989,0.269488,0.28809,0.264599,0.270891,0,0,0,0,0,0.057679,0.0596449999999999,0.041736,0.046328,0.049295,0.23718,0.244535,0.263048,0.245905,0.263188,0,0,0,0,0,0.068288,0.0629189999999999,0.065445,0.066353,0.070133,0.534096,0.503245,0.516212,0.525547,0.514048,0,0,0,0,0,0.010995,0.0101290000000001,0.012435,0.01105,0.011196,0.223174,0.246107,0.258986,0.230027,0.234546,0,0,0,0,0,0.00723499999999999,0.00761400000000001,0.00610699999999997,0.00507999999999997,0.005359,0.247829,0.22579,0.249406,0.247202,0.248824,0,0,0,0,0,0.023501,0.020836,0.029413,0.028732,0.026707,0.236727,0.273596,0.270575,0.274847,0.255091,0,0,0,0,0,0.029145,0.029436,0.031271,0.03215,0.0316149999999999,0.285955,0.271847,0.282237,0.278032,0.270123,0,0,0,0,0,0,0,0,0,0,0.214369,0.23434,0.21634,0.22742,0.228871,0,0,0,0,0,0.032466,0.038092,0.033464,0.040216,0.032603,0.257256,0.261164,0.280463,0.285288,0.272156,0.277958,0.304066,0.274457,0.270992,0.299669,0.016386,0.013984,0.017547,0.022404,0.015516,0.181107,0.198544,0.200837,0.180429,0.216509,0,0,0,0,0,0,0,0,0,0,0.302322,0.302964,0.289345,0.267195,0.315695,0,0,0,0,0,0.035823,0.045088,0.036729,0.040733,0.042053,0.281456,0.248142,0.289053,0.296224,0.281138,0,0,0,0,0,0.099939,0.076859,0.090382,0.102445,0.101471,0.295051,0.307603,0.314661,0.34153,0.278395,0,0,0,0,0,0.008081,0.0107429999999999,0.0108740000000001,0.00931599999999999,0.01485,0.314396,0.341521,0.318523,0.328196,0.298407,0,0,0,0,0,0.00514199999999998,0.00831400000000004,0.00706799999999996,0.014024,0.0120400000000001,0.337366,0.30979,0.309259,0.318643,0.331036,0,0,0,0,0,0.08838,0.075057,0.074122,0.053754,0.077527,0.30387,0.333293,0.312635,0.324621,0.273988,0,0,0,0,0,0.00221700000000002,0.00249299999999997,0.00227599999999994,0.00214899999999996,0.00268400000000002,0.235392,0.239262,0.241044,0.238773,0.254169,0,0,0,0,0,0.010446,0.006324,0.00381399999999998,0.00893200000000005,0.00725500000000001,0.253076,0.287323,0.271198,0.278537,0.251206,0,0,0,0,0,0.029689,0.031289,0.030795,0.0352479999999999,0.033431,0.253698,0.266858,0.300178,0.288522,0.288429,0,0,0,0,0,0.00476299999999996,0.00459600000000004,0.00628700000000004,0.00244200000000006,0.00482899999999997
