"rand1.ROSTRORAJA.ALBA_PA1_RUN1_GAM","rand2.ROSTRORAJA.ALBA_PA1_RUN1_GAM","rand3.ROSTRORAJA.ALBA_PA1_RUN1_GAM","rand4.ROSTRORAJA.ALBA_PA1_RUN1_GAM","rand5.ROSTRORAJA.ALBA_PA1_RUN1_GAM","rand1.ROSTRORAJA.ALBA_PA1_RUN1_GLM","rand2.ROSTRORAJA.ALBA_PA1_RUN1_GLM","rand3.ROSTRORAJA.ALBA_PA1_RUN1_GLM","rand4.ROSTRORAJA.ALBA_PA1_RUN1_GLM","rand5.ROSTRORAJA.ALBA_PA1_RUN1_GLM","rand1.ROSTRORAJA.ALBA_PA1_RUN1_MAXENT.Phillips","rand2.ROSTRORAJA.ALBA_PA1_RUN1_MAXENT.Phillips","rand3.ROSTRORAJA.ALBA_PA1_RUN1_MAXENT.Phillips","rand4.ROSTRORAJA.ALBA_PA1_RUN1_MAXENT.Phillips","rand5.ROSTRORAJA.ALBA_PA1_RUN1_MAXENT.Phillips","rand1.ROSTRORAJA.ALBA_PA1_RUN2_GAM","rand2.ROSTRORAJA.ALBA_PA1_RUN2_GAM","rand3.ROSTRORAJA.ALBA_PA1_RUN2_GAM","rand4.ROSTRORAJA.ALBA_PA1_RUN2_GAM","rand5.ROSTRORAJA.ALBA_PA1_RUN2_GAM","rand1.ROSTRORAJA.ALBA_PA1_RUN2_GLM","rand2.ROSTRORAJA.ALBA_PA1_RUN2_GLM","rand3.ROSTRORAJA.ALBA_PA1_RUN2_GLM","rand4.ROSTRORAJA.ALBA_PA1_RUN2_GLM","rand5.ROSTRORAJA.ALBA_PA1_RUN2_GLM","rand1.ROSTRORAJA.ALBA_PA1_RUN2_MAXENT.Phillips","rand2.ROSTRORAJA.ALBA_PA1_RUN2_MAXENT.Phillips","rand3.ROSTRORAJA.ALBA_PA1_RUN2_MAXENT.Phillips","rand4.ROSTRORAJA.ALBA_PA1_RUN2_MAXENT.Phillips","rand5.ROSTRORAJA.ALBA_PA1_RUN2_MAXENT.Phillips","rand1.ROSTRORAJA.ALBA_PA1_RUN3_GAM","rand2.ROSTRORAJA.ALBA_PA1_RUN3_GAM","rand3.ROSTRORAJA.ALBA_PA1_RUN3_GAM","rand4.ROSTRORAJA.ALBA_PA1_RUN3_GAM","rand5.ROSTRORAJA.ALBA_PA1_RUN3_GAM","rand1.ROSTRORAJA.ALBA_PA1_RUN3_GLM","rand2.ROSTRORAJA.ALBA_PA1_RUN3_GLM","rand3.ROSTRORAJA.ALBA_PA1_RUN3_GLM","rand4.ROSTRORAJA.ALBA_PA1_RUN3_GLM","rand5.ROSTRORAJA.ALBA_PA1_RUN3_GLM","rand1.ROSTRORAJA.ALBA_PA1_RUN3_MAXENT.Phillips","rand2.ROSTRORAJA.ALBA_PA1_RUN3_MAXENT.Phillips","rand3.ROSTRORAJA.ALBA_PA1_RUN3_MAXENT.Phillips","rand4.ROSTRORAJA.ALBA_PA1_RUN3_MAXENT.Phillips","rand5.ROSTRORAJA.ALBA_PA1_RUN3_MAXENT.Phillips","rand1.ROSTRORAJA.ALBA_PA1_RUN4_GAM","rand2.ROSTRORAJA.ALBA_PA1_RUN4_GAM","rand3.ROSTRORAJA.ALBA_PA1_RUN4_GAM","rand4.ROSTRORAJA.ALBA_PA1_RUN4_GAM","rand5.ROSTRORAJA.ALBA_PA1_RUN4_GAM","rand1.ROSTRORAJA.ALBA_PA1_RUN4_GLM","rand2.ROSTRORAJA.ALBA_PA1_RUN4_GLM","rand3.ROSTRORAJA.ALBA_PA1_RUN4_GLM","rand4.ROSTRORAJA.ALBA_PA1_RUN4_GLM","rand5.ROSTRORAJA.ALBA_PA1_RUN4_GLM","rand1.ROSTRORAJA.ALBA_PA1_RUN4_MAXENT.Phillips","rand2.ROSTRORAJA.ALBA_PA1_RUN4_MAXENT.Phillips","rand3.ROSTRORAJA.ALBA_PA1_RUN4_MAXENT.Phillips","rand4.ROSTRORAJA.ALBA_PA1_RUN4_MAXENT.Phillips","rand5.ROSTRORAJA.ALBA_PA1_RUN4_MAXENT.Phillips","rand1.ROSTRORAJA.ALBA_PA1_RUN5_GAM","rand2.ROSTRORAJA.ALBA_PA1_RUN5_GAM","rand3.ROSTRORAJA.ALBA_PA1_RUN5_GAM","rand4.ROSTRORAJA.ALBA_PA1_RUN5_GAM","rand5.ROSTRORAJA.ALBA_PA1_RUN5_GAM","rand1.ROSTRORAJA.ALBA_PA1_RUN5_GLM","rand2.ROSTRORAJA.ALBA_PA1_RUN5_GLM","rand3.ROSTRORAJA.ALBA_PA1_RUN5_GLM","rand4.ROSTRORAJA.ALBA_PA1_RUN5_GLM","rand5.ROSTRORAJA.ALBA_PA1_RUN5_GLM","rand1.ROSTRORAJA.ALBA_PA1_RUN5_MAXENT.Phillips","rand2.ROSTRORAJA.ALBA_PA1_RUN5_MAXENT.Phillips","rand3.ROSTRORAJA.ALBA_PA1_RUN5_MAXENT.Phillips","rand4.ROSTRORAJA.ALBA_PA1_RUN5_MAXENT.Phillips","rand5.ROSTRORAJA.ALBA_PA1_RUN5_MAXENT.Phillips","rand1.ROSTRORAJA.ALBA_PA1_RUN6_GAM","rand2.ROSTRORAJA.ALBA_PA1_RUN6_GAM","rand3.ROSTRORAJA.ALBA_PA1_RUN6_GAM","rand4.ROSTRORAJA.ALBA_PA1_RUN6_GAM","rand5.ROSTRORAJA.ALBA_PA1_RUN6_GAM","rand1.ROSTRORAJA.ALBA_PA1_RUN6_GLM","rand2.ROSTRORAJA.ALBA_PA1_RUN6_GLM","rand3.ROSTRORAJA.ALBA_PA1_RUN6_GLM","rand4.ROSTRORAJA.ALBA_PA1_RUN6_GLM","rand5.ROSTRORAJA.ALBA_PA1_RUN6_GLM","rand1.ROSTRORAJA.ALBA_PA1_RUN6_MAXENT.Phillips","rand2.ROSTRORAJA.ALBA_PA1_RUN6_MAXENT.Phillips","rand3.ROSTRORAJA.ALBA_PA1_RUN6_MAXENT.Phillips","rand4.ROSTRORAJA.ALBA_PA1_RUN6_MAXENT.Phillips","rand5.ROSTRORAJA.ALBA_PA1_RUN6_MAXENT.Phillips","rand1.ROSTRORAJA.ALBA_PA1_RUN7_GAM","rand2.ROSTRORAJA.ALBA_PA1_RUN7_GAM","rand3.ROSTRORAJA.ALBA_PA1_RUN7_GAM","rand4.ROSTRORAJA.ALBA_PA1_RUN7_GAM","rand5.ROSTRORAJA.ALBA_PA1_RUN7_GAM","rand1.ROSTRORAJA.ALBA_PA1_RUN7_GLM","rand2.ROSTRORAJA.ALBA_PA1_RUN7_GLM","rand3.ROSTRORAJA.ALBA_PA1_RUN7_GLM","rand4.ROSTRORAJA.ALBA_PA1_RUN7_GLM","rand5.ROSTRORAJA.ALBA_PA1_RUN7_GLM","rand1.ROSTRORAJA.ALBA_PA1_RUN7_MAXENT.Phillips","rand2.ROSTRORAJA.ALBA_PA1_RUN7_MAXENT.Phillips","rand3.ROSTRORAJA.ALBA_PA1_RUN7_MAXENT.Phillips","rand4.ROSTRORAJA.ALBA_PA1_RUN7_MAXENT.Phillips","rand5.ROSTRORAJA.ALBA_PA1_RUN7_MAXENT.Phillips","rand1.ROSTRORAJA.ALBA_PA1_RUN8_GAM","rand2.ROSTRORAJA.ALBA_PA1_RUN8_GAM","rand3.ROSTRORAJA.ALBA_PA1_RUN8_GAM","rand4.ROSTRORAJA.ALBA_PA1_RUN8_GAM","rand5.ROSTRORAJA.ALBA_PA1_RUN8_GAM","rand1.ROSTRORAJA.ALBA_PA1_RUN8_GLM","rand2.ROSTRORAJA.ALBA_PA1_RUN8_GLM","rand3.ROSTRORAJA.ALBA_PA1_RUN8_GLM","rand4.ROSTRORAJA.ALBA_PA1_RUN8_GLM","rand5.ROSTRORAJA.ALBA_PA1_RUN8_GLM","rand1.ROSTRORAJA.ALBA_PA1_RUN8_MAXENT.Phillips","rand2.ROSTRORAJA.ALBA_PA1_RUN8_MAXENT.Phillips","rand3.ROSTRORAJA.ALBA_PA1_RUN8_MAXENT.Phillips","rand4.ROSTRORAJA.ALBA_PA1_RUN8_MAXENT.Phillips","rand5.ROSTRORAJA.ALBA_PA1_RUN8_MAXENT.Phillips","rand1.ROSTRORAJA.ALBA_PA1_RUN9_GAM","rand2.ROSTRORAJA.ALBA_PA1_RUN9_GAM","rand3.ROSTRORAJA.ALBA_PA1_RUN9_GAM","rand4.ROSTRORAJA.ALBA_PA1_RUN9_GAM","rand5.ROSTRORAJA.ALBA_PA1_RUN9_GAM","rand1.ROSTRORAJA.ALBA_PA1_RUN9_GLM","rand2.ROSTRORAJA.ALBA_PA1_RUN9_GLM","rand3.ROSTRORAJA.ALBA_PA1_RUN9_GLM","rand4.ROSTRORAJA.ALBA_PA1_RUN9_GLM","rand5.ROSTRORAJA.ALBA_PA1_RUN9_GLM","rand1.ROSTRORAJA.ALBA_PA1_RUN9_MAXENT.Phillips","rand2.ROSTRORAJA.ALBA_PA1_RUN9_MAXENT.Phillips","rand3.ROSTRORAJA.ALBA_PA1_RUN9_MAXENT.Phillips","rand4.ROSTRORAJA.ALBA_PA1_RUN9_MAXENT.Phillips","rand5.ROSTRORAJA.ALBA_PA1_RUN9_MAXENT.Phillips","rand1.ROSTRORAJA.ALBA_PA1_RUN10_GAM","rand2.ROSTRORAJA.ALBA_PA1_RUN10_GAM","rand3.ROSTRORAJA.ALBA_PA1_RUN10_GAM","rand4.ROSTRORAJA.ALBA_PA1_RUN10_GAM","rand5.ROSTRORAJA.ALBA_PA1_RUN10_GAM","rand1.ROSTRORAJA.ALBA_PA1_RUN10_GLM","rand2.ROSTRORAJA.ALBA_PA1_RUN10_GLM","rand3.ROSTRORAJA.ALBA_PA1_RUN10_GLM","rand4.ROSTRORAJA.ALBA_PA1_RUN10_GLM","rand5.ROSTRORAJA.ALBA_PA1_RUN10_GLM","rand1.ROSTRORAJA.ALBA_PA1_RUN10_MAXENT.Phillips","rand2.ROSTRORAJA.ALBA_PA1_RUN10_MAXENT.Phillips","rand3.ROSTRORAJA.ALBA_PA1_RUN10_MAXENT.Phillips","rand4.ROSTRORAJA.ALBA_PA1_RUN10_MAXENT.Phillips","rand5.ROSTRORAJA.ALBA_PA1_RUN10_MAXENT.Phillips","rand1.ROSTRORAJA.ALBA_PA1_Full_GAM","rand2.ROSTRORAJA.ALBA_PA1_Full_GAM","rand3.ROSTRORAJA.ALBA_PA1_Full_GAM","rand4.ROSTRORAJA.ALBA_PA1_Full_GAM","rand5.ROSTRORAJA.ALBA_PA1_Full_GAM","rand1.ROSTRORAJA.ALBA_PA1_Full_GLM","rand2.ROSTRORAJA.ALBA_PA1_Full_GLM","rand3.ROSTRORAJA.ALBA_PA1_Full_GLM","rand4.ROSTRORAJA.ALBA_PA1_Full_GLM","rand5.ROSTRORAJA.ALBA_PA1_Full_GLM","rand1.ROSTRORAJA.ALBA_PA1_Full_MAXENT.Phillips","rand2.ROSTRORAJA.ALBA_PA1_Full_MAXENT.Phillips","rand3.ROSTRORAJA.ALBA_PA1_Full_MAXENT.Phillips","rand4.ROSTRORAJA.ALBA_PA1_Full_MAXENT.Phillips","rand5.ROSTRORAJA.ALBA_PA1_Full_MAXENT.Phillips","rand1.ROSTRORAJA.ALBA_PA2_RUN1_GAM","rand2.ROSTRORAJA.ALBA_PA2_RUN1_GAM","rand3.ROSTRORAJA.ALBA_PA2_RUN1_GAM","rand4.ROSTRORAJA.ALBA_PA2_RUN1_GAM","rand5.ROSTRORAJA.ALBA_PA2_RUN1_GAM","rand1.ROSTRORAJA.ALBA_PA2_RUN1_GLM","rand2.ROSTRORAJA.ALBA_PA2_RUN1_GLM","rand3.ROSTRORAJA.ALBA_PA2_RUN1_GLM","rand4.ROSTRORAJA.ALBA_PA2_RUN1_GLM","rand5.ROSTRORAJA.ALBA_PA2_RUN1_GLM","rand1.ROSTRORAJA.ALBA_PA2_RUN1_MAXENT.Phillips","rand2.ROSTRORAJA.ALBA_PA2_RUN1_MAXENT.Phillips","rand3.ROSTRORAJA.ALBA_PA2_RUN1_MAXENT.Phillips","rand4.ROSTRORAJA.ALBA_PA2_RUN1_MAXENT.Phillips","rand5.ROSTRORAJA.ALBA_PA2_RUN1_MAXENT.Phillips","rand1.ROSTRORAJA.ALBA_PA2_RUN2_GAM","rand2.ROSTRORAJA.ALBA_PA2_RUN2_GAM","rand3.ROSTRORAJA.ALBA_PA2_RUN2_GAM","rand4.ROSTRORAJA.ALBA_PA2_RUN2_GAM","rand5.ROSTRORAJA.ALBA_PA2_RUN2_GAM","rand1.ROSTRORAJA.ALBA_PA2_RUN2_GLM","rand2.ROSTRORAJA.ALBA_PA2_RUN2_GLM","rand3.ROSTRORAJA.ALBA_PA2_RUN2_GLM","rand4.ROSTRORAJA.ALBA_PA2_RUN2_GLM","rand5.ROSTRORAJA.ALBA_PA2_RUN2_GLM","rand1.ROSTRORAJA.ALBA_PA2_RUN2_MAXENT.Phillips","rand2.ROSTRORAJA.ALBA_PA2_RUN2_MAXENT.Phillips","rand3.ROSTRORAJA.ALBA_PA2_RUN2_MAXENT.Phillips","rand4.ROSTRORAJA.ALBA_PA2_RUN2_MAXENT.Phillips","rand5.ROSTRORAJA.ALBA_PA2_RUN2_MAXENT.Phillips","rand1.ROSTRORAJA.ALBA_PA2_RUN3_GAM","rand2.ROSTRORAJA.ALBA_PA2_RUN3_GAM","rand3.ROSTRORAJA.ALBA_PA2_RUN3_GAM","rand4.ROSTRORAJA.ALBA_PA2_RUN3_GAM","rand5.ROSTRORAJA.ALBA_PA2_RUN3_GAM","rand1.ROSTRORAJA.ALBA_PA2_RUN3_GLM","rand2.ROSTRORAJA.ALBA_PA2_RUN3_GLM","rand3.ROSTRORAJA.ALBA_PA2_RUN3_GLM","rand4.ROSTRORAJA.ALBA_PA2_RUN3_GLM","rand5.ROSTRORAJA.ALBA_PA2_RUN3_GLM","rand1.ROSTRORAJA.ALBA_PA2_RUN3_MAXENT.Phillips","rand2.ROSTRORAJA.ALBA_PA2_RUN3_MAXENT.Phillips","rand3.ROSTRORAJA.ALBA_PA2_RUN3_MAXENT.Phillips","rand4.ROSTRORAJA.ALBA_PA2_RUN3_MAXENT.Phillips","rand5.ROSTRORAJA.ALBA_PA2_RUN3_MAXENT.Phillips","rand1.ROSTRORAJA.ALBA_PA2_RUN4_GAM","rand2.ROSTRORAJA.ALBA_PA2_RUN4_GAM","rand3.ROSTRORAJA.ALBA_PA2_RUN4_GAM","rand4.ROSTRORAJA.ALBA_PA2_RUN4_GAM","rand5.ROSTRORAJA.ALBA_PA2_RUN4_GAM","rand1.ROSTRORAJA.ALBA_PA2_RUN4_GLM","rand2.ROSTRORAJA.ALBA_PA2_RUN4_GLM","rand3.ROSTRORAJA.ALBA_PA2_RUN4_GLM","rand4.ROSTRORAJA.ALBA_PA2_RUN4_GLM","rand5.ROSTRORAJA.ALBA_PA2_RUN4_GLM","rand1.ROSTRORAJA.ALBA_PA2_RUN4_MAXENT.Phillips","rand2.ROSTRORAJA.ALBA_PA2_RUN4_MAXENT.Phillips","rand3.ROSTRORAJA.ALBA_PA2_RUN4_MAXENT.Phillips","rand4.ROSTRORAJA.ALBA_PA2_RUN4_MAXENT.Phillips","rand5.ROSTRORAJA.ALBA_PA2_RUN4_MAXENT.Phillips","rand1.ROSTRORAJA.ALBA_PA2_RUN5_GAM","rand2.ROSTRORAJA.ALBA_PA2_RUN5_GAM","rand3.ROSTRORAJA.ALBA_PA2_RUN5_GAM","rand4.ROSTRORAJA.ALBA_PA2_RUN5_GAM","rand5.ROSTRORAJA.ALBA_PA2_RUN5_GAM","rand1.ROSTRORAJA.ALBA_PA2_RUN5_GLM","rand2.ROSTRORAJA.ALBA_PA2_RUN5_GLM","rand3.ROSTRORAJA.ALBA_PA2_RUN5_GLM","rand4.ROSTRORAJA.ALBA_PA2_RUN5_GLM","rand5.ROSTRORAJA.ALBA_PA2_RUN5_GLM","rand1.ROSTRORAJA.ALBA_PA2_RUN5_MAXENT.Phillips","rand2.ROSTRORAJA.ALBA_PA2_RUN5_MAXENT.Phillips","rand3.ROSTRORAJA.ALBA_PA2_RUN5_MAXENT.Phillips","rand4.ROSTRORAJA.ALBA_PA2_RUN5_MAXENT.Phillips","rand5.ROSTRORAJA.ALBA_PA2_RUN5_MAXENT.Phillips","rand1.ROSTRORAJA.ALBA_PA2_RUN6_GAM","rand2.ROSTRORAJA.ALBA_PA2_RUN6_GAM","rand3.ROSTRORAJA.ALBA_PA2_RUN6_GAM","rand4.ROSTRORAJA.ALBA_PA2_RUN6_GAM","rand5.ROSTRORAJA.ALBA_PA2_RUN6_GAM","rand1.ROSTRORAJA.ALBA_PA2_RUN6_GLM","rand2.ROSTRORAJA.ALBA_PA2_RUN6_GLM","rand3.ROSTRORAJA.ALBA_PA2_RUN6_GLM","rand4.ROSTRORAJA.ALBA_PA2_RUN6_GLM","rand5.ROSTRORAJA.ALBA_PA2_RUN6_GLM","rand1.ROSTRORAJA.ALBA_PA2_RUN6_MAXENT.Phillips","rand2.ROSTRORAJA.ALBA_PA2_RUN6_MAXENT.Phillips","rand3.ROSTRORAJA.ALBA_PA2_RUN6_MAXENT.Phillips","rand4.ROSTRORAJA.ALBA_PA2_RUN6_MAXENT.Phillips","rand5.ROSTRORAJA.ALBA_PA2_RUN6_MAXENT.Phillips","rand1.ROSTRORAJA.ALBA_PA2_RUN7_GAM","rand2.ROSTRORAJA.ALBA_PA2_RUN7_GAM","rand3.ROSTRORAJA.ALBA_PA2_RUN7_GAM","rand4.ROSTRORAJA.ALBA_PA2_RUN7_GAM","rand5.ROSTRORAJA.ALBA_PA2_RUN7_GAM","rand1.ROSTRORAJA.ALBA_PA2_RUN7_GLM","rand2.ROSTRORAJA.ALBA_PA2_RUN7_GLM","rand3.ROSTRORAJA.ALBA_PA2_RUN7_GLM","rand4.ROSTRORAJA.ALBA_PA2_RUN7_GLM","rand5.ROSTRORAJA.ALBA_PA2_RUN7_GLM","rand1.ROSTRORAJA.ALBA_PA2_RUN7_MAXENT.Phillips","rand2.ROSTRORAJA.ALBA_PA2_RUN7_MAXENT.Phillips","rand3.ROSTRORAJA.ALBA_PA2_RUN7_MAXENT.Phillips","rand4.ROSTRORAJA.ALBA_PA2_RUN7_MAXENT.Phillips","rand5.ROSTRORAJA.ALBA_PA2_RUN7_MAXENT.Phillips","rand1.ROSTRORAJA.ALBA_PA2_RUN8_GAM","rand2.ROSTRORAJA.ALBA_PA2_RUN8_GAM","rand3.ROSTRORAJA.ALBA_PA2_RUN8_GAM","rand4.ROSTRORAJA.ALBA_PA2_RUN8_GAM","rand5.ROSTRORAJA.ALBA_PA2_RUN8_GAM","rand1.ROSTRORAJA.ALBA_PA2_RUN8_GLM","rand2.ROSTRORAJA.ALBA_PA2_RUN8_GLM","rand3.ROSTRORAJA.ALBA_PA2_RUN8_GLM","rand4.ROSTRORAJA.ALBA_PA2_RUN8_GLM","rand5.ROSTRORAJA.ALBA_PA2_RUN8_GLM","rand1.ROSTRORAJA.ALBA_PA2_RUN8_MAXENT.Phillips","rand2.ROSTRORAJA.ALBA_PA2_RUN8_MAXENT.Phillips","rand3.ROSTRORAJA.ALBA_PA2_RUN8_MAXENT.Phillips","rand4.ROSTRORAJA.ALBA_PA2_RUN8_MAXENT.Phillips","rand5.ROSTRORAJA.ALBA_PA2_RUN8_MAXENT.Phillips","rand1.ROSTRORAJA.ALBA_PA2_RUN9_GAM","rand2.ROSTRORAJA.ALBA_PA2_RUN9_GAM","rand3.ROSTRORAJA.ALBA_PA2_RUN9_GAM","rand4.ROSTRORAJA.ALBA_PA2_RUN9_GAM","rand5.ROSTRORAJA.ALBA_PA2_RUN9_GAM","rand1.ROSTRORAJA.ALBA_PA2_RUN9_GLM","rand2.ROSTRORAJA.ALBA_PA2_RUN9_GLM","rand3.ROSTRORAJA.ALBA_PA2_RUN9_GLM","rand4.ROSTRORAJA.ALBA_PA2_RUN9_GLM","rand5.ROSTRORAJA.ALBA_PA2_RUN9_GLM","rand1.ROSTRORAJA.ALBA_PA2_RUN9_MAXENT.Phillips","rand2.ROSTRORAJA.ALBA_PA2_RUN9_MAXENT.Phillips","rand3.ROSTRORAJA.ALBA_PA2_RUN9_MAXENT.Phillips","rand4.ROSTRORAJA.ALBA_PA2_RUN9_MAXENT.Phillips","rand5.ROSTRORAJA.ALBA_PA2_RUN9_MAXENT.Phillips","rand1.ROSTRORAJA.ALBA_PA2_RUN10_GAM","rand2.ROSTRORAJA.ALBA_PA2_RUN10_GAM","rand3.ROSTRORAJA.ALBA_PA2_RUN10_GAM","rand4.ROSTRORAJA.ALBA_PA2_RUN10_GAM","rand5.ROSTRORAJA.ALBA_PA2_RUN10_GAM","rand1.ROSTRORAJA.ALBA_PA2_RUN10_GLM","rand2.ROSTRORAJA.ALBA_PA2_RUN10_GLM","rand3.ROSTRORAJA.ALBA_PA2_RUN10_GLM","rand4.ROSTRORAJA.ALBA_PA2_RUN10_GLM","rand5.ROSTRORAJA.ALBA_PA2_RUN10_GLM","rand1.ROSTRORAJA.ALBA_PA2_RUN10_MAXENT.Phillips","rand2.ROSTRORAJA.ALBA_PA2_RUN10_MAXENT.Phillips","rand3.ROSTRORAJA.ALBA_PA2_RUN10_MAXENT.Phillips","rand4.ROSTRORAJA.ALBA_PA2_RUN10_MAXENT.Phillips","rand5.ROSTRORAJA.ALBA_PA2_RUN10_MAXENT.Phillips","rand1.ROSTRORAJA.ALBA_PA2_Full_GAM","rand2.ROSTRORAJA.ALBA_PA2_Full_GAM","rand3.ROSTRORAJA.ALBA_PA2_Full_GAM","rand4.ROSTRORAJA.ALBA_PA2_Full_GAM","rand5.ROSTRORAJA.ALBA_PA2_Full_GAM","rand1.ROSTRORAJA.ALBA_PA2_Full_GLM","rand2.ROSTRORAJA.ALBA_PA2_Full_GLM","rand3.ROSTRORAJA.ALBA_PA2_Full_GLM","rand4.ROSTRORAJA.ALBA_PA2_Full_GLM","rand5.ROSTRORAJA.ALBA_PA2_Full_GLM","rand1.ROSTRORAJA.ALBA_PA2_Full_MAXENT.Phillips","rand2.ROSTRORAJA.ALBA_PA2_Full_MAXENT.Phillips","rand3.ROSTRORAJA.ALBA_PA2_Full_MAXENT.Phillips","rand4.ROSTRORAJA.ALBA_PA2_Full_MAXENT.Phillips","rand5.ROSTRORAJA.ALBA_PA2_Full_MAXENT.Phillips"
0.32853,0.351415,0.337824,0.348548,0.356466,0.238701,0.240909,0.234608,0.243432,0.237686,0.460912,0.407883,0.428306,0.402589,0.41647,0.02107,0.0276380000000001,0.02073,0.024865,0.021771,0,0,0,0,0,0.2812,0.294066,0.294073,0.289552,0.294547,0.274181,0.285908,0.266531,0.272229,0.272919,0.205169,0.205721,0.183381,0.19202,0.205701,0.304652,0.34128,0.32617,0.301867,0.333674,0.524655,0.507405,0.515537,0.510063,0.508991,0.318079,0.330762,0.326688,0.311605,0.296417,0.398895,0.374007,0.417156,0.361036,0.378255,0.221683,0.219504,0.203723,0.214565,0.22256,0,0,0,0,0,0.364507,0.373352,0.392651,0.374076,0.391273,0.643025,0.596514,0.61406,0.615496,0.603396,0,0,0,0,0,0.275583,0.255481,0.300856,0.285494,0.261815,0.064233,0.0600270000000001,0.061064,0.067206,0.063319,0.227057,0.24171,0.23543,0.224445,0.219828,0.217632,0.236714,0.25098,0.228687,0.246562,0.369883,0.375744,0.383311,0.33233,0.398727,0.260512,0.24771,0.259361,0.264652,0.253243,0.394378,0.458716,0.474499,0.427763,0.442363,0.409875,0.441382,0.445994,0.408966,0.450469,0.427037,0.414775,0.372878,0.392803,0.374713,0.493133,0.446654,0.474733,0.459014,0.452645,0.492578,0.531847,0.539717,0.520321,0.553413,0.279704,0.323924,0.294305,0.304622,0.291373,0.327032,0.322431,0.344582,0.344805,0.317491,0.109385,0.109673,0.099187,0.109626,0.104137,0.309285,0.335722,0.296518,0.334434,0.336839,0.27997,0.275383,0.2876,0.281167,0.258817,0.430569,0.413943,0.451164,0.468387,0.42293,0.316963,0.305411,0.329925,0.334214,0.316377,0.454611,0.42369,0.449094,0.431661,0.454252,0.362514,0.38535,0.360449,0.375955,0.398514,0.181548,0.190272,0.193116,0.182624,0.208034,0.336371,0.378776,0.346642,0.341814,0.362787,0.59088,0.564206,0.570919,0.496734,0.566221,0.350117,0.373206,0.355745,0.355727,0.364157,0.420285,0.458698,0.409021,0.407299,0.443271,0.519953,0.539701,0.522314,0.530968,0.509645,0.527053,0.570935,0.538761,0.529284,0.563043,0.41483,0.419347,0.430834,0.41874,0.409327,0.28457,0.307948,0.318398,0.294277,0.299542,0,0,0,0,0,0.404335,0.421632,0.377853,0.402896,0.466955,0.747658,0.70191,0.787128,0.758712,0.73946,0.438161,0.403908,0.411996,0.392935,0.394775,0.499532,0.50349,0.476343,0.48628,0.467886,0.257166,0.271349,0.264139,0.277429,0.236149,0.218783,0.215312,0.207406,0.21141,0.207087,0.306046,0.344194,0.363272,0.361705,0.358991,0.456173,0.455619,0.442968,0.439551,0.43663,0.307098,0.300823,0.309958,0.320208,0.317155,0.436712,0.409738,0.444122,0.423155,0.436387,0.404212,0.428342,0.418572,0.418317,0.433631,0.484291,0.446113,0.468329,0.471003,0.484421,0.23666,0.224117,0.221671,0.210138,0.222052,0.52581,0.503323,0.555827,0.527082,0.542851,0.156196,0.157053,0.156464,0.15525,0.158809,0.348605,0.340087,0.34131,0.34161,0.351724,0.463971,0.46974,0.484559,0.49814,0.49728,0.62197,0.585485,0.590235,0.589936,0.652747,0.422248,0.457744,0.438102,0.419743,0.404546
0.00165800000000005,0.00156000000000001,0.00153499999999995,0.00157399999999996,0.001633,0.048799,0.053111,0.054052,0.052175,0.05524,0,0,0,0,0,0.232232,0.234864,0.217947,0.23234,0.222654,0.09128,0.086691,0.095624,0.0931070000000001,0.094113,0,0,0,0,0,0.184971,0.211332,0.188298,0.213394,0.188916,0.0763509999999999,0.084206,0.075199,0.086265,0.077997,0,0,0,0,0,0.088428,0.091896,0.087856,0.088738,0.091125,0.030477,0.02885,0.02986,0.029151,0.0323369999999999,0,0,0,0,0,0.203783,0.184191,0.197174,0.201621,0.209595,0.053534,0.053027,0.052665,0.056303,0.056429,0,0,0,0,0,0.376527,0.422831,0.40062,0.407888,0.414748,0.109216,0.098752,0.10486,0.105142,0.104819,0,0,0,0,0,0.068828,0.077881,0.068757,0.076336,0.075222,0.057332,0.055067,0.057074,0.058314,0.065725,0,0,0,0,0,0.24409,0.236323,0.232242,0.252203,0.243771,0.042192,0.044366,0.045811,0.042754,0.040497,0,0,0,0,0,0.318532,0.321525,0.302216,0.307588,0.297016,0.077423,0.067365,0.067175,0.076128,0.0706599999999999,0,0,0,0,0,0.230958,0.216911,0.258508,0.245547,0.237021,0.085914,0.087517,0.079735,0.084113,0.085087,0.014863,0.015979,0.01509,0.016781,0.017332,0.144573,0.154125,0.138877,0.151188,0.140563,0.062999,0.06132,0.0618030000000001,0.059704,0.064603,1.99999999994649e-06,4.000000000004e-06,5.99999999995049e-06,1.00000000002876e-06,2.99999999997524e-06,0.039445,0.038867,0.038788,0.0488730000000001,0.042389,0.029053,0.026488,0.029244,0.0310780000000001,0.025809,0.105502,0.109198,0.107201,0.115833,0.105402,0.00413200000000002,0.00408900000000001,0.00449900000000003,0.00388100000000002,0.00386600000000004,0,0,0,0,0,0.027339,0.0306340000000001,0.0349,0.030841,0.027865,0.015869,0.016239,0.0176770000000001,0.0163990000000001,0.015382,0,0,0,0,0,0.074197,0.083335,0.054385,0.073769,0.067737,0.169074,0.169578,0.185833,0.157776,0.165859,0,0,0,0,0,0.112116,0.11741,0.127045,0.120815,0.111903,0.061076,0.05153,0.057655,0.066151,0.061484,0.028258,0.025628,0.0284759999999999,0.024014,0.027807,0,0,0,0,0,0.021463,0.019336,0.016048,0.01547,0.020532,0,0,0,0,0,0,0,0,0,0,0.019469,0.02174,0.019711,0.020079,0.01736,0,0,0,0,0,0.079179,0.069205,0.081979,0.0735710000000001,0.075429,0.070269,0.066322,0.064551,0.068392,0.070815,0.028061,0.032301,0.035737,0.0296,0.033301,0.079604,0.077326,0.071695,0.08374,0.077719,0.020275,0.018523,0.0191170000000001,0.020586,0.020527,0.0550620000000001,0.054681,0.048791,0.053235,0.056033,0.132831,0.138799,0.141723,0.143056,0.132025,0.000340000000000007,0.000373999999999985,0.000438000000000049,0.000383000000000022,0.000407999999999964,0,0,0,0,0,0.057205,0.064349,0.062887,0.0709340000000001,0.063692,0.071567,0.07433,0.069406,0.0792580000000001,0.069727,0,0,0,0,0,0.00955099999999998,0.00936899999999996,0.00930799999999998,0.00869399999999998,0.010955
0.354678,0.369976,0.372772,0.389429,0.364446,0,0,0,0,0,0,0,0,0,0,0.186361,0.18401,0.181497,0.187383,0.180562,0,0,0,0,0,1.49999999999872e-05,8.90000000000057e-05,3.69999999999537e-05,1.49999999999872e-05,1.79999999999625e-05,0.17016,0.158906,0.172727,0.178646,0.16433,0,0,0,0,0,0,0,0,0,0,0.311565,0.288724,0.293929,0.306735,0.28285,0,0,0,0,0,0,0,0,0,0,0.204965,0.205972,0.21914,0.195053,0.220344,0,0,0,0,0,0,0,0,0,0,0.171849,0.156697,0.183226,0.164198,0.159253,0,0,0,0,0,4.49999999999617e-05,4.49999999999617e-05,2.000000000002e-05,6.20000000000065e-05,2.4000000000024e-05,0.254864,0.256984,0.272744,0.248568,0.240778,0,0,0,0,0,0,0,0,0,0,0.230796,0.220037,0.236722,0.214181,0.253715,0,0,0,0,0,4.000000000004e-06,2.99999999997524e-06,5.00000000003276e-06,4.000000000004e-06,4.000000000004e-06,0.305578,0.318578,0.331153,0.33398,0.319752,0,0,0,0,0,2.99999999997524e-06,2.99999999997524e-06,1.99999999994649e-06,2.99999999997524e-06,2.99999999997524e-06,0.19406,0.20862,0.219588,0.216526,0.192117,0,0,0,0,0,0.0132330000000001,0.0119050000000001,0.011382,0.013209,0.015451,0.173773,0.181267,0.171297,0.171754,0.166868,0,0,0,0,0,0,0,0,0,0,0.404987,0.441808,0.420228,0.429195,0.435251,0,0,0,0,0,0.101956,0.092626,0.102894,0.108032,0.114779,0.391081,0.380294,0.413943,0.410183,0.409851,0,0,0,0,0,0.00616700000000003,0.00724000000000002,0.006131,0.00581799999999999,0.00666,0.183081,0.187515,0.194475,0.178569,0.178395,0.108868,0.11076,0.105132,0.10813,0.11427,0,0,0,0,0,0.335846,0.335571,0.327584,0.326603,0.325776,0,0,0,0,0,0.017633,0.018191,0.016745,0.017536,0.020577,0.374368,0.366734,0.387335,0.375711,0.39913,0,0,0,0,0,0.011498,0.0111520000000001,0.010772,0.013124,0.0105189999999999,0.120991,0.123597,0.118515,0.115812,0.115906,0.086851,0.089851,0.090053,0.091072,0.086573,1.99999999994649e-06,1.99999999994649e-06,2.99999999997524e-06,1.99999999994649e-06,1.99999999994649e-06,0.153193,0.151451,0.177023,0.15742,0.17126,0,0,0,0,0,0.159098,0.129733,0.15689,0.168323,0.132302,0.100928,0.094042,0.100342,0.086959,0.101367,0,0,0,0,0,0.03187,0.037434,0.0356,0.0381320000000001,0.041084,0.224782,0.219363,0.221013,0.205728,0.215879,0,0,0,0,0,0.045639,0.04129,0.046439,0.044748,0.049046,0.114273,0.122331,0.1207,0.137873,0.125308,0,0,0,0,0,0.01551,0.015279,0.018664,0.0167350000000001,0.019566,0.222619,0.229547,0.230661,0.229612,0.221947,0,0,0,0,0,0.020221,0.02077,0.020522,0.021061,0.0216150000000001
0.671918,0.673564,0.652574,0.650142,0.63552,0,0,0,0,0,0,0,0,0,0,0.600616,0.564856,0.584271,0.558647,0.606063,0,0,0,0,0,0,0,0,0,0,0.169244,0.139381,0.150937,0.157155,0.161926,0,0,0,0,0,0.016469,0.018338,0.017061,0.017369,0.018308,0.152771,0.146347,0.137288,0.169387,0.149105,0,0,0,0,0,0,0,0,0,0,0.134685,0.143734,0.140626,0.140349,0.147859,0,0,0,0,0,0,0,0,0,0,0.295336,0.309559,0.323065,0.310753,0.338624,0,0,0,0,0,0.032914,0.03282,0.031829,0.03249,0.030718,0.01305,0.015079,0.014323,0.014906,0.015054,0,0,0,0,0,1.49999999999872e-05,5.00000000003276e-06,1.79999999999625e-05,8.000000000008e-06,5.00000000003276e-06,0.768569,0.753014,0.716065,0.753142,0.745429,0,0,0,0,0,0,0,0,0,0,0.059656,0.05114,0.0510699999999999,0.0587220000000001,0.057194,0,0,0,0,0,4.000000000004e-06,2.99999999997524e-06,4.000000000004e-06,4.000000000004e-06,2.99999999997524e-06,0.05766,0.065208,0.060046,0.058725,0.0621660000000001,0,0,0,0,0,1.00000000002876e-06,2.99999999997524e-06,0,1.00000000002876e-06,2.99999999997524e-06,0.228426,0.253275,0.220606,0.229418,0.206588,0,0,0,0,0,1.00000000002876e-06,1.00000000002876e-06,8.000000000008e-06,6.99999999997925e-06,1.00000000002876e-06,0.541758,0.549954,0.582966,0.540202,0.557484,0,0,0,0,0,0.06799,0.0771579999999999,0.074161,0.085102,0.068609,0.451531,0.440506,0.45103,0.4478,0.447224,0,0,0,0,0,0.00897700000000001,0.00954600000000005,0.010374,0.00888500000000003,0.00932599999999995,0.552981,0.574532,0.560591,0.602948,0.541166,0.079908,0.074383,0.085812,0.082005,0.084657,0.240934,0.251708,0.19912,0.219553,0.2122,0.842683,0.816415,0.819963,0.796813,0.784262,0,0,0,0,0,0.113204,0.119053,0.107654,0.134118,0.120394,0.61352,0.650943,0.635883,0.636318,0.612667,0,0,0,0,0,0.013027,0.0139010000000001,0.013691,0.01208,0.011178,0.287365,0.258208,0.259013,0.253762,0.259086,0,0,0,0,0,0,0,0,0,0,0.00181500000000001,0.00202199999999997,0.00197000000000003,0.00188600000000005,0.00184499999999999,0,0,0,0,0,0.103661,0.100028,0.099618,0.122856,0.129938,0.037836,0.035629,0.039511,0.037532,0.036037,0,0,0,0,0,0.096303,0.106047,0.098892,0.097893,0.099735,0.289011,0.297989,0.287348,0.295447,0.303129,0,0,0,0,0,0.0793469999999999,0.080665,0.081475,0.084453,0.112351,0.220822,0.219548,0.229052,0.221956,0.237179,0,0,0,0,0,0.00456800000000002,0.00525799999999998,0.00563000000000002,0.00552200000000003,0.00371200000000005,0.419356,0.422489,0.409766,0.461746,0.404513,0,0,0,0,0,0.0175729999999999,0.016779,0.014711,0.016323,0.01822
0.050183,0.054806,0.047685,0.046882,0.044107,0.308277,0.301394,0.28678,0.302215,0.319911,0.057718,0.059345,0.061464,0.060847,0.056422,0.224462,0.202226,0.190159,0.226676,0.197453,0.210681,0.219151,0.21481,0.214425,0.22889,0.223115,0.225759,0.190015,0.225632,0.209118,0.265825,0.276971,0.261108,0.265355,0.283786,0.304827,0.257162,0.280328,0.3042,0.309554,0.221799,0.202665,0.196991,0.225641,0.233548,0.414764,0.385467,0.397669,0.457784,0.418159,0.320925,0.312487,0.307154,0.307255,0.318942,0.243188,0.244931,0.243414,0.219142,0.255433,0.120565,0.123449,0.112288,0.121816,0.118879,0.245822,0.261554,0.272547,0.270211,0.244639,0.263512,0.286742,0.266501,0.277267,0.271886,0.24358,0.241613,0.230403,0.209884,0.22798,0.277503,0.273379,0.292788,0.29498,0.283198,0.336117,0.357151,0.343173,0.341632,0.32783,0.297724,0.289929,0.297801,0.334194,0.287765,0.191844,0.226693,0.211068,0.225457,0.224009,0.274905,0.305506,0.28406,0.29457,0.280717,0.122719,0.114469,0.114095,0.109873,0.12203,0.320457,0.325275,0.3024,0.310339,0.350159,0.015699,0.014261,0.014496,0.015807,0.015792,0.246631,0.23941,0.258812,0.240081,0.26248,0.249299,0.246781,0.259818,0.264138,0.245792,0.137305,0.120618,0.130708,0.130477,0.131612,0.172048,0.191207,0.186541,0.184262,0.191259,0.25212,0.27983,0.257182,0.259265,0.256653,0.070375,0.0669110000000001,0.069663,0.071269,0.072757,0.236535,0.255547,0.275362,0.26465,0.258525,0.336426,0.312339,0.309781,0.32902,0.321714,0.266278,0.247411,0.251987,0.272555,0.249938,0.484897,0.47111,0.463223,0.476986,0.458244,0.241192,0.246796,0.252133,0.241911,0.252555,0.302939,0.29623,0.310511,0.302952,0.300825,0.260697,0.259053,0.265649,0.269271,0.2582,0.31678,0.284332,0.285804,0.289825,0.331424,0.351722,0.371407,0.377231,0.375237,0.357687,0.029702,0.0292519999999999,0.028178,0.0281979999999999,0.028536,0.172382,0.164279,0.172248,0.170318,0.17042,0.116995,0.132817,0.11764,0.113614,0.10929,0.022925,0.021775,0.018973,0.021248,0.016614,0.36878,0.374498,0.386454,0.357316,0.35657,0.426248,0.398974,0.390712,0.373527,0.420922,0.081438,0.095286,0.081554,0.074397,0.08623,0.323363,0.313661,0.312808,0.306686,0.316681,0.05326,0.04896,0.050956,0.055748,0.059975,0.013662,0.012498,0.011823,0.014583,0.013586,0.28484,0.297422,0.271492,0.255771,0.268076,0.00688800000000001,0.00721700000000003,0.00701399999999996,0.00705500000000003,0.00690599999999997,0.248178,0.251591,0.257694,0.258109,0.227023,0.41912,0.399571,0.366326,0.370175,0.392431,0.266084,0.26336,0.277948,0.23588,0.263862,0.259794,0.279345,0.242909,0.273192,0.255483,0.199803,0.205489,0.205492,0.196489,0.195014,0.175291,0.185353,0.173437,0.167931,0.176328,0.089453,0.088441,0.088611,0.096495,0.087708,0.19645,0.203212,0.207277,0.212247,0.210223,0.469415,0.457505,0.437593,0.451191,0.466677,0.13271,0.134643,0.132583,0.128471,0.131285,0.431133,0.391715,0.399681,0.403685,0.397519,0.352852,0.326292,0.334016,0.365707,0.364412,0.069094,0.0699149999999999,0.075883,0.071299,0.067877,0.258936,0.242628,0.254035,0.263165,0.250419,0.220783,0.22697,0.234631,0.226602,0.23372
0.138518,0.137265,0.133714,0.157162,0.133656,0,0,0,0,0,0,0,0,0,0,0.025007,0.0270089999999999,0.026338,0.023943,0.024517,0,0,0,0,0,0.018665,0.021025,0.016054,0.02142,0.023976,0.011714,0.012297,0.0129359999999999,0.0116579999999999,0.012009,0,0,0,0,0,0,0,0,0,0,0.036524,0.032888,0.031603,0.034833,0.040123,0,0,0,0,0,0.028827,0.015302,0.021728,0.016027,0.029405,0.047023,0.053376,0.06066,0.054601,0.065246,0,0,0,0,0,0.035816,0.031156,0.02774,0.024433,0.03086,0.046544,0.048772,0.04822,0.04377,0.041652,0,0,0,0,0,0.054249,0.060572,0.05037,0.0489579999999999,0.059957,0.027413,0.030498,0.029838,0.031494,0.027186,0,0,0,0,0,0.036357,0.038084,0.033745,0.035684,0.042426,0.237585,0.244071,0.265231,0.251757,0.253852,0,0,0,0,0,0,0,0,0,0,0.16493,0.161771,0.1513,0.170729,0.160955,0,0,0,0,0,0.032284,0.026691,0.020209,0.025771,0.025624,0.11906,0.116461,0.103713,0.119974,0.113705,0,0,0,0,0,0.017418,0.015576,0.0144069999999999,0.00943400000000005,0.015776,0.062835,0.055712,0.053243,0.056083,0.052848,0,0,0,0,0,0.047584,0.044868,0.047881,0.052939,0.052223,0.236101,0.252179,0.260053,0.217436,0.237139,0,0,0,0,0,0.186625,0.19559,0.191364,0.14486,0.199474,0.225974,0.225717,0.212183,0.228635,0.21376,0.017836,0.018041,0.016469,0.018303,0.017226,0.110849,0.129198,0.135477,0.127449,0.122512,0.106165,0.117631,0.11444,0.114628,0.11854,0,0,0,0,0,0.074759,0.0699379999999999,0.064886,0.067149,0.0738,0.120437,0.118151,0.124838,0.138903,0.115479,0,0,0,0,0,0.170001,0.17671,0.174617,0.171908,0.168719,0.165735,0.156857,0.164276,0.172199,0.163253,0,0,0,0,0,0,0,0,0,0,0.244821,0.22353,0.212661,0.23122,0.22897,0,0,0,0,0,0.003359,0.00350200000000001,0.00312900000000005,0.00347900000000001,0.00360000000000005,0.366059,0.384229,0.373177,0.390742,0.387886,0,0,0,0,0,0.0434560000000001,0.047002,0.044645,0.0478420000000001,0.042923,0.272251,0.308517,0.28094,0.299482,0.261298,0,0,0,0,0,0.0845590000000001,0.076404,0.072608,0.082832,0.091116,0.000107999999999997,0.000107999999999997,0.000105000000000022,9.89999999999602e-05,9.5999999999985e-05,0,0,0,0,0,0.093031,0.098308,0.09315,0.082436,0.086241,0.096679,0.0781539999999999,0.088854,0.09283,0.090021,0,0,0,0,0,0.059523,0.056101,0.043588,0.053946,0.0325029999999999,0.098217,0.0869,0.085077,0.091822,0.089645,0,0,0,0,0,0.040415,0.040231,0.038548,0.043717,0.04295
0.293873,0.295923,0.304525,0.294371,0.278407,0,0,0,0,0,0,0,0,0,0,0.170425,0.183306,0.166511,0.181124,0.180441,0,0,0,0,0,0.041843,0.038261,0.0512899999999999,0.0503130000000001,0.039385,0.249673,0.254932,0.258581,0.24376,0.252086,0,0,0,0,0,0.02013,0.021517,0.022934,0.021073,0.023241,0.150464,0.158575,0.150182,0.152978,0.157765,0,0,0,0,0,0.093714,0.091322,0.097341,0.101286,0.096975,0.077253,0.0717989999999999,0.077556,0.082425,0.077198,0,0,0,0,0,0.015142,0.010221,0.00864699999999996,0.00785899999999995,0.00938799999999995,0.347722,0.307557,0.313305,0.338606,0.352826,0,0,0,0,0,0.20105,0.163935,0.164541,0.170859,0.18708,0.212547,0.217642,0.243277,0.243114,0.242595,0,0,0,0,0,0.0712120000000001,0.072618,0.074231,0.077447,0.072792,0.355717,0.344473,0.370701,0.3616,0.351541,0,0,0,0,0,0.020128,0.025347,0.025447,0.024217,0.026079,0.255339,0.263307,0.248057,0.263011,0.251679,0,0,0,0,0,0.076977,0.068529,0.070941,0.075505,0.077727,0.147339,0.156438,0.153664,0.161838,0.15762,0,0,0,0,0,0.028203,0.032963,0.034165,0.036206,0.03848,0.221274,0.213297,0.230006,0.225725,0.206374,0,0,0,0,0,0.11392,0.114669,0.117447,0.11624,0.110535,5.5999999999945e-05,5.69999999999737e-05,4.000000000004e-05,6.7999999999957e-05,4.000000000004e-05,0,0,0,0,0,0.010455,0.014495,0.014545,0.014912,0.00917400000000002,0.00146000000000002,0.001807,0.00116300000000003,0.00175899999999996,0.00151500000000004,0,0,0,0,0,0.023498,0.02949,0.028121,0.024778,0.029828,0.112995,0.102858,0.113443,0.127933,0.110691,0,0,0,0,0,0.061275,0.066269,0.067155,0.062237,0.067615,0.096475,0.102906,0.090843,0.096699,0.088954,0,0,0,0,0,0.061107,0.055583,0.062186,0.05608,0.053122,0.120889,0.118737,0.121356,0.137664,0.132832,0,0,0,0,0,0.00927199999999995,0.00811099999999998,0.00952299999999995,0.00848599999999999,0.00857600000000003,0.177856,0.173694,0.177189,0.195037,0.180986,0,0,0,0,0,0.025884,0.020028,0.025875,0.016469,0.0225030000000001,0.31298,0.351639,0.347528,0.315247,0.335624,0,0,0,0,0,0.039964,0.044704,0.037976,0.03951,0.043627,0.141991,0.135655,0.140264,0.142179,0.132931,0,0,0,0,0,0.071493,0.082908,0.08129,0.070829,0.082012,0.044645,0.047256,0.046031,0.0511779999999999,0.057347,0,0,0,0,0,0.139204,0.133547,0.138468,0.145338,0.138122,0.212181,0.239979,0.225894,0.209192,0.231885,0,0,0,0,0,0.055318,0.058654,0.070827,0.062816,0.05908,0.028159,0.029255,0.032853,0.022252,0.031304,0,0,0,0,0,0.064785,0.067831,0.052106,0.081476,0.069025
2.59999999999705e-05,2.89999999999457e-05,2.69999999999992e-05,2.8000000000028e-05,2.19999999999665e-05,0,0,0,0,0,0,0,0,0,0,0.15864,0.172078,0.152699,0.158915,0.146312,0,0,0,0,0,0.024004,0.0277500000000001,0.022941,0.0255649999999999,0.028796,0.153339,0.158648,0.152553,0.148772,0.147456,0,0,0,0,0,0.00186500000000001,0.00152399999999997,0.00174700000000005,0.00134699999999999,0.001637,0.019111,0.019183,0.019161,0.018374,0.021129,0,0,0,0,0,0.015091,0.015151,0.019275,0.011951,0.016937,0.155074,0.154152,0.166454,0.143005,0.15361,0,0,0,0,0,0,0,0,0,0,0.3696,0.422183,0.379763,0.373226,0.383992,0,0,0,0,0,0.0886169999999999,0.106372,0.101427,0.100974,0.082821,0.077969,0.077675,0.087283,0.077059,0.082183,0,0,0,0,0,0.066442,0.070808,0.062844,0.054263,0.065028,0.184872,0.173303,0.176455,0.193649,0.175703,0,0,0,0,0,0,0,0,0,0,0.197976,0.222938,0.209046,0.208873,0.195074,0,0,0,0,0,0,0,0,0,0,0.050341,0.053966,0.052142,0.0571159999999999,0.055624,0,0,0,0,0,0.0567800000000001,0.046085,0.048919,0.041093,0.04752,0.0950569999999999,0.107316,0.0879720000000001,0.087719,0.095316,0,0,0,0,0,0.012338,0.01117,0.013474,0.011259,0.011061,0.010265,0.012004,0.012568,0.010566,0.011283,0,0,0,0,0,0.289503,0.271225,0.2923,0.287002,0.287408,0.189037,0.190769,0.171948,0.179289,0.167925,0,0,0,0,0,0.050786,0.037362,0.03732,0.053364,0.035901,0.015622,0.015953,0.014483,0.016607,0.0145,0,0,0,0,0,0.050605,0.055397,0.059933,0.05072,0.051001,0.16377,0.160996,0.168852,0.18453,0.168613,0,0,0,0,0,0.110807,0.073829,0.085683,0.102521,0.077151,0.178122,0.194561,0.195782,0.192636,0.197974,0,0,0,0,0,0.067752,0.05493,0.038266,0.054733,0.062239,0.157835,0.167271,0.164754,0.15839,0.179256,0,0,0,0,0,0.018728,0.018401,0.019544,0.017702,0.017784,0.000399999999999956,0.000367000000000006,0.00037100000000001,0.000375000000000014,0.000394000000000005,0,0,0,0,0,0.0816519999999999,0.091966,0.093985,0.102443,0.095274,0.106829,0.1056,0.102376,0.105806,0.111692,0,0,0,0,0,0.119717,0.129979,0.134729,0.129647,0.13874,0.069218,0.0793970000000001,0.072205,0.073007,0.074294,0,0,0,0,0,0.0823,0.080406,0.088491,0.092757,0.08569,0.049193,0.049134,0.052068,0.055747,0.052329,0,0,0,0,0,0.045399,0.065235,0.0575909999999999,0.051907,0.060455,0.037888,0.0404139999999999,0.037633,0.036152,0.03923,0,0,0,0,0,0.074313,0.074704,0.07465,0.079699,0.066859
0.468015,0.441822,0.475799,0.449803,0.476092,0,0,0,0,0,0,0,0,0,0,0.051543,0.051563,0.054929,0.049045,0.044649,0,0,0,0,0,0,0,0,0,0,0.120805,0.138853,0.123831,0.138505,0.123914,0,0,0,0,0,0,0,0,0,0,0.025406,0.020964,0.021734,0.020607,0.023972,0,0,0,0,0,0.012384,0.00907100000000005,0.00938099999999997,0.010865,0.010714,0.060207,0.057835,0.052275,0.054054,0.047508,0,0,0,0,0,0.031631,0.029361,0.028884,0.025474,0.013543,0.212289,0.220642,0.255305,0.222395,0.223494,0,0,0,0,0,0.018514,0.016455,0.018058,0.01773,0.015311,0.28974,0.27104,0.293446,0.297444,0.287369,0,0,0,0,0,0.012026,0.01315,0.012759,0.013024,0.013425,0.068683,0.084409,0.083153,0.067876,0.078592,0,0,0,0,0,0,0,0,0,0,0.00105999999999995,0.00103600000000004,0.00153400000000004,0.00092800000000004,0.00170800000000004,0,0,0,0,0,0,0,0,0,0,0.145671,0.122129,0.128441,0.12309,0.136636,0,0,0,0,0,0.00934500000000005,0.00530900000000001,0.00883500000000004,0.00531400000000004,0.00636000000000003,0.104625,0.104836,0.097726,0.102057,0.103533,0,0,0,0,0,0.042706,0.0437340000000001,0.041922,0.044413,0.043216,0.16118,0.156674,0.169763,0.184625,0.158815,0,0,0,0,0,0.0157389999999999,0.013979,0.013118,0.013437,0.012634,0.114321,0.119415,0.125451,0.114523,0.111718,0,0,0,0,0,0.00617100000000004,0.00466800000000001,0.00483599999999995,0.00383299999999998,0.00614899999999996,0.216825,0.234453,0.247024,0.225156,0.236417,0,0,0,0,0,0.074862,0.0789339999999999,0.0814240000000001,0.066768,0.066089,0.206955,0.195331,0.193852,0.198142,0.190721,0,0,0,0,0,0.011962,0.012619,0.011954,0.012558,0.011204,0.181075,0.18001,0.157327,0.172864,0.185543,0,0,0,0,0,0.018427,0.019147,0.021971,0.020602,0.021855,0.28174,0.269972,0.284063,0.288325,0.281832,0,0,0,0,0,0.00206899999999999,0.00190100000000004,0.00243899999999997,0.00194799999999995,0.00183900000000004,0.593643,0.544244,0.601467,0.593362,0.559177,0,0,0,0,0,0,0,0,0,0,0.212339,0.225785,0.209817,0.196686,0.205165,0,0,0,0,0,0.083107,0.076809,0.085727,0.059272,0.078064,0.195676,0.173472,0.203227,0.180706,0.178978,0,0,0,0,0,0.027556,0.033544,0.027272,0.029074,0.025697,0.261708,0.236602,0.249512,0.235148,0.251783,0,0,0,0,0,0.104046,0.110871,0.090347,0.096146,0.106418,0.239331,0.246136,0.236642,0.250821,0.237165,0,0,0,0,0,0.060513,0.063115,0.067468,0.044864,0.051939
0.363209,0.364063,0.342385,0.343736,0.350152,0,0,0,0,0,0.20613,0.191434,0.198404,0.205947,0.199118,0.065333,0.063595,0.0686560000000001,0.073729,0.0754899999999999,0.078314,0.072143,0.0707449999999999,0.089905,0.087567,0.154032,0.156298,0.150216,0.143658,0.144083,0.264579,0.263179,0.267314,0.240548,0.282756,0,0,0,0,0,0.115466,0.117742,0.119261,0.121307,0.128664,0.082362,0.079375,0.0817600000000001,0.076918,0.079678,0,0,0,0,0,0.00639599999999996,0.00523600000000002,0.00461299999999998,0.005494,0.00697700000000001,0.311289,0.286689,0.29215,0.328655,0.318746,0,0,0,0,0,0.078211,0.077499,0.083981,0.0881729999999999,0.0733780000000001,0.191784,0.190865,0.206723,0.194449,0.191862,0.042061,0.035365,0.045358,0.038376,0.041422,0.0634439999999999,0.086983,0.082333,0.080107,0.078989,0.04617,0.041343,0.039269,0.045594,0.046648,0,0,0,0,0,0.135993,0.1448,0.137002,0.132126,0.142296,0.0641659999999999,0.059132,0.06613,0.058407,0.069546,0,0,0,0,0,0.147147,0.161379,0.153255,0.144813,0.152447,0.01952,0.024896,0.024263,0.023151,0.023342,0,0,0,0,0,0.012589,0.015485,0.01479,0.015193,0.01561,0.173253,0.218623,0.180958,0.176601,0.179056,0,0,0,0,0,0.13786,0.161639,0.136098,0.152133,0.16202,0.021454,0.0314680000000001,0.023985,0.0281670000000001,0.0351939999999999,0,0,0,0,0,0.089214,0.0850959999999999,0.084049,0.072417,0.093384,0.295312,0.298181,0.318984,0.284705,0.309999,0,0,0,0,0,0.02451,0.0200979999999999,0.019559,0.0203179999999999,0.0219780000000001,0.077113,0.075172,0.07335,0.069416,0.064671,0,0,0,0,0,0.028105,0.038595,0.032373,0.0363790000000001,0.032623,0.16442,0.187148,0.162099,0.192511,0.184867,0,0,0,0,0,0.1651,0.138354,0.138068,0.171992,0.145489,0.329985,0.305556,0.32288,0.296849,0.301431,0,0,0,0,0,0.066516,0.060557,0.074261,0.062961,0.072426,0.070183,0.062514,0.067752,0.071079,0.0640269999999999,0,0,0,0,0,0.155359,0.161113,0.142143,0.147377,0.141221,0.098536,0.0967750000000001,0.09014,0.0993000000000001,0.0980839999999999,0,0,0,0,0,0.144512,0.12435,0.154895,0.132732,0.12166,0.205595,0.229091,0.23094,0.239791,0.226764,0,0,0,0,0,0.02247,0.021698,0.022539,0.018055,0.0209819999999999,0.306739,0.284511,0.26943,0.287696,0.275174,0,0,0,0,0,0.0996010000000001,0.080186,0.084619,0.0840070000000001,0.091942,0.067406,0.0813,0.07456,0.080324,0.074898,0,0,0,0,0,0.123955,0.125632,0.126707,0.140427,0.121394,0.102665,0.112799,0.113322,0.111079,0.10507,0,0,0,0,0,0.094241,0.081938,0.104624,0.085685,0.103812,0.188329,0.185023,0.189359,0.2055,0.187225,0,0,0,0,0,0.098658,0.116456,0.095058,0.0986,0.096686
0.214151,0.230986,0.232077,0.238097,0.231831,0.020278,0.021675,0.025268,0.029218,0.0295609999999999,0.016858,0.015995,0.0170630000000001,0.011305,0.013262,0.257738,0.266667,0.274428,0.249707,0.258937,0.093537,0.098258,0.098479,0.108285,0.106438,0.053874,0.049778,0.059962,0.056651,0.056319,0.373948,0.407976,0.37758,0.383849,0.369245,0.037869,0.046605,0.041178,0.042218,0.031239,0.006969,0.00706600000000002,0.00708399999999998,0.00759299999999996,0.00736899999999996,0.201602,0.193683,0.215137,0.206255,0.193646,0.017783,0.0211980000000001,0.025023,0.0191170000000001,0.027316,0.00924999999999998,0.00856400000000002,0.00885800000000003,0.00906300000000004,0.00829000000000002,0.201516,0.196027,0.195484,0.192273,0.205975,0.036768,0.0361669999999999,0.044731,0.0411589999999999,0.042081,0,0,0,0,0,0.503508,0.511236,0.499055,0.514514,0.53829,0.074184,0.07485,0.077478,0.063777,0.072479,0.135797,0.13364,0.112854,0.143297,0.110523,0.212681,0.225504,0.213085,0.219048,0.221894,0.057609,0.05583,0.053504,0.052986,0.052366,0.0593129999999999,0.053125,0.0519269999999999,0.063804,0.049327,0.171464,0.179124,0.198545,0.190921,0.176591,0.019728,0.017297,0.015316,0.023456,0.013572,0.016972,0.013799,0.00993299999999997,0.013879,0.017474,0.233672,0.23362,0.228533,0.234857,0.222611,0.028489,0.033284,0.026488,0.033542,0.025879,0.088011,0.072868,0.088228,0.073588,0.076689,0.277745,0.271137,0.293172,0.290733,0.275334,0.025491,0.02266,0.022309,0.019418,0.018547,0.023574,0.02071,0.0188199999999999,0.022709,0.023014,0.14568,0.152349,0.124518,0.12551,0.128957,0.022031,0.020815,0.018838,0.020165,0.0170360000000001,0.0124069999999999,0.012076,0.010942,0.012538,0.016134,0.430876,0.445186,0.446261,0.438779,0.424854,0,0,0,0,0,0.040236,0.040114,0.039131,0.041238,0.037212,0.031971,0.035154,0.028621,0.031229,0.033101,0,0,0,0,0,0.124693,0.113779,0.09785,0.100816,0.111967,0.202651,0.192888,0.231544,0.211447,0.196824,0,0,0,0,0,0.0435449999999999,0.0381010000000001,0.040411,0.041265,0.035393,0.434382,0.423339,0.40825,0.417639,0.384305,0,0,0,0,0,0.00740200000000002,0.00754500000000002,0.008656,0.00712999999999997,0.008683,0.098862,0.091993,0.090873,0.094691,0.094905,0,0,0,0,0,0.00273199999999996,0.00323300000000004,0.00341499999999995,0.00310600000000005,0.003085,0.0614749999999999,0.073278,0.063623,0.059334,0.061349,0,0,0,0,0,0.017858,0.01884,0.016514,0.016807,0.018319,0.215596,0.219733,0.233808,0.228351,0.230038,0,0,0,0,0,0.060294,0.050549,0.052994,0.055574,0.054101,0.516128,0.548546,0.517444,0.541797,0.507317,0,0,0,0,0,0.05927,0.059266,0.053945,0.0571159999999999,0.053519,0.085971,0.091736,0.085861,0.0910029999999999,0.073165,0,0,0,0,0,0.0244259999999999,0.023594,0.019086,0.021743,0.024118,0.150368,0.166374,0.166546,0.165771,0.168035,0,0,0,0,0,0.060123,0.0631,0.069184,0.0700229999999999,0.075,0.221127,0.227743,0.230331,0.226599,0.251887,0,0,0,0,0,0.00653300000000001,0.00636199999999998,0.00664200000000004,0.00641899999999995,0.00632299999999997
0.661969,0.657596,0.691507,0.666399,0.682904,0,0,0,0,0,0,0,0,0,0,0.123136,0.114725,0.116736,0.123282,0.119825,0.037407,0.039167,0.0357,0.037195,0.0383559999999999,0.066504,0.070937,0.072028,0.066804,0.065675,0.313332,0.303259,0.284336,0.3024,0.296154,0,0,0,0,0,0.030297,0.0273640000000001,0.024746,0.034297,0.03349,0.000434999999999963,0.000387000000000026,0.000418999999999947,0.000399000000000038,0.000384000000000051,0,0,0,0,0,0.00836499999999996,0.00976299999999997,0.00924899999999995,0.00975000000000004,0.00905299999999998,0.215723,0.172399,0.173612,0.181598,0.172096,0,0,0,0,0,0.00188200000000005,0.00193500000000002,0.00169399999999997,0.00207100000000005,0.00178599999999995,0.064847,0.07193,0.068547,0.067804,0.072743,0,0,0,0,0,0.162423,0.181965,0.186528,0.202305,0.181542,0.127139,0.115496,0.127239,0.106107,0.121982,0,0,0,0,0,0.060659,0.050809,0.058832,0.052858,0.050821,0.173144,0.168582,0.169707,0.169019,0.149165,0,0,0,0,0,0,0,0,0,0,0.392163,0.389526,0.416351,0.4026,0.401332,0,0,0,0,0,0.000112000000000001,0.00011300000000003,0.000109000000000026,0.000114999999999976,0.000101000000000018,0.574825,0.588389,0.523554,0.523548,0.529434,0,0,0,0,0,0.045303,0.042014,0.038003,0.0371010000000001,0.037021,0.196568,0.2052,0.199776,0.204354,0.198312,0,0,0,0,0,0.026598,0.026553,0.0256189999999999,0.026605,0.026318,0.606642,0.626721,0.613321,0.6034,0.63922,0.937467,0.930699,0.922376,0.921114,0.93223,0.013944,0.0118740000000001,0.012715,0.015231,0.012674,0.699786,0.737336,0.707105,0.71886,0.711719,0.678019,0.693899,0.677572,0.716116,0.710104,0.019601,0.020976,0.01898,0.025087,0.019968,0.588247,0.525599,0.553446,0.549066,0.578545,0.788787,0.754449,0.760741,0.7363,0.754488,0.014729,0.012406,0.016387,0.014192,0.012619,0.490572,0.480001,0.48668,0.493083,0.504269,0.631254,0.629348,0.62243,0.600219,0.620776,0.015368,0.015037,0.013122,0.020353,0.01653,0.491086,0.476404,0.516073,0.544173,0.50654,0.591942,0.619127,0.585965,0.596687,0.57547,0.0685170000000001,0.072695,0.071276,0.073064,0.068052,0.538167,0.521335,0.529424,0.505657,0.544994,0,0,0,0,0,0.037998,0.037243,0.035251,0.036906,0.03725,0.512864,0.507583,0.498177,0.491936,0.490656,0,0,0,0,0,0.00904799999999994,0.00805,0.01056,0.0131599999999999,0.011252,0.71742,0.699836,0.749581,0.762364,0.739404,0.870502,0.869349,0.825428,0.8009,0.816956,0.016819,0.019223,0.016191,0.017151,0.016459,0.613576,0.585456,0.56231,0.611193,0.547429,0.849041,0.876344,0.856311,0.896665,0.858729,0.000534999999999952,0.00057700000000005,0.000534000000000034,0.000487000000000015,0.000542000000000042,0.790884,0.783924,0.813077,0.795786,0.809325,0,0,0,0,0,0.00719899999999996,0.00684700000000005,0.00706300000000004,0.00756000000000001,0.00677399999999995,0.68067,0.620543,0.664398,0.652936,0.655545,0.511785,0.524945,0.509747,0.508785,0.521433,0.000755999999999979,0.000731000000000037,0.000859999999999972,0.000869000000000009,0.000712000000000046
0.028921,0.0283949999999999,0.025856,0.028958,0.030222,0,0,0,0,0,0,0,0,0,0,0.14439,0.117594,0.115712,0.116987,0.117491,0,0,0,0,0,0.037704,0.0347460000000001,0.037225,0.036528,0.034169,0.124531,0.117278,0.116754,0.112045,0.122012,0,0,0,0,0,0.036927,0.035843,0.03745,0.035122,0.038211,0.500649,0.510101,0.489044,0.510955,0.490962,0,0,0,0,0,0.00153700000000001,0.001448,0.00146999999999997,0.00150300000000003,0.00146599999999997,0.481724,0.477907,0.458065,0.52728,0.479739,0,0,0,0,0,0,0,0,0,0,0.549991,0.536579,0.550182,0.522867,0.554131,0,0,0,0,0,0.150409,0.151254,0.160346,0.155033,0.147878,0.293475,0.321892,0.301924,0.318785,0.297171,0,0,0,0,0,0,0,0,0,0,0.191333,0.188824,0.206798,0.191871,0.17529,0,0,0,0,0,0,0,0,0,0,0.00838700000000003,0.00887499999999997,0.010603,0.00826300000000002,0.00917500000000004,0,0,0,0,0,0.006135,0.00508699999999995,0.00608200000000003,0.00513600000000003,0.00506600000000001,0.393304,0.380055,0.352876,0.420893,0.404427,0,0,0,0,0,0.05093,0.049732,0.060615,0.055194,0.049465,0.019559,0.020418,0.019942,0.023088,0.019047,0,0,0,0,0,0.009745,0.00993599999999994,0.00926400000000005,0.0100170000000001,0.010592,0.175311,0.151593,0.18176,0.179063,0.179646,0,0,0,0,0,0.027383,0.025029,0.029927,0.026151,0.03604,0.374099,0.37086,0.338361,0.339563,0.366395,0,0,0,0,0,0.034962,0.032829,0.0340240000000001,0.0350470000000001,0.0305879999999999,0.076146,0.070205,0.072889,0.065706,0.067002,0,0,0,0,0,0.053165,0.0557800000000001,0.058395,0.055936,0.060061,0.204942,0.202755,0.188331,0.183083,0.19318,0,0,0,0,0,0.04476,0.04918,0.0532550000000001,0.0580270000000001,0.051816,0.341212,0.362699,0.342625,0.348617,0.352037,0,0,0,0,0,0.044662,0.041079,0.046849,0.041841,0.046501,0.634495,0.630966,0.617338,0.637032,0.618045,0,0,0,0,0,0.000141999999999975,0.00013300000000005,0.00013300000000005,0.000130999999999992,0.000140000000000029,0.527314,0.556688,0.577062,0.532921,0.569283,0,0,0,0,0,0.105442,0.105132,0.112927,0.10741,0.100898,0.154969,0.148595,0.141185,0.133111,0.149897,0,0,0,0,0,0.156691,0.166654,0.164947,0.167257,0.162947,0.024447,0.023815,0.024195,0.022241,0.026712,0,0,0,0,0,0.00961199999999995,0.00833399999999995,0.00901799999999997,0.00782000000000005,0.00688999999999995,0.438513,0.457707,0.442458,0.42853,0.447218,0,0,0,0,0,0.013016,0.011914,0.013232,0.0136269999999999,0.014801,0.010887,0.0100749999999999,0.00894700000000004,0.00986500000000001,0.01042,0,0,0,0,0,0.113845,0.111039,0.106103,0.100522,0.10564
0.29513,0.295849,0.283198,0.286621,0.265027,0,0,0,0,0,0,0,0,0,0,0.601345,0.579092,0.596202,0.597323,0.544474,0,0,0,0,0,0,0,0,0,0,0.672898,0.712135,0.643693,0.676959,0.66588,0,0,0,0,0,8.30000000000553e-05,0.00265099999999996,0.00286500000000001,0.00265199999999999,8.30000000000553e-05,0.472823,0.460746,0.481862,0.508091,0.491747,0,0,0,0,0,0,0,0,0,0,0.219304,0.222225,0.240358,0.220715,0.220587,0,0,0,0,0,0,0,0,0,0,0.511904,0.580016,0.492385,0.548806,0.519698,0,0,0,0,0,0.12565,0.115974,0.134726,0.125766,0.127272,0.111711,0.111216,0.103107,0.096899,0.114781,0,0,0,0,0,1.00000000002876e-06,0.00239599999999995,0.00239599999999995,1.00000000002876e-06,1.00000000002876e-06,0.482325,0.472894,0.484066,0.444334,0.457003,0,0,0,0,0,0,0,0,0,0,0.216664,0.235774,0.22767,0.225298,0.249434,0,0,0,0,0,9.99999999995449e-06,9.99999999995449e-06,1.09999999999832e-05,1.09999999999832e-05,9.99999999995449e-06,0.5128,0.54028,0.545255,0.504514,0.541134,0,0,0,0,0,6.99999999997925e-06,6.99999999997925e-06,6.99999999997925e-06,5.99999999995049e-06,6.99999999997925e-06,0.407774,0.423744,0.434881,0.426856,0.437911,0,0,0,0,0,5.99999999995049e-06,5.00000000003276e-06,8.000000000008e-06,6.99999999997925e-06,9.00000000003676e-06,0.338847,0.343482,0.309549,0.330378,0.316653,0,0,0,0,0,0.000812000000000035,0.00161900000000004,0.00446899999999995,0.000318999999999958,0.002413,0.167792,0.165648,0.155701,0.173553,0.180375,0,0,0,0,0,0,0,0,0,0,0.325128,0.378048,0.343891,0.345787,0.369807,0,0,0,0,0,0,0,0,0,0,0.477396,0.513219,0.495647,0.576877,0.535944,0,0,0,0,0,0.000375000000000014,0.000375000000000014,0.000415999999999972,0.000375000000000014,0.000375000000000014,0.36317,0.377839,0.391381,0.388264,0.371079,0,0,0,0,0,4.99999999999945e-05,5.80000000000025e-05,6.7999999999957e-05,6.09999999999777e-05,7.90000000000513e-05,0.513532,0.485237,0.48436,0.502228,0.502601,0.630574,0.600129,0.637957,0.58019,0.623622,0,0,0,0,0,0.188491,0.175632,0.18249,0.176945,0.171945,0,0,0,0,0,0.007938,0.01024,0.00776399999999999,0.00810100000000002,0.00794499999999998,0.528204,0.550676,0.531616,0.499988,0.491622,0,0,0,0,0,0.014052,0.012526,0.014012,0.01371,0.014877,0.0560310000000001,0.054065,0.061077,0.063009,0.057662,0,0,0,0,0,0.00684099999999999,0.00821000000000005,0.00840799999999997,0.00831300000000001,0.00877099999999997,0.022539,0.020337,0.020773,0.019409,0.019415,0,0,0,0,0,0.00284499999999999,0.002888,0.00277099999999997,0.00323700000000005,0.00285800000000003,0.209518,0.225332,0.207973,0.214031,0.202689,0,0,0,0,0,0.014649,0.013247,0.013568,0.013047,0.014317
1,1,1,1,1,0,0,0,0,0,0.044986,0.046078,0.046354,0.0468,0.044553,0.015126,0.015395,0.0155960000000001,0.014802,0.014781,0,0,0,0,0,0.149425,0.152302,0.150649,0.143466,0.148615,1,1,1,1,1,0,0,0,0,0,0.122248,0.11917,0.134414,0.130795,0.138237,0.308147,0.306805,0.295657,0.275856,0.316372,0.253148,0.278523,0.281129,0.280152,0.27646,0.089863,0.084468,0.088647,0.078722,0.085077,0.244435,0.253575,0.253798,0.237905,0.240534,0,0,0,0,0,0.033208,0.030786,0.030917,0.028549,0.031396,0.564311,0.57271,0.630711,0.594144,0.563941,0.447518,0.461405,0.457779,0.439689,0.416606,0.361111,0.35032,0.359119,0.355171,0.323937,0.740966,0.694868,0.749034,0.74977,0.718729,0.0336649999999999,0.0333290000000001,0.030322,0.031447,0.030435,0.112607,0.117887,0.105747,0.118756,0.121525,0.306742,0.301925,0.289016,0.276591,0.302334,0.0910570000000001,0.100963,0.096167,0.097494,0.0897790000000001,0.082068,0.0797600000000001,0.077968,0.083378,0.079628,0.502791,0.494755,0.503768,0.507742,0.499466,0.280526,0.262114,0.304038,0.265095,0.291317,0.01708,0.017583,0.01522,0.015915,0.0144840000000001,1,1,0.978815,1,1,0,0,0,0,0,0.099565,0.103466,0.098822,0.101871,0.10309,0.262685,0.283564,0.279306,0.289641,0.281199,0.305378,0.277966,0.272239,0.253378,0.24497,0.190827,0.214969,0.190131,0.176069,0.20322,0.600986,0.59329,0.578375,0.612149,0.572347,0,0,0,0,0,0.053782,0.064592,0.066693,0.068512,0.063068,0.741738,0.713334,0.764001,0.736371,0.755398,0,0,0,0,0,0.022628,0.025307,0.025014,0.020331,0.022895,0.583318,0.611499,0.57024,0.570986,0.594608,0,0,0,0,0,0.078691,0.079399,0.074053,0.072391,0.0770960000000001,0.587483,0.623683,0.630308,0.59682,0.597463,0,0,0,0,0,0.093807,0.079741,0.078274,0.0888910000000001,0.092492,0.384261,0.358882,0.389796,0.356095,0.356107,0,0,0,0,0,0.031529,0.030559,0.036923,0.034415,0.030508,0.866141,0.864663,0.865203,0.889947,0.869847,0,0,0,0,0,0,0,0,0,0,0.615681,0.64398,0.657279,0.671147,0.582161,0,0,0,0,0,0.121849,0.100803,0.096825,0.097325,0.11748,0.559937,0.593386,0.574177,0.600376,0.572242,0.180959,0.153293,0.185895,0.179786,0.179584,0.133902,0.147254,0.13587,0.13569,0.128519,1,1,1,1,1,0.151741,0.157786,0.133991,0.157159,0.14762,0.135061,0.129845,0.146596,0.148887,0.146138,1,1,1,1,1,0.228079,0.231328,0.221172,0.222223,0.24316,0.108499,0.116338,0.119908,0.105603,0.112119,0.644023,0.661011,0.624986,0.627597,0.621387,0,0,0,0,0,0.058467,0.065228,0.058003,0.066068,0.057516
0.46558,0.489709,0.483128,0.488174,0.471981,0.241335,0.244204,0.236373,0.242213,0.242824,0,0,0,0,0,0.166511,0.151638,0.177092,0.164585,0.162821,0.687074,0.67414,0.62821,0.644593,0.640602,0,0,0,0,0,0.464727,0.516404,0.485235,0.490178,0.475739,0.326311,0.293385,0.300747,0.299018,0.276361,1.00000000002876e-06,0.00238000000000005,0.00219000000000003,0.00256900000000004,0.00580400000000003,0.427395,0.440094,0.471115,0.421166,0.408007,0.931935,0.916016,0.880142,0.868791,0.874905,0.00869500000000001,0.00900800000000002,0.00880999999999998,0.00854699999999997,0.00840799999999997,0.581532,0.572764,0.585464,0.55604,0.530564,0.278844,0.312154,0.295188,0.296881,0.28213,0.00234599999999996,0.00231000000000003,0.00217699999999998,0.00228200000000001,0.00219899999999995,0.394585,0.38641,0.387773,0.391136,0.404151,0,0,0,0,0,0.010249,0.010602,0.010756,0.009988,0.00948000000000004,1,1,1,1,1,0.564762,0.558607,0.596712,0.575233,0.568203,0,0,0,0,0,0.763317,0.768176,0.778213,0.758174,0.721445,0.561618,0.561894,0.582502,0.609561,0.623737,3.2000000000032e-05,3.6000000000036e-05,3.2000000000032e-05,3.10000000000032e-05,2.89999999999457e-05,0.688695,0.693415,0.696882,0.713142,0.735123,0.907521,0.93044,0.865919,0.878767,0.883092,0.00590999999999997,0.00582199999999999,0.00570899999999996,0.00529500000000005,0.00566699999999998,0.584953,0.617935,0.566019,0.601029,0.636216,0.365834,0.384747,0.386043,0.391413,0.393267,0.047241,0.052764,0.048109,0.042135,0.049517,0.764644,0.786077,0.81628,0.802933,0.819499,0.926062,0.939742,0.936033,0.872672,0.946845,0.00887300000000002,0.00868100000000005,0.00955799999999996,0.00997499999999996,0.00982000000000005,0.99532,0.956604,0.994823,0.941065,0.973017,0.163191,0.190334,0.19061,0.167862,0.172673,0.014371,0.016839,0.017166,0.0132679999999999,0.014953,0.398465,0.428221,0.443313,0.441601,0.414531,0.181504,0.165423,0.156318,0.170739,0.173689,0.046011,0.041084,0.042621,0.043281,0.0409,1,1,1,1,1,0.09616,0.099623,0.101554,0.103429,0.116902,0.061013,0.064388,0.054068,0.052662,0.067284,1,1,1,1,1,0.131526,0.120689,0.146518,0.135458,0.140799,0.066629,0.0624209999999999,0.052663,0.064018,0.058947,0.797991,0.802887,0.829773,0.772923,0.82845,0.058634,0.059723,0.054105,0.051851,0.051558,0.00198799999999999,0.002058,0.00188500000000003,0.002108,0.00228700000000004,0.54472,0.521241,0.604664,0.530468,0.581829,0,0,0,0,0,0.00462099999999999,0.00420799999999999,0.00441000000000003,0.00404400000000005,0.00386900000000001,1,1,1,1,1,0.142458,0.141656,0.134625,0.139216,0.142635,0.034863,0.04027,0.041242,0.033687,0.037347,1,1,1,1,1,0,0,0,0,0,0.0417419999999999,0.035695,0.039471,0.04195,0.0368000000000001,0.532345,0.47418,0.520343,0.479545,0.508857,0,0,0,0,0,0.066864,0.0683049999999999,0.057279,0.064751,0.0695480000000001,0.565065,0.600149,0.592261,0.566637,0.553718,0.857257,0.861499,0.877408,0.846521,0.864252,0.026442,0.025816,0.027872,0.028937,0.024268,0.437648,0.436262,0.414989,0.430128,0.431377,0.112002,0.09228,0.110237,0.109264,0.104511,0.0341320000000001,0.035147,0.041596,0.040287,0.038706
0.604599,0.623521,0.61587,0.624294,0.617315,0.0172099999999999,0.015904,0.015943,0.017383,0.016842,0.019868,0.024047,0.022682,0.020808,0.013412,0.056727,0.062894,0.0578920000000001,0.063344,0.0620230000000001,0,0,0,0,0,0.104773,0.115927,0.102701,0.131853,0.110565,0.690481,0.672295,0.634895,0.647949,0.643759,0.013688,0.0141289999999999,0.013245,0.013343,0.015003,0.073708,0.080315,0.079887,0.069774,0.07404,0.109011,0.105987,0.118242,0.121912,0.112505,0.100339,0.100353,0.099122,0.092166,0.094224,0.073689,0.074305,0.076615,0.074735,0.0649420000000001,0.121962,0.13004,0.126811,0.128207,0.144941,0.00871200000000005,0.00870899999999997,0.00835300000000005,0.00814400000000004,0.008876,0.038923,0.032034,0.023927,0.0339120000000001,0.023257,0.48032,0.473614,0.495834,0.489585,0.474298,0.131838,0.129825,0.141058,0.132096,0.124329,0.116972,0.127787,0.134367,0.129505,0.118,0.959346,0.955217,0.908027,0.924643,0.919989,0,0,0,0,0,0.130973,0.109726,0.124721,0.130782,0.125339,0.118832,0.122223,0.132442,0.114519,0.124529,0,0,0,0,0,0.026014,0.028493,0.021499,0.027504,0.0235610000000001,0.309364,0.300668,0.295575,0.302483,0.275727,0.10205,0.111247,0.111754,0.102336,0.097796,0.024108,0.026817,0.022155,0.0275339999999999,0.029816,0.734364,0.708854,0.686966,0.756144,0.731659,0.0127080000000001,0.0139629999999999,0.013228,0.013024,0.013728,0.041846,0.042126,0.045129,0.037882,0.031273,0.162533,0.157039,0.155302,0.16736,0.154727,0.103636,0.105795,0.103757,0.104293,0.107222,0.085726,0.074869,0.078227,0.08409,0.079353,0.684309,0.688808,0.714537,0.674915,0.672638,0.108979,0.098542,0.11732,0.104697,0.107813,0.055513,0.066906,0.054852,0.063983,0.054504,0.446047,0.468526,0.437541,0.464068,0.445895,0.110875,0.122932,0.118192,0.116932,0.100274,0.061528,0.048841,0.053621,0.056419,0.044764,0.754463,0.741351,0.7381,0.710626,0.710615,0.086072,0.0909990000000001,0.085916,0.089301,0.090713,0.030045,0.019535,0.018772,0.027304,0.028332,0.730358,0.73769,0.74928,0.700242,0.725045,0.047418,0.041654,0.045951,0.039012,0.049019,0.136102,0.113447,0.119631,0.119929,0.107091,0.339939,0.309252,0.338509,0.341892,0.346042,0.0500969999999999,0.0525640000000001,0.04954,0.048175,0.053608,0.038875,0.045797,0.040061,0.058823,0.034614,0.601494,0.672677,0.592937,0.595016,0.599213,0,0,0,0,0,0.00591799999999998,0.00454699999999997,0.00455300000000003,0.00549999999999995,0.00394499999999998,0.760779,0.790052,0.778154,0.75544,0.750665,0.013903,0.014504,0.014479,0.013033,0.0148740000000001,0.049789,0.041645,0.0509579999999999,0.04309,0.045445,0.682386,0.645727,0.66939,0.621584,0.622742,0,0,0,0,0,0.090485,0.080396,0.083169,0.0834859999999999,0.087217,0.740844,0.755717,0.699406,0.750843,0.70738,0,0,0,0,0,0.0275339999999999,0.038969,0.038984,0.034763,0.044551,0.756976,0.736605,0.767545,0.757077,0.74479,0.117478,0.112181,0.110391,0.106239,0.111289,0.055385,0.051841,0.048459,0.054444,0.06057,0.403492,0.406692,0.380468,0.389714,0.396725,0.03077,0.031493,0.030396,0.0346880000000001,0.03525,0.049003,0.042017,0.044208,0.027634,0.052877
0.037791,0.038471,0.04212,0.039887,0.035473,0,0,0,0,0,0.00124599999999997,0.00114599999999998,0.00113099999999999,0.00127100000000002,0.00133899999999998,0.380828,0.386459,0.393535,0.387626,0.394294,0.255094,0.265427,0.26064,0.247971,0.244201,0.0232059999999999,0.015656,0.016234,0.015897,0.017543,0.032968,0.033026,0.029886,0.031538,0.032211,0,0,0,0,0,0.014534,0.015534,0.011592,0.011365,0.015962,0.068468,0.063294,0.047327,0.056295,0.064724,0,0,0,0,0,0.041998,0.0431550000000001,0.047342,0.048122,0.04728,0.042774,0.047318,0.043887,0.042036,0.043988,0.224381,0.216569,0.221172,0.212391,0.238283,0.012836,0.0126540000000001,0.012344,0.010852,0.012274,0.277571,0.214434,0.240353,0.287439,0.250755,0.175409,0.183136,0.172141,0.178732,0.170047,0.03899,0.038368,0.04744,0.048923,0.045818,0.127902,0.113872,0.13937,0.136396,0.134711,0.099155,0.119403,0.09842,0.109305,0.106812,0,0,0,0,0,0.039653,0.041214,0.0409890000000001,0.040542,0.0385219999999999,0,0,0,0,0,0,0,0,0,0,0.325385,0.322547,0.316948,0.307559,0.321587,0,0,0,0,0,0.001556,0.00166999999999995,0.001803,0.001911,0.00172799999999995,0.058441,0.060643,0.063186,0.050146,0.051298,0.057458,0.057372,0.062469,0.055621,0.057675,0.063845,0.065192,0.065364,0.074231,0.062617,0.021967,0.0217540000000001,0.0214220000000001,0.018985,0.017195,0,0,0,0,0,0.023878,0.019552,0.021922,0.020562,0.019822,0.079626,0.074842,0.078539,0.064418,0.0722699999999999,0.066782,0.0679149999999999,0.064632,0.0627529999999999,0.070886,0.073703,0.07964,0.078137,0.0729649999999999,0.066871,0.051436,0.0447380000000001,0.046613,0.038234,0.047812,0,0,0,0,0,0.00422999999999996,0.00479799999999997,0.00463599999999997,0.00350399999999995,0.00574699999999995,0.093688,0.115963,0.112501,0.097755,0.101617,0,0,0,0,0,0.030791,0.037177,0.03071,0.033656,0.038018,0.031312,0.028291,0.02727,0.032363,0.031238,0.052619,0.04795,0.049069,0.061414,0.055267,0.04005,0.033739,0.041729,0.040592,0.033729,0.144793,0.137263,0.144218,0.144329,0.133503,0.171222,0.193748,0.19729,0.170556,0.179214,0.01657,0.014787,0.01244,0.013545,0.013305,0.048911,0.036705,0.04769,0.0434020000000001,0.050112,0.069094,0.062999,0.071141,0.065729,0.06454,0.001197,0.00118300000000005,0.00121899999999997,0.00136099999999995,0.00126700000000002,0.041692,0.0436800000000001,0.038004,0.0478690000000001,0.044095,0,0,0,0,0,0.015296,0.018095,0.01681,0.016394,0.019111,0.054284,0.053584,0.067191,0.077647,0.053606,0,0,0,0,0,0.084874,0.068145,0.074995,0.079809,0.088829,0.083396,0.081108,0.087457,0.079178,0.094267,0.127222,0.109109,0.120674,0.121697,0.121104,0.089775,0.088166,0.073573,0.0750999999999999,0.076466,0.026462,0.020881,0.026095,0.023451,0.021183,0,0,0,0,0,0.0124880000000001,0.010588,0.010487,0.00886500000000001,0.012468,0.037736,0.034596,0.034987,0.044018,0.03327,0.050283,0.045607,0.049743,0.051181,0.051876,0.070753,0.066239,0.066839,0.060887,0.060314
