"rand1.TORPEDO.FUSCOMACULATA_PA1_RUN1_GAM","rand2.TORPEDO.FUSCOMACULATA_PA1_RUN1_GAM","rand3.TORPEDO.FUSCOMACULATA_PA1_RUN1_GAM","rand4.TORPEDO.FUSCOMACULATA_PA1_RUN1_GAM","rand5.TORPEDO.FUSCOMACULATA_PA1_RUN1_GAM","rand1.TORPEDO.FUSCOMACULATA_PA1_RUN1_GLM","rand2.TORPEDO.FUSCOMACULATA_PA1_RUN1_GLM","rand3.TORPEDO.FUSCOMACULATA_PA1_RUN1_GLM","rand4.TORPEDO.FUSCOMACULATA_PA1_RUN1_GLM","rand5.TORPEDO.FUSCOMACULATA_PA1_RUN1_GLM","rand1.TORPEDO.FUSCOMACULATA_PA1_RUN1_MAXENT.Phillips","rand2.TORPEDO.FUSCOMACULATA_PA1_RUN1_MAXENT.Phillips","rand3.TORPEDO.FUSCOMACULATA_PA1_RUN1_MAXENT.Phillips","rand4.TORPEDO.FUSCOMACULATA_PA1_RUN1_MAXENT.Phillips","rand5.TORPEDO.FUSCOMACULATA_PA1_RUN1_MAXENT.Phillips","rand1.TORPEDO.FUSCOMACULATA_PA1_RUN2_GAM","rand2.TORPEDO.FUSCOMACULATA_PA1_RUN2_GAM","rand3.TORPEDO.FUSCOMACULATA_PA1_RUN2_GAM","rand4.TORPEDO.FUSCOMACULATA_PA1_RUN2_GAM","rand5.TORPEDO.FUSCOMACULATA_PA1_RUN2_GAM","rand1.TORPEDO.FUSCOMACULATA_PA1_RUN2_GLM","rand2.TORPEDO.FUSCOMACULATA_PA1_RUN2_GLM","rand3.TORPEDO.FUSCOMACULATA_PA1_RUN2_GLM","rand4.TORPEDO.FUSCOMACULATA_PA1_RUN2_GLM","rand5.TORPEDO.FUSCOMACULATA_PA1_RUN2_GLM","rand1.TORPEDO.FUSCOMACULATA_PA1_RUN2_MAXENT.Phillips","rand2.TORPEDO.FUSCOMACULATA_PA1_RUN2_MAXENT.Phillips","rand3.TORPEDO.FUSCOMACULATA_PA1_RUN2_MAXENT.Phillips","rand4.TORPEDO.FUSCOMACULATA_PA1_RUN2_MAXENT.Phillips","rand5.TORPEDO.FUSCOMACULATA_PA1_RUN2_MAXENT.Phillips","rand1.TORPEDO.FUSCOMACULATA_PA1_RUN3_GAM","rand2.TORPEDO.FUSCOMACULATA_PA1_RUN3_GAM","rand3.TORPEDO.FUSCOMACULATA_PA1_RUN3_GAM","rand4.TORPEDO.FUSCOMACULATA_PA1_RUN3_GAM","rand5.TORPEDO.FUSCOMACULATA_PA1_RUN3_GAM","rand1.TORPEDO.FUSCOMACULATA_PA1_RUN3_GLM","rand2.TORPEDO.FUSCOMACULATA_PA1_RUN3_GLM","rand3.TORPEDO.FUSCOMACULATA_PA1_RUN3_GLM","rand4.TORPEDO.FUSCOMACULATA_PA1_RUN3_GLM","rand5.TORPEDO.FUSCOMACULATA_PA1_RUN3_GLM","rand1.TORPEDO.FUSCOMACULATA_PA1_RUN3_MAXENT.Phillips","rand2.TORPEDO.FUSCOMACULATA_PA1_RUN3_MAXENT.Phillips","rand3.TORPEDO.FUSCOMACULATA_PA1_RUN3_MAXENT.Phillips","rand4.TORPEDO.FUSCOMACULATA_PA1_RUN3_MAXENT.Phillips","rand5.TORPEDO.FUSCOMACULATA_PA1_RUN3_MAXENT.Phillips","rand1.TORPEDO.FUSCOMACULATA_PA1_RUN4_GAM","rand2.TORPEDO.FUSCOMACULATA_PA1_RUN4_GAM","rand3.TORPEDO.FUSCOMACULATA_PA1_RUN4_GAM","rand4.TORPEDO.FUSCOMACULATA_PA1_RUN4_GAM","rand5.TORPEDO.FUSCOMACULATA_PA1_RUN4_GAM","rand1.TORPEDO.FUSCOMACULATA_PA1_RUN4_GLM","rand2.TORPEDO.FUSCOMACULATA_PA1_RUN4_GLM","rand3.TORPEDO.FUSCOMACULATA_PA1_RUN4_GLM","rand4.TORPEDO.FUSCOMACULATA_PA1_RUN4_GLM","rand5.TORPEDO.FUSCOMACULATA_PA1_RUN4_GLM","rand1.TORPEDO.FUSCOMACULATA_PA1_RUN4_MAXENT.Phillips","rand2.TORPEDO.FUSCOMACULATA_PA1_RUN4_MAXENT.Phillips","rand3.TORPEDO.FUSCOMACULATA_PA1_RUN4_MAXENT.Phillips","rand4.TORPEDO.FUSCOMACULATA_PA1_RUN4_MAXENT.Phillips","rand5.TORPEDO.FUSCOMACULATA_PA1_RUN4_MAXENT.Phillips","rand1.TORPEDO.FUSCOMACULATA_PA1_RUN5_GAM","rand2.TORPEDO.FUSCOMACULATA_PA1_RUN5_GAM","rand3.TORPEDO.FUSCOMACULATA_PA1_RUN5_GAM","rand4.TORPEDO.FUSCOMACULATA_PA1_RUN5_GAM","rand5.TORPEDO.FUSCOMACULATA_PA1_RUN5_GAM","rand1.TORPEDO.FUSCOMACULATA_PA1_RUN5_GLM","rand2.TORPEDO.FUSCOMACULATA_PA1_RUN5_GLM","rand3.TORPEDO.FUSCOMACULATA_PA1_RUN5_GLM","rand4.TORPEDO.FUSCOMACULATA_PA1_RUN5_GLM","rand5.TORPEDO.FUSCOMACULATA_PA1_RUN5_GLM","rand1.TORPEDO.FUSCOMACULATA_PA1_RUN5_MAXENT.Phillips","rand2.TORPEDO.FUSCOMACULATA_PA1_RUN5_MAXENT.Phillips","rand3.TORPEDO.FUSCOMACULATA_PA1_RUN5_MAXENT.Phillips","rand4.TORPEDO.FUSCOMACULATA_PA1_RUN5_MAXENT.Phillips","rand5.TORPEDO.FUSCOMACULATA_PA1_RUN5_MAXENT.Phillips","rand1.TORPEDO.FUSCOMACULATA_PA1_RUN6_GAM","rand2.TORPEDO.FUSCOMACULATA_PA1_RUN6_GAM","rand3.TORPEDO.FUSCOMACULATA_PA1_RUN6_GAM","rand4.TORPEDO.FUSCOMACULATA_PA1_RUN6_GAM","rand5.TORPEDO.FUSCOMACULATA_PA1_RUN6_GAM","rand1.TORPEDO.FUSCOMACULATA_PA1_RUN6_GLM","rand2.TORPEDO.FUSCOMACULATA_PA1_RUN6_GLM","rand3.TORPEDO.FUSCOMACULATA_PA1_RUN6_GLM","rand4.TORPEDO.FUSCOMACULATA_PA1_RUN6_GLM","rand5.TORPEDO.FUSCOMACULATA_PA1_RUN6_GLM","rand1.TORPEDO.FUSCOMACULATA_PA1_RUN6_MAXENT.Phillips","rand2.TORPEDO.FUSCOMACULATA_PA1_RUN6_MAXENT.Phillips","rand3.TORPEDO.FUSCOMACULATA_PA1_RUN6_MAXENT.Phillips","rand4.TORPEDO.FUSCOMACULATA_PA1_RUN6_MAXENT.Phillips","rand5.TORPEDO.FUSCOMACULATA_PA1_RUN6_MAXENT.Phillips","rand1.TORPEDO.FUSCOMACULATA_PA1_RUN7_GAM","rand2.TORPEDO.FUSCOMACULATA_PA1_RUN7_GAM","rand3.TORPEDO.FUSCOMACULATA_PA1_RUN7_GAM","rand4.TORPEDO.FUSCOMACULATA_PA1_RUN7_GAM","rand5.TORPEDO.FUSCOMACULATA_PA1_RUN7_GAM","rand1.TORPEDO.FUSCOMACULATA_PA1_RUN7_GLM","rand2.TORPEDO.FUSCOMACULATA_PA1_RUN7_GLM","rand3.TORPEDO.FUSCOMACULATA_PA1_RUN7_GLM","rand4.TORPEDO.FUSCOMACULATA_PA1_RUN7_GLM","rand5.TORPEDO.FUSCOMACULATA_PA1_RUN7_GLM","rand1.TORPEDO.FUSCOMACULATA_PA1_RUN7_MAXENT.Phillips","rand2.TORPEDO.FUSCOMACULATA_PA1_RUN7_MAXENT.Phillips","rand3.TORPEDO.FUSCOMACULATA_PA1_RUN7_MAXENT.Phillips","rand4.TORPEDO.FUSCOMACULATA_PA1_RUN7_MAXENT.Phillips","rand5.TORPEDO.FUSCOMACULATA_PA1_RUN7_MAXENT.Phillips","rand1.TORPEDO.FUSCOMACULATA_PA1_RUN8_GAM","rand2.TORPEDO.FUSCOMACULATA_PA1_RUN8_GAM","rand3.TORPEDO.FUSCOMACULATA_PA1_RUN8_GAM","rand4.TORPEDO.FUSCOMACULATA_PA1_RUN8_GAM","rand5.TORPEDO.FUSCOMACULATA_PA1_RUN8_GAM","rand1.TORPEDO.FUSCOMACULATA_PA1_RUN8_GLM","rand2.TORPEDO.FUSCOMACULATA_PA1_RUN8_GLM","rand3.TORPEDO.FUSCOMACULATA_PA1_RUN8_GLM","rand4.TORPEDO.FUSCOMACULATA_PA1_RUN8_GLM","rand5.TORPEDO.FUSCOMACULATA_PA1_RUN8_GLM","rand1.TORPEDO.FUSCOMACULATA_PA1_RUN8_MAXENT.Phillips","rand2.TORPEDO.FUSCOMACULATA_PA1_RUN8_MAXENT.Phillips","rand3.TORPEDO.FUSCOMACULATA_PA1_RUN8_MAXENT.Phillips","rand4.TORPEDO.FUSCOMACULATA_PA1_RUN8_MAXENT.Phillips","rand5.TORPEDO.FUSCOMACULATA_PA1_RUN8_MAXENT.Phillips","rand1.TORPEDO.FUSCOMACULATA_PA1_RUN9_GAM","rand2.TORPEDO.FUSCOMACULATA_PA1_RUN9_GAM","rand3.TORPEDO.FUSCOMACULATA_PA1_RUN9_GAM","rand4.TORPEDO.FUSCOMACULATA_PA1_RUN9_GAM","rand5.TORPEDO.FUSCOMACULATA_PA1_RUN9_GAM","rand1.TORPEDO.FUSCOMACULATA_PA1_RUN9_GLM","rand2.TORPEDO.FUSCOMACULATA_PA1_RUN9_GLM","rand3.TORPEDO.FUSCOMACULATA_PA1_RUN9_GLM","rand4.TORPEDO.FUSCOMACULATA_PA1_RUN9_GLM","rand5.TORPEDO.FUSCOMACULATA_PA1_RUN9_GLM","rand1.TORPEDO.FUSCOMACULATA_PA1_RUN9_MAXENT.Phillips","rand2.TORPEDO.FUSCOMACULATA_PA1_RUN9_MAXENT.Phillips","rand3.TORPEDO.FUSCOMACULATA_PA1_RUN9_MAXENT.Phillips","rand4.TORPEDO.FUSCOMACULATA_PA1_RUN9_MAXENT.Phillips","rand5.TORPEDO.FUSCOMACULATA_PA1_RUN9_MAXENT.Phillips","rand1.TORPEDO.FUSCOMACULATA_PA1_RUN10_GAM","rand2.TORPEDO.FUSCOMACULATA_PA1_RUN10_GAM","rand3.TORPEDO.FUSCOMACULATA_PA1_RUN10_GAM","rand4.TORPEDO.FUSCOMACULATA_PA1_RUN10_GAM","rand5.TORPEDO.FUSCOMACULATA_PA1_RUN10_GAM","rand1.TORPEDO.FUSCOMACULATA_PA1_RUN10_GLM","rand2.TORPEDO.FUSCOMACULATA_PA1_RUN10_GLM","rand3.TORPEDO.FUSCOMACULATA_PA1_RUN10_GLM","rand4.TORPEDO.FUSCOMACULATA_PA1_RUN10_GLM","rand5.TORPEDO.FUSCOMACULATA_PA1_RUN10_GLM","rand1.TORPEDO.FUSCOMACULATA_PA1_RUN10_MAXENT.Phillips","rand2.TORPEDO.FUSCOMACULATA_PA1_RUN10_MAXENT.Phillips","rand3.TORPEDO.FUSCOMACULATA_PA1_RUN10_MAXENT.Phillips","rand4.TORPEDO.FUSCOMACULATA_PA1_RUN10_MAXENT.Phillips","rand5.TORPEDO.FUSCOMACULATA_PA1_RUN10_MAXENT.Phillips","rand1.TORPEDO.FUSCOMACULATA_PA1_Full_GAM","rand2.TORPEDO.FUSCOMACULATA_PA1_Full_GAM","rand3.TORPEDO.FUSCOMACULATA_PA1_Full_GAM","rand4.TORPEDO.FUSCOMACULATA_PA1_Full_GAM","rand5.TORPEDO.FUSCOMACULATA_PA1_Full_GAM","rand1.TORPEDO.FUSCOMACULATA_PA1_Full_GLM","rand2.TORPEDO.FUSCOMACULATA_PA1_Full_GLM","rand3.TORPEDO.FUSCOMACULATA_PA1_Full_GLM","rand4.TORPEDO.FUSCOMACULATA_PA1_Full_GLM","rand5.TORPEDO.FUSCOMACULATA_PA1_Full_GLM","rand1.TORPEDO.FUSCOMACULATA_PA1_Full_MAXENT.Phillips","rand2.TORPEDO.FUSCOMACULATA_PA1_Full_MAXENT.Phillips","rand3.TORPEDO.FUSCOMACULATA_PA1_Full_MAXENT.Phillips","rand4.TORPEDO.FUSCOMACULATA_PA1_Full_MAXENT.Phillips","rand5.TORPEDO.FUSCOMACULATA_PA1_Full_MAXENT.Phillips","rand1.TORPEDO.FUSCOMACULATA_PA2_RUN1_GAM","rand2.TORPEDO.FUSCOMACULATA_PA2_RUN1_GAM","rand3.TORPEDO.FUSCOMACULATA_PA2_RUN1_GAM","rand4.TORPEDO.FUSCOMACULATA_PA2_RUN1_GAM","rand5.TORPEDO.FUSCOMACULATA_PA2_RUN1_GAM","rand1.TORPEDO.FUSCOMACULATA_PA2_RUN1_GLM","rand2.TORPEDO.FUSCOMACULATA_PA2_RUN1_GLM","rand3.TORPEDO.FUSCOMACULATA_PA2_RUN1_GLM","rand4.TORPEDO.FUSCOMACULATA_PA2_RUN1_GLM","rand5.TORPEDO.FUSCOMACULATA_PA2_RUN1_GLM","rand1.TORPEDO.FUSCOMACULATA_PA2_RUN1_MAXENT.Phillips","rand2.TORPEDO.FUSCOMACULATA_PA2_RUN1_MAXENT.Phillips","rand3.TORPEDO.FUSCOMACULATA_PA2_RUN1_MAXENT.Phillips","rand4.TORPEDO.FUSCOMACULATA_PA2_RUN1_MAXENT.Phillips","rand5.TORPEDO.FUSCOMACULATA_PA2_RUN1_MAXENT.Phillips","rand1.TORPEDO.FUSCOMACULATA_PA2_RUN2_GAM","rand2.TORPEDO.FUSCOMACULATA_PA2_RUN2_GAM","rand3.TORPEDO.FUSCOMACULATA_PA2_RUN2_GAM","rand4.TORPEDO.FUSCOMACULATA_PA2_RUN2_GAM","rand5.TORPEDO.FUSCOMACULATA_PA2_RUN2_GAM","rand1.TORPEDO.FUSCOMACULATA_PA2_RUN2_GLM","rand2.TORPEDO.FUSCOMACULATA_PA2_RUN2_GLM","rand3.TORPEDO.FUSCOMACULATA_PA2_RUN2_GLM","rand4.TORPEDO.FUSCOMACULATA_PA2_RUN2_GLM","rand5.TORPEDO.FUSCOMACULATA_PA2_RUN2_GLM","rand1.TORPEDO.FUSCOMACULATA_PA2_RUN2_MAXENT.Phillips","rand2.TORPEDO.FUSCOMACULATA_PA2_RUN2_MAXENT.Phillips","rand3.TORPEDO.FUSCOMACULATA_PA2_RUN2_MAXENT.Phillips","rand4.TORPEDO.FUSCOMACULATA_PA2_RUN2_MAXENT.Phillips","rand5.TORPEDO.FUSCOMACULATA_PA2_RUN2_MAXENT.Phillips","rand1.TORPEDO.FUSCOMACULATA_PA2_RUN3_GAM","rand2.TORPEDO.FUSCOMACULATA_PA2_RUN3_GAM","rand3.TORPEDO.FUSCOMACULATA_PA2_RUN3_GAM","rand4.TORPEDO.FUSCOMACULATA_PA2_RUN3_GAM","rand5.TORPEDO.FUSCOMACULATA_PA2_RUN3_GAM","rand1.TORPEDO.FUSCOMACULATA_PA2_RUN3_GLM","rand2.TORPEDO.FUSCOMACULATA_PA2_RUN3_GLM","rand3.TORPEDO.FUSCOMACULATA_PA2_RUN3_GLM","rand4.TORPEDO.FUSCOMACULATA_PA2_RUN3_GLM","rand5.TORPEDO.FUSCOMACULATA_PA2_RUN3_GLM","rand1.TORPEDO.FUSCOMACULATA_PA2_RUN3_MAXENT.Phillips","rand2.TORPEDO.FUSCOMACULATA_PA2_RUN3_MAXENT.Phillips","rand3.TORPEDO.FUSCOMACULATA_PA2_RUN3_MAXENT.Phillips","rand4.TORPEDO.FUSCOMACULATA_PA2_RUN3_MAXENT.Phillips","rand5.TORPEDO.FUSCOMACULATA_PA2_RUN3_MAXENT.Phillips","rand1.TORPEDO.FUSCOMACULATA_PA2_RUN4_GAM","rand2.TORPEDO.FUSCOMACULATA_PA2_RUN4_GAM","rand3.TORPEDO.FUSCOMACULATA_PA2_RUN4_GAM","rand4.TORPEDO.FUSCOMACULATA_PA2_RUN4_GAM","rand5.TORPEDO.FUSCOMACULATA_PA2_RUN4_GAM","rand1.TORPEDO.FUSCOMACULATA_PA2_RUN4_GLM","rand2.TORPEDO.FUSCOMACULATA_PA2_RUN4_GLM","rand3.TORPEDO.FUSCOMACULATA_PA2_RUN4_GLM","rand4.TORPEDO.FUSCOMACULATA_PA2_RUN4_GLM","rand5.TORPEDO.FUSCOMACULATA_PA2_RUN4_GLM","rand1.TORPEDO.FUSCOMACULATA_PA2_RUN4_MAXENT.Phillips","rand2.TORPEDO.FUSCOMACULATA_PA2_RUN4_MAXENT.Phillips","rand3.TORPEDO.FUSCOMACULATA_PA2_RUN4_MAXENT.Phillips","rand4.TORPEDO.FUSCOMACULATA_PA2_RUN4_MAXENT.Phillips","rand5.TORPEDO.FUSCOMACULATA_PA2_RUN4_MAXENT.Phillips","rand1.TORPEDO.FUSCOMACULATA_PA2_RUN5_GAM","rand2.TORPEDO.FUSCOMACULATA_PA2_RUN5_GAM","rand3.TORPEDO.FUSCOMACULATA_PA2_RUN5_GAM","rand4.TORPEDO.FUSCOMACULATA_PA2_RUN5_GAM","rand5.TORPEDO.FUSCOMACULATA_PA2_RUN5_GAM","rand1.TORPEDO.FUSCOMACULATA_PA2_RUN5_GLM","rand2.TORPEDO.FUSCOMACULATA_PA2_RUN5_GLM","rand3.TORPEDO.FUSCOMACULATA_PA2_RUN5_GLM","rand4.TORPEDO.FUSCOMACULATA_PA2_RUN5_GLM","rand5.TORPEDO.FUSCOMACULATA_PA2_RUN5_GLM","rand1.TORPEDO.FUSCOMACULATA_PA2_RUN5_MAXENT.Phillips","rand2.TORPEDO.FUSCOMACULATA_PA2_RUN5_MAXENT.Phillips","rand3.TORPEDO.FUSCOMACULATA_PA2_RUN5_MAXENT.Phillips","rand4.TORPEDO.FUSCOMACULATA_PA2_RUN5_MAXENT.Phillips","rand5.TORPEDO.FUSCOMACULATA_PA2_RUN5_MAXENT.Phillips","rand1.TORPEDO.FUSCOMACULATA_PA2_RUN6_GAM","rand2.TORPEDO.FUSCOMACULATA_PA2_RUN6_GAM","rand3.TORPEDO.FUSCOMACULATA_PA2_RUN6_GAM","rand4.TORPEDO.FUSCOMACULATA_PA2_RUN6_GAM","rand5.TORPEDO.FUSCOMACULATA_PA2_RUN6_GAM","rand1.TORPEDO.FUSCOMACULATA_PA2_RUN6_GLM","rand2.TORPEDO.FUSCOMACULATA_PA2_RUN6_GLM","rand3.TORPEDO.FUSCOMACULATA_PA2_RUN6_GLM","rand4.TORPEDO.FUSCOMACULATA_PA2_RUN6_GLM","rand5.TORPEDO.FUSCOMACULATA_PA2_RUN6_GLM","rand1.TORPEDO.FUSCOMACULATA_PA2_RUN6_MAXENT.Phillips","rand2.TORPEDO.FUSCOMACULATA_PA2_RUN6_MAXENT.Phillips","rand3.TORPEDO.FUSCOMACULATA_PA2_RUN6_MAXENT.Phillips","rand4.TORPEDO.FUSCOMACULATA_PA2_RUN6_MAXENT.Phillips","rand5.TORPEDO.FUSCOMACULATA_PA2_RUN6_MAXENT.Phillips","rand1.TORPEDO.FUSCOMACULATA_PA2_RUN7_GAM","rand2.TORPEDO.FUSCOMACULATA_PA2_RUN7_GAM","rand3.TORPEDO.FUSCOMACULATA_PA2_RUN7_GAM","rand4.TORPEDO.FUSCOMACULATA_PA2_RUN7_GAM","rand5.TORPEDO.FUSCOMACULATA_PA2_RUN7_GAM","rand1.TORPEDO.FUSCOMACULATA_PA2_RUN7_GLM","rand2.TORPEDO.FUSCOMACULATA_PA2_RUN7_GLM","rand3.TORPEDO.FUSCOMACULATA_PA2_RUN7_GLM","rand4.TORPEDO.FUSCOMACULATA_PA2_RUN7_GLM","rand5.TORPEDO.FUSCOMACULATA_PA2_RUN7_GLM","rand1.TORPEDO.FUSCOMACULATA_PA2_RUN7_MAXENT.Phillips","rand2.TORPEDO.FUSCOMACULATA_PA2_RUN7_MAXENT.Phillips","rand3.TORPEDO.FUSCOMACULATA_PA2_RUN7_MAXENT.Phillips","rand4.TORPEDO.FUSCOMACULATA_PA2_RUN7_MAXENT.Phillips","rand5.TORPEDO.FUSCOMACULATA_PA2_RUN7_MAXENT.Phillips","rand1.TORPEDO.FUSCOMACULATA_PA2_RUN8_GAM","rand2.TORPEDO.FUSCOMACULATA_PA2_RUN8_GAM","rand3.TORPEDO.FUSCOMACULATA_PA2_RUN8_GAM","rand4.TORPEDO.FUSCOMACULATA_PA2_RUN8_GAM","rand5.TORPEDO.FUSCOMACULATA_PA2_RUN8_GAM","rand1.TORPEDO.FUSCOMACULATA_PA2_RUN8_GLM","rand2.TORPEDO.FUSCOMACULATA_PA2_RUN8_GLM","rand3.TORPEDO.FUSCOMACULATA_PA2_RUN8_GLM","rand4.TORPEDO.FUSCOMACULATA_PA2_RUN8_GLM","rand5.TORPEDO.FUSCOMACULATA_PA2_RUN8_GLM","rand1.TORPEDO.FUSCOMACULATA_PA2_RUN8_MAXENT.Phillips","rand2.TORPEDO.FUSCOMACULATA_PA2_RUN8_MAXENT.Phillips","rand3.TORPEDO.FUSCOMACULATA_PA2_RUN8_MAXENT.Phillips","rand4.TORPEDO.FUSCOMACULATA_PA2_RUN8_MAXENT.Phillips","rand5.TORPEDO.FUSCOMACULATA_PA2_RUN8_MAXENT.Phillips","rand1.TORPEDO.FUSCOMACULATA_PA2_RUN9_GAM","rand2.TORPEDO.FUSCOMACULATA_PA2_RUN9_GAM","rand3.TORPEDO.FUSCOMACULATA_PA2_RUN9_GAM","rand4.TORPEDO.FUSCOMACULATA_PA2_RUN9_GAM","rand5.TORPEDO.FUSCOMACULATA_PA2_RUN9_GAM","rand1.TORPEDO.FUSCOMACULATA_PA2_RUN9_GLM","rand2.TORPEDO.FUSCOMACULATA_PA2_RUN9_GLM","rand3.TORPEDO.FUSCOMACULATA_PA2_RUN9_GLM","rand4.TORPEDO.FUSCOMACULATA_PA2_RUN9_GLM","rand5.TORPEDO.FUSCOMACULATA_PA2_RUN9_GLM","rand1.TORPEDO.FUSCOMACULATA_PA2_RUN9_MAXENT.Phillips","rand2.TORPEDO.FUSCOMACULATA_PA2_RUN9_MAXENT.Phillips","rand3.TORPEDO.FUSCOMACULATA_PA2_RUN9_MAXENT.Phillips","rand4.TORPEDO.FUSCOMACULATA_PA2_RUN9_MAXENT.Phillips","rand5.TORPEDO.FUSCOMACULATA_PA2_RUN9_MAXENT.Phillips","rand1.TORPEDO.FUSCOMACULATA_PA2_RUN10_GAM","rand2.TORPEDO.FUSCOMACULATA_PA2_RUN10_GAM","rand3.TORPEDO.FUSCOMACULATA_PA2_RUN10_GAM","rand4.TORPEDO.FUSCOMACULATA_PA2_RUN10_GAM","rand5.TORPEDO.FUSCOMACULATA_PA2_RUN10_GAM","rand1.TORPEDO.FUSCOMACULATA_PA2_RUN10_GLM","rand2.TORPEDO.FUSCOMACULATA_PA2_RUN10_GLM","rand3.TORPEDO.FUSCOMACULATA_PA2_RUN10_GLM","rand4.TORPEDO.FUSCOMACULATA_PA2_RUN10_GLM","rand5.TORPEDO.FUSCOMACULATA_PA2_RUN10_GLM","rand1.TORPEDO.FUSCOMACULATA_PA2_RUN10_MAXENT.Phillips","rand2.TORPEDO.FUSCOMACULATA_PA2_RUN10_MAXENT.Phillips","rand3.TORPEDO.FUSCOMACULATA_PA2_RUN10_MAXENT.Phillips","rand4.TORPEDO.FUSCOMACULATA_PA2_RUN10_MAXENT.Phillips","rand5.TORPEDO.FUSCOMACULATA_PA2_RUN10_MAXENT.Phillips","rand1.TORPEDO.FUSCOMACULATA_PA2_Full_GAM","rand2.TORPEDO.FUSCOMACULATA_PA2_Full_GAM","rand3.TORPEDO.FUSCOMACULATA_PA2_Full_GAM","rand4.TORPEDO.FUSCOMACULATA_PA2_Full_GAM","rand5.TORPEDO.FUSCOMACULATA_PA2_Full_GAM","rand1.TORPEDO.FUSCOMACULATA_PA2_Full_GLM","rand2.TORPEDO.FUSCOMACULATA_PA2_Full_GLM","rand3.TORPEDO.FUSCOMACULATA_PA2_Full_GLM","rand4.TORPEDO.FUSCOMACULATA_PA2_Full_GLM","rand5.TORPEDO.FUSCOMACULATA_PA2_Full_GLM","rand1.TORPEDO.FUSCOMACULATA_PA2_Full_MAXENT.Phillips","rand2.TORPEDO.FUSCOMACULATA_PA2_Full_MAXENT.Phillips","rand3.TORPEDO.FUSCOMACULATA_PA2_Full_MAXENT.Phillips","rand4.TORPEDO.FUSCOMACULATA_PA2_Full_MAXENT.Phillips","rand5.TORPEDO.FUSCOMACULATA_PA2_Full_MAXENT.Phillips"
0.767354,0.664193,0.644319,0.62649,0.719303,0.048153,0.050725,0.053508,0.05253,0.056763,0.110464,0.077612,0.082292,0.087039,0.077462,0.649157,0.770489,0.727004,0.689025,0.746007,0.52393,0.511866,0.61578,0.538061,0.521459,0.105218,0.135276,0.102648,0.121005,0.090979,0.56646,0.511499,0.537254,0.506916,0.517889,0.212146,0.177974,0.193823,0.19766,0.205754,0.049523,0.061825,0.065092,0.070936,0.059366,0.809781,0.814249,0.842228,0.849877,0.789812,0.260197,0.236129,0.235451,0.253124,0.247613,0.163115,0.133571,0.155311,0.144314,0.147726,0.703912,0.746408,0.744565,0.801245,0.608531,0.701029,0.58789,0.679685,0.625349,0.568988,0.236086,0.26844,0.293934,0.257378,0.222021,0.762952,0.81195,0.813884,0.83708,0.778836,0.653194,0.678941,0.723705,0.726422,0.697239,0.242041,0.2332,0.226141,0.24429,0.217454,0.83252,0.847402,0.840803,0.953469,0.817733,0.873775,0.775584,0.902081,0.841176,0.770483,0.237363,0.245764,0.236156,0.254104,0.335082,0.316446,0.286223,0.303716,0.295052,0.25602,0.903289,0.874106,0.873028,0.92576,0.817932,0.126998,0.164715,0.111191,0.13329,0.107368,0.053216,0.046978,0.056643,0.07411,0.061297,0,0,0,0,0,0.330251,0.330823,0.368123,0.414944,0.337073,0.793303,0.835034,0.714592,0.796499,0.77511,0.586008,0.798269,0.659211,0.744534,0.719426,0.237847,0.216759,0.260568,0.225578,0.232103,0.916458,0.903501,0.989488,0.978054,0.878676,0.207743,0.197679,0.224124,0.208776,0.242726,0.138996,0.121981,0.137137,0.153286,0.142688,0.108877,0.109199,0.100688,0.135443,0.0952730000000001,0.299601,0.279008,0.289081,0.254297,0.213485,0.343824,0.335455,0.363836,0.386086,0.367589,0.012281,0.013516,0.00985999999999998,0.03678,0.019409,0.144323,0.148514,0.137758,0.16603,0.145304,0.343196,0.434377,0.441182,0.352775,0.41592,0.788786,0.76334,0.668968,0.718307,0.719947,0,0,0,0,0,0.240072,0.257411,0.266225,0.290414,0.290784,1,0.975687,1,0.915256,1,0.312853,0.303399,0.306641,0.275175,0.341238,0.430429,0.501242,0.453657,0.477852,0.557693,0.839274,0.807722,0.868502,0.875639,0.776912,0.291441,0.318708,0.35318,0.387532,0.320606,0.560615,0.529102,0.578017,0.556966,0.60353,0.030077,0.044892,0.065982,0.053096,0.031373,0.158317,0.142844,0.12972,0.131761,0.133284,0.113756,0.140658,0.133415,0.159643,0.133804,0.76,0.817742,0.793679,0.812324,0.823274,0.499796,0.519969,0.51315,0.481007,0.580707,0.406406,0.351063,0.35788,0.381971,0.380366,0.907802,0.962966,0.898359,0.959905,0.923476,0.469829,0.559413,0.485603,0.4648,0.530233,0.377519,0.402477,0.406092,0.476428,0.362675,1,0.875232,0.949986,0.946668,0.906468,0.169265,0.155954,0.180164,0.15499,0.152734,0.366444,0.42552,0.331715,0.385661,0.411605,0.21479,0.206816,0.241549,0.161136,0.19932,0.428168,0.468999,0.43305,0.420563,0.42064,0.579554,0.62045,0.592631,0.635937,0.523087,0.873513,0.788667,0.815634,0.708027,0.748015,0.562203,0.538598,0.505415,0.544551,0.551735,0.545287,0.59047,0.522979,0.566795,0.500488
0.188626,0.242991,0.182715,0.294939,0.214868,0,0,0,0,0,0,0,0,0,0,0.200281,0.156436,0.138448,0.163877,0.152939,0,0,0,0,0,0.026718,0.024008,0.036223,0.035054,0.0366649999999999,0.042315,0.043435,0.02442,0.036552,0.013106,0,0,0,0,0,0.0150169999999999,0.019614,0.0135420000000001,0.018249,0.017387,0.458189,0.455933,0.547774,0.466099,0.548659,0,0,0,0,0,0.256046,0.272788,0.273123,0.229076,0.291423,0.160178,0.112582,0.165381,0.107419,0.124463,0,0,0,0,0,0,0,0,0,0,0.08253,0.0899,0.063936,0.071686,0.071608,0,0,0,0,0,0.081839,0.0581700000000001,0.079757,0.075825,0.086481,0.332996,0.352771,0.256784,0.359852,0.306205,0,0,0,0,0,0,0,0,0,0,0.489595,0.575007,0.489529,0.468339,0.497403,0,0,0,0,0,0,0,0,0,0,0.131761,0.124653,0.123452,0.170745,0.13317,0,0,0,0,0,1.00000000002876e-06,0.000139,4.19999999999865e-05,4.99999999999945e-05,3.50000000000072e-05,0.404425,0.451039,0.47452,0.401444,0.379713,0.127123,0.13305,0.112156,0.173528,0.154821,0.037788,0.028942,0.036963,0.04065,0.03559,0.289314,0.270551,0.313259,0.205128,0.255923,0,0,0,0,0,0.131027,0.140227,0.14955,0.121485,0.122531,0.671174,0.625977,0.756149,0.613483,0.662476,0,0,0,0,0,0.093253,0.123826,0.104072,0.085323,0.055975,0.549874,0.596729,0.632718,0.655298,0.669189,0,0,0,0,0,0,0,0,0,0,0.130281,0.178614,0.147769,0.157233,0.144056,0,0,0,0,0,0,0,0,0,0,0.726102,0.856715,0.806243,0.759585,0.749121,0,0,0,0,0,0.053351,0.050775,0.036112,0.03481,0.051531,0.035653,0.041031,0.037926,0.04838,0.050654,0,0,0,0,0,0,0,0,0,0,0.556776,0.695578,0.610418,0.709173,0.580153,0,0,0,0,0,0.001475,0.00292700000000001,0.00158400000000003,0.000732999999999984,0.000851999999999964,0.621802,0.643675,0.743017,0.637178,0.601001,0,0,0,0,0,0,0,0,0,0,0.565407,0.563856,0.610097,0.512276,0.476084,0,0,0,0,0,0.0772350000000001,0.06941,0.040171,0.0607529999999999,0.070078,0.676459,0.638929,0.678704,0.588364,0.659727,0,0,0,0,0,0.042312,0.0922269999999999,0.074399,0.091894,0.078698,0.158363,0.178765,0.14524,0.15809,0.176841,0,0,0,0,0,0.084313,0.071604,0.092147,0.071833,0.069058,0.571213,0.574452,0.511479,0.560319,0.643375,0,0,0,0,0,0.053897,0.080115,0.088101,0.08482,0.070852
0.459519,0.450736,0.404301,0.417916,0.492213,0,0,0,0,0,0.026699,0.048912,0.037456,0.028643,0.031142,0.385454,0.355205,0.287451,0.329744,0.301041,0,0,0,0,0,0,0,0,0,0,0.477788,0.551749,0.481657,0.544383,0.530663,0,0,0,0,0,0.075709,0.06956,0.044916,0.064145,0.0902269999999999,0.28285,0.304971,0.349179,0.297803,0.317932,0,0,0,0,0,0,0,0,0,0,0.230741,0.22414,0.187884,0.223686,0.167184,0,0,0,0,0,0,0,0,0,0,0.478326,0.433186,0.481279,0.440757,0.422346,0,0,0,0,0,0,0,0,0,0,0.207805,0.239759,0.204696,0.268684,0.21958,0,0,0,0,0,0.42439,0.363313,0.292981,0.35787,0.3555,0.641817,0.621841,0.611009,0.687793,0.635243,0,0,0,0,0,0,0,0,0,0,0.221346,0.193504,0.185555,0.216435,0.217616,0,0,0,0,0,0,0,0,0,0,0.376864,0.42121,0.453452,0.419333,0.403441,0,0,0,0,0,0,0,0,0,0,0.352103,0.368276,0.326162,0.317909,0.340613,0,0,0,0,0,0,0,0,0,0,0.615897,0.563709,0.559657,0.586646,0.643982,0,0,0,0,0,0.024237,0.019462,0.015994,0.023151,0.016866,0.575332,0.5426,0.571431,0.637362,0.55745,0,0,0,0,0,0,0,0,0,0,0.073802,0.081485,0.083606,0.068341,0.09414,0,0,0,0,0,0,0,0,0,0,0.49029,0.457747,0.510888,0.504882,0.558488,0,0,0,0,0,0.191888,0.224213,0.245951,0.209258,0.231527,0.0333599999999999,0.039304,0.034413,0.049854,0.036009,0,0,0,0,0,0.17245,0.184486,0.128331,0.190312,0.172581,0.447998,0.485835,0.515275,0.47653,0.5105,0,0,0,0,0,0.037986,0.042007,0.048067,0.031646,0.034139,0.300182,0.363148,0.317041,0.352515,0.264628,0,0,0,0,0,0.252108,0.245967,0.259063,0.24911,0.221804,0.439082,0.4276,0.390992,0.418285,0.427965,0,0,0,0,0,0.105697,0.070605,0.084495,0.103081,0.085419,0.473175,0.462924,0.51247,0.467918,0.434229,0,0,0,0,0,0.212262,0.166688,0.170007,0.188098,0.219916,0.420804,0.373669,0.384298,0.421359,0.410846,0,0,0,0,0,0.106652,0.126743,0.129992,0.107729,0.11434,0.898938,0.888726,0.868849,0.977638,0.949705,0,0,0,0,0,0.146289,0.143975,0.11832,0.123325,0.087031
0.629801,0.53293,0.66947,0.599023,0.576706,0,0,0,0,0,0.05166,0.052056,0.047758,0.053611,0.038903,0.752286,0.723071,0.689717,0.751158,0.807049,0,0,0,0,0,0.035969,0.051033,0.046968,0.054548,0.031424,0.36829,0.372004,0.380306,0.395558,0.446385,0,0,0,0,0,0.187417,0.124194,0.153139,0.187832,0.162173,0.415599,0.466445,0.510407,0.528705,0.471871,0,0,0,0,0,0.074224,0.0674709999999999,0.08793,0.077532,0.076633,0.55176,0.594352,0.580164,0.529072,0.568426,0,0,0,0,0,0,0,0,0,0,0.589418,0.633655,0.620956,0.574666,0.635679,0,0,0,0,0,0.00871900000000003,0.009015,0.00855899999999998,0.00652200000000003,0.00870199999999999,0.423984,0.359795,0.438723,0.348786,0.38125,0,0,0,0,0,0.033158,0.031968,0.026264,0.029097,0.027661,0.414137,0.428725,0.330103,0.337199,0.351841,0,0,0,0,0,0.00830699999999995,0.00757399999999997,0.00780899999999995,0.00505100000000003,0.00768500000000005,0.08538,0.092316,0.113341,0.084202,0.078009,0,0,0,0,0,2.89999999999457e-05,9.00000000003676e-06,9.99999999995449e-06,0,9.00000000003676e-06,0.481183,0.48823,0.460378,0.389841,0.419362,0,0,0,0,0,0.015002,0.012621,0.011201,0.010839,0.014385,0.773098,0.805758,0.714527,0.753202,0.70391,0,0,0,0,0,0.027914,0.030927,0.028168,0.03351,0.037835,0.361485,0.377171,0.347729,0.358633,0.3752,0,0,0,0,0,0.149271,0.161002,0.152652,0.106157,0.131914,0.28663,0.295045,0.393307,0.368678,0.358776,0,0,0,0,0,0,0,0,0,0,0.018837,0.019211,0.00766999999999995,0.008822,0.008023,0,0,0,0,0,0.307471,0.30517,0.319956,0.306942,0.304044,0.439368,0.467229,0.44206,0.444798,0.517401,0,0,0,0,0,0.093386,0.093287,0.111688,0.114677,0.091514,0.264455,0.290709,0.310658,0.249326,0.302859,0.191064,0.221419,0.222303,0.223931,0.194469,0.055191,0.039587,0.051791,0.038586,0.047383,0.409269,0.369576,0.415167,0.503034,0.381389,0,0,0,0,0,0.047591,0.039579,0.04831,0.028471,0.050991,0.474994,0.497339,0.383228,0.43559,0.537734,0,0,0,0,0,0.321555,0.238573,0.282415,0.282665,0.295787,0.126383,0.183715,0.148632,0.149007,0.171279,0,0,0,0,0,0.096585,0.080393,0.084531,0.066844,0.071781,0.127835,0.14264,0.154813,0.150639,0.136688,0,0,0,0,0,0.083132,0.064001,0.066171,0.071047,0.066309,0.278854,0.285488,0.225351,0.215403,0.253148,0,0,0,0,0,0.087471,0.073238,0.0993270000000001,0.102137,0.070736,0.664545,0.601079,0.614643,0.710478,0.604192,0,0,0,0,0,0.105351,0.115679,0.118709,0.124218,0.13423
0.396955,0.43368,0.474933,0.448278,0.424955,0.519575,0.493577,0.512547,0.52295,0.632799,0.259742,0.347663,0.297868,0.257095,0.2924,0.522458,0.588156,0.595849,0.520948,0.5914,0.264751,0.260177,0.272773,0.232321,0.267731,0.338737,0.29297,0.276315,0.319684,0.250801,0.313912,0.322021,0.346776,0.320439,0.318746,0.43396,0.436752,0.428089,0.390934,0.42157,0.318973,0.307865,0.307474,0.311283,0.307556,0.271852,0.293795,0.27103,0.272813,0.322608,0.460396,0.476906,0.467948,0.55391,0.499878,0.54854,0.473606,0.425089,0.428866,0.491222,0.456043,0.531673,0.484889,0.421998,0.395571,0.197643,0.20658,0.176802,0.182675,0.192349,0.219428,0.207421,0.224631,0.258112,0.233733,0.078492,0.097625,0.090344,0.085284,0.100206,0.089481,0.096818,0.101704,0.100583,0.090002,0.16835,0.15537,0.175176,0.188657,0.203412,0.059462,0.070018,0.091909,0.069357,0.089351,0.166018,0.151362,0.157537,0.146617,0.150803,0.142692,0.113315,0.133429,0.155979,0.118497,0.569976,0.560719,0.480679,0.582186,0.457369,0,0,0,0,0,0,0,0,0,0,0.944271,0.953061,1,0.960588,0.94651,0.825964,0.775626,0.87163,0.924693,0.802279,0.258565,0.28295,0.317379,0.308195,0.278344,0.753147,0.661315,0.675607,0.835078,0.766507,0.021349,0.028512,0.028385,0.014256,0.042768,0.201326,0.24533,0.194064,0.198748,0.24549,0.261018,0.263971,0.187463,0.275103,0.239831,0.496867,0.533728,0.517596,0.448255,0.461712,0.258496,0.239383,0.257602,0.24475,0.273249,0.924135,0.889804,0.824472,0.902768,0.873286,0.473104,0.341682,0.475434,0.40841,0.459686,0.484821,0.518986,0.500384,0.54713,0.557526,1,1,1,1,1,0.520723,0.550777,0.596583,0.562602,0.554332,0.379951,0.407535,0.357211,0.422817,0.34125,0.771764,0.709866,0.815026,0.707011,0.805764,0.966796,0.968531,0.849036,0.902629,0.869375,0.109262,0.116564,0.142005,0.0952539999999999,0.114649,0.659837,0.639379,0.668847,0.632751,0.596711,0.338219,0.369617,0.423478,0.360649,0.32953,0.216136,0.239915,0.236989,0.222797,0.230043,0.259228,0.253106,0.268456,0.280013,0.261774,0.505176,0.46316,0.473655,0.507964,0.427898,0.312147,0.271037,0.27495,0.297129,0.299666,0.960966,1,0.932889,0.986686,1,0.540462,0.483543,0.64414,0.559542,0.579377,0.368178,0.374155,0.356686,0.450744,0.406191,0.726506,0.787123,0.802188,0.644135,0.713685,0.207107,0.204621,0.200804,0.231892,0.179164,0.42837,0.445257,0.392849,0.511366,0.419937,0.304327,0.277295,0.245866,0.332719,0.296169,0.185398,0.194365,0.16845,0.186452,0.169113,0.174032,0.149635,0.158119,0.178419,0.139239,0.464377,0.53628,0.510887,0.56251,0.525068,0.441423,0.551145,0.616507,0.522698,0.506403,0.463022,0.451854,0.501796,0.501717,0.442664,0.526488,0.438454,0.497879,0.502201,0.451929,0.322583,0.357923,0.256698,0.326754,0.283136,0.130847,0.186131,0.181911,0.156609,0.164048,0.763427,0.823635,0.840679,0.772981,0.819672,0.169292,0.181932,0.210832,0.205979,0.222097,0.268585,0.315976,0.222412,0.272813,0.292087
0.87723,0.895033,0.812444,0.850893,0.869805,0,0,0,0,0,0,0,0,0,0,0.477133,0.420342,0.423027,0.38661,0.37099,0,0,0,0,0,0,0,0,0,0,0.332988,0.362521,0.342604,0.411503,0.352675,0,0,0,0,0,0,0,0,0,0,1.00000000002876e-06,5.00000000003276e-06,3.6000000000036e-05,1.79999999999625e-05,0.000302000000000024,0.1997,0.197787,0.227508,0.199393,0.202314,0.097379,0.077987,0.100618,0.102604,0.092482,0.183732,0.188482,0.188037,0.18211,0.22935,0.420889,0.436036,0.444053,0.451563,0.443071,0,0,0,0,0,0.558227,0.625881,0.609603,0.586901,0.556322,0,0,0,0,0,0,0,0,0,0,0.617502,0.571602,0.619652,0.542344,0.621171,0,0,0,0,0,0,0,0,0,0,0.254004,0.264787,0.30867,0.277973,0.264895,0,0,0,0,0,0,0,0,0,0,0.60585,0.59194,0.598211,0.561987,0.622977,0,0,0,0,0,0.0541509999999999,0.062077,0.042393,0.059163,0.072312,0.616608,0.609812,0.625539,0.638215,0.65489,0,0,0,0,0,0,0,0,0,0,0.635754,0.588675,0.602348,0.618099,0.601127,0.158014,0.161779,0.160854,0.133418,0.15751,0,0,0,0,0,0.709145,0.599466,0.635118,0.640928,0.653369,0.201498,0.185399,0.187541,0.177515,0.248689,0.034343,0.038664,0.047906,0.044031,0.036195,0.63187,0.713998,0.601339,0.621286,0.680912,0.202166,0.20407,0.200965,0.232867,0.248106,0.036489,0.046748,0.057291,0.036486,0.03657,0.555927,0.671725,0.518505,0.501379,0.527753,0.238725,0.251098,0.243788,0.211615,0.171873,0,0,0,0,0,0.588971,0.703925,0.634426,0.642633,0.611183,0,0,0,0,0,0.078726,0.073766,0.064788,0.066648,0.063885,0.060025,0.0601699999999999,0.038828,0.056551,0.052848,0,0,0,0,0,0.037129,0.026211,0.027335,0.037172,0.031187,0.407808,0.477672,0.42779,0.445405,0.411707,0.168536,0.222099,0.194953,0.188322,0.136567,0.090901,0.098754,0.090529,0.073106,0.077382,0.124777,0.16001,0.12245,0.1775,0.115814,0,0,0,0,0,0.069631,0.053236,0.059478,0.0705519999999999,0.083172,0.474448,0.461798,0.434099,0.444049,0.515424,0,0,0,0,0,0.036337,0.030202,0.036216,0.034801,0.026761,0.37458,0.35668,0.425943,0.444942,0.396669,0,0,0,0,0,0.018234,0.017365,0.011961,0.013818,0.013987,0.398456,0.345888,0.387082,0.391834,0.348143,0.106638,0.160229,0.113261,0.135069,0.139532,0.064754,0.107078,0.092407,0.085572,0.08264,0.762711,0.623416,0.81035,0.680752,0.730241,0,0,0,0,0,0.087108,0.084935,0.078873,0.069473,0.0883930000000001
1,1,1,0.979982,0.929622,0,0,0,0,0,0.07375,0.097294,0.102821,0.090082,0.105275,0.548606,0.685493,0.689383,0.660825,0.599297,0.730762,0.692924,0.642967,0.679643,0.669583,0.082265,0.125866,0.105012,0.089845,0.110044,0.821905,0.832195,0.750608,0.799185,0.758323,0,0,0,0,0,0.080274,0.08335,0.10064,0.086763,0.08501,0.322508,0.419587,0.45132,0.444374,0.386368,0.0879490000000001,0.07364,0.085647,0.068377,0.070045,0.162858,0.144482,0.139274,0.145709,0.120132,0.03668,0.024916,0.048858,0.046489,0.058735,0,0,0,0,0,0.142265,0.134477,0.143184,0.135353,0.143041,0.476389,0.547183,0.6144,0.53281,0.555707,0,0,0,0,0,0.127927,0.147856,0.142042,0.158514,0.136991,0.644573,0.666231,0.647513,0.645508,0.578971,0.710544,0.700466,0.600669,0.687612,0.674257,0.030182,0.021719,0.014031,0.013327,0.018267,0.294646,0.271034,0.280712,0.255065,0.313548,0,0,0,0,0,0,0,0,0,0,0.740033,0.784105,0.733905,0.796988,0.755165,0,0,0,0,0,0.219453,0.206828,0.179072,0.21063,0.198868,0.532746,0.490479,0.521528,0.558409,0.613438,0.14233,0.15689,0.170392,0.121093,0.149592,0.10069,0.098012,0.094554,0.065156,0.082439,0.795961,0.774844,0.782853,0.754084,0.705786,0,0,0,0,0,0.179899,0.189522,0.173248,0.161754,0.114353,0.857597,0.81751,0.735363,0.807714,0.793994,0,0,0,0,0,0.028842,0.027958,0.0367769999999999,0.027929,0.035608,0.819373,0.902669,0.843619,0.871138,0.874504,0,0,0,0,0,0,0,0,0,0,0.240698,0.235393,0.240432,0.266242,0.221205,0,0,0,0,0,0,0,0,0,0,0.810197,0.847319,0.825687,0.841107,0.74749,0,0,0,0,0,0.034573,0.030085,0.041566,0.022595,0.033593,0.556403,0.593437,0.556782,0.548557,0.599851,0,0,0,0,0,0.013703,0.018338,0.018338,0.011599,0.010995,0.357803,0.363311,0.300566,0.288092,0.290098,0,0,0,0,0,0.141254,0.089087,0.121025,0.104284,0.0881,0.574519,0.537046,0.588376,0.597282,0.542259,0,0,0,0,0,0.025024,0.025026,0.023838,0.017323,0.023795,0.798564,0.742683,0.815253,0.799608,0.815903,0.230026,0.240696,0.209925,0.200625,0.252777,0.036888,0.056364,0.057839,0.04736,0.066346,0.546904,0.550799,0.551335,0.574295,0.500282,0,0,0,0,0,0.048096,0.0570349999999999,0.052495,0.077967,0.075033,0.085551,0.109959,0.054072,0.105968,0.096087,0,0,0,0,0,0.020458,0.028315,0.01839,0.021503,0.02167,0.695192,0.73349,0.703653,0.723918,0.630191,0,0,0,0,0,0.01478,0.0120749999999999,0.013027,0.014561,0.025253
0.811163,0.829476,0.807937,0.749683,0.743947,0,0,0,0,0,0.00355799999999995,0.00279300000000005,0.00285999999999997,0.00426300000000002,0.00399000000000005,0.683133,0.736818,0.642835,0.694239,0.586394,0.631633,0.691508,0.781437,0.70902,0.631589,0,0,0,0,0,0.531187,0.495892,0.544111,0.449732,0.559906,0,0,0,0,0,0,0,0,0,0,0.520549,0.582869,0.610256,0.548583,0.570687,0,0,0,0,0,0,0,0,0,0,0.821528,0.800811,0.836915,0.894361,0.907298,0.193789,0.177446,0.176537,0.186934,0.189104,0,0,0,0,0,0.493938,0.506548,0.521126,0.477951,0.500893,0.160926,0.174218,0.15789,0.153835,0.186498,0.038475,0.033649,0.044274,0.041463,0.038366,0.54074,0.63181,0.603489,0.479748,0.595062,0.817376,0.795927,0.791142,0.881834,0.741035,0,0,0,0,0,0.259215,0.273315,0.285245,0.306574,0.280612,0,0,0,0,0,0,0,0,0,0,0.691455,0.669574,0.652373,0.6023,0.623641,0.048539,0.048749,0.0540580000000001,0.054263,0.056173,0,0,0,0,0,0.547706,0.506265,0.504752,0.478809,0.562846,0.403272,0.341529,0.352571,0.434502,0.401936,0.014284,0.01718,0.010639,0.011759,0.013757,0.635183,0.592955,0.609925,0.60854,0.629837,0,0,0,0,0,0,0,0,0,0,0.721954,0.718722,0.753312,0.748423,0.716794,0,0,0,0,0,0.156859,0.104941,0.084151,0.092892,0.124549,0.754374,0.660806,0.707944,0.719179,0.764957,0,0,0,0,0,0.092101,0.086411,0.065505,0.073684,0.09994,0.024506,0.018134,0.021451,0.036914,0.0211209999999999,0,0,0,0,0,0.034173,0.044975,0.034728,0.0379389999999999,0.039654,0.553813,0.558644,0.532293,0.455696,0.461177,0,0,0,0,0,0.115892,0.140346,0.142164,0.143285,0.111234,0.131544,0.167127,0.178035,0.102969,0.138374,0.488014,0.534034,0.506179,0.488529,0.583421,0.183674,0.189927,0.225601,0.195741,0.216798,0.651203,0.679007,0.662304,0.719113,0.607777,0,0,0,0,0,0.11111,0.109416,0.094958,0.116507,0.111404,0.209161,0.241704,0.268462,0.252289,0.209928,0,0,0,0,0,0.155592,0.115161,0.201707,0.160791,0.178291,0.395133,0.336201,0.34263,0.279874,0.316478,0,0,0,0,0,0.058439,0.073114,0.06832,0.076329,0.0839800000000001,0.028736,0.044119,0.049651,0.0454560000000001,0.0316419999999999,0,0,0,0,0,0.168009,0.173655,0.149225,0.145283,0.172675,0.882645,0.768016,0.775254,0.759438,0.73216,0,0,0,0,0,0.127922,0.114736,0.163836,0.132414,0.117255,0.696503,0.635094,0.722208,0.698682,0.661237,0,0,0,0,0,0.127631,0.130648,0.145383,0.168516,0.104931
0.779369,0.814216,0.763782,0.829392,0.851245,0,0,0,0,0,0,0,0,0,0,0.527359,0.584749,0.570939,0.548378,0.55202,0,0,0,0,0,0,0,0,0,0,0.507821,0.50929,0.592313,0.505435,0.503265,0.278172,0.263557,0.285929,0.257362,0.20941,0,0,0,0,0,0.606421,0.679831,0.699768,0.60269,0.691484,0.64143,0.623774,0.597238,0.525828,0.629721,0,0,0,0,0,0.708458,0.757657,0.744257,0.780333,0.787365,0,0,0,0,0,0,0,0,0,0,0.454879,0.331079,0.473837,0.34595,0.335565,0,0,0,0,0,0,0,0,0,0,0.477849,0.5328,0.531776,0.468376,0.512891,0,0,0,0,0,0,0,0,0,0,0.844893,0.924014,0.730521,0.823424,0.794997,0.191364,0.157557,0.21344,0.219461,0.171467,0,0,0,0,0,0.081157,0.093272,0.089626,0.074338,0.080404,0.439325,0.434037,0.414216,0.415067,0.392256,0.111515,0.101983,0.099672,0.113624,0.087998,0.239477,0.226005,0.270297,0.198986,0.246449,0.592543,0.571784,0.649447,0.529114,0.546364,0.00640200000000002,0.00651599999999997,0.00687199999999999,0.00594700000000004,0.00846000000000002,0.436229,0.453701,0.456312,0.417976,0.42228,0.488033,0.531447,0.544389,0.527493,0.51255,0,0,0,0,0,0.698823,0.684006,0.736165,0.849067,0.743734,0.392779,0.423093,0.390671,0.43457,0.401905,0,0,0,0,0,0.734504,0.7998,0.694813,0.680855,0.69998,0.407337,0.416597,0.413031,0.440506,0.406899,0.015776,0.020033,0.027429,0.028771,0.036795,0.384576,0.356346,0.330643,0.402046,0.342507,0.452621,0.476204,0.422792,0.470603,0.429101,0,0,0,0,0,0.637883,0.639396,0.680798,0.622046,0.607442,0.209774,0.23656,0.217211,0.192153,0.206235,0.0206809999999999,0.014727,0.014791,0.020118,0.017343,0.306459,0.313362,0.343857,0.392565,0.331593,0,0,0,0,0,0.021952,0.023433,0.021344,0.017685,0.028307,0.398877,0.355502,0.38613,0.346996,0.318824,0.477525,0.415524,0.400201,0.473387,0.462381,0.070444,0.06488,0.055728,0.101196,0.078714,0.331363,0.341251,0.327733,0.316982,0.373102,0.193585,0.162514,0.188628,0.174716,0.174884,0.046923,0.036318,0.050028,0.036628,0.038114,0.621674,0.706771,0.658606,0.673799,0.628924,0,0,0,0,0,0,0,0,0,0,0.102972,0.108011,0.089807,0.109733,0.0780960000000001,0,0,0,0,0,0.017995,0.011004,0.017039,0.013197,0.019051,0.191929,0.211463,0.187843,0.173784,0.141081,0.394042,0.410363,0.395419,0.390668,0.354673,0.027671,0.024589,0.024589,0.032314,0.032031,0.43784,0.436372,0.43396,0.411957,0.48617,0,0,0,0,0,0.021862,0.024539,0.023573,0.018161,0.023644
1,1,1,1,1,0.635506,0.629764,0.595563,0.55003,0.595517,0.0128549999999999,0.012898,0.0112449999999999,0.013616,0.011451,0.766287,0.764394,0.745457,0.703133,0.723554,1,1,1,1,1,0.00677700000000003,0.00612500000000005,0.00737200000000005,0.00698100000000001,0.00654500000000002,0.130136,0.128603,0.136626,0.148134,0.103702,0,0,0,0,0,0.00834299999999999,0.00691200000000003,0.00837699999999997,0.00813399999999997,0.00768899999999995,0.845499,0.73414,0.965076,0.922034,0.799769,0,0,0,0,0,0.113721,0.131878,0.148728,0.151846,0.149918,1,1,1,1,1,0,0,0,0,0,0,0,0,0,0,0.549765,0.543154,0.644897,0.598021,0.629303,0,0,0,0,0,0,0,0,0,0,0.86216,0.860331,0.896402,0.881713,0.911651,1,1,1,1,1,0.01925,0.018642,0.025128,0.021489,0.016761,0.285404,0.374062,0.35459,0.334701,0.360877,0,0,0,0,0,0,0,0,0,0,1,1,1,1,1,0,0,0,0,0,0,1.00000000002876e-06,0,1.00000000002876e-06,0,0.579158,0.607345,0.546397,0.624123,0.601678,0,0,0,0,0,0,0,0,0,0,0.862077,0.840716,0.933312,0.854938,0.894545,0,0,0,0,0,0,0,0,0,0,1,1,1,1,1,0,0,0,0,0,0.01529,0.026533,0.025605,0.031209,0.03427,0.98934,0.983588,1,0.930124,0.96874,0,0,0,0,0,0,0,0,0,0,0.623503,0.531662,0.605631,0.532085,0.651213,0,0,0,0,0,0,0,0,0,0,0.800505,0.992215,0.848291,0.962741,0.936891,0,0,0,0,0,0.037864,0.0508459999999999,0.050331,0.035749,0.035636,0.481392,0.533468,0.555699,0.508904,0.488485,1,1,1,1,1,0.036853,0.034536,0.05841,0.042447,0.039218,0.90694,0.985711,1,0.999547,1,0,0,0,0,0,0.088129,0.091709,0.073945,0.101433,0.095808,0.155972,0.184012,0.223857,0.205702,0.156122,0,0,0,0,0,0.060353,0.070167,0.062335,0.050552,0.06199,0.650874,0.747178,0.740194,0.655748,0.677815,0,0,0,0,0,0.109204,0.121845,0.115931,0.134369,0.099479,0.570684,0.537728,0.626329,0.646455,0.664228,0.454483,0.475666,0.448037,0.42986,0.491208,0.073217,0.097652,0.0576179999999999,0.075273,0.057111,1,1,1,1,1,0,0,0,0,0,0,0,0,0,0,1,1,1,1,1,0.425743,0.431583,0.404583,0.398815,0.401425,0.073732,0.065009,0.051708,0.058619,0.060327
0.600847,0.548948,0.562499,0.59468,0.6049,0.050861,0.084924,0.063394,0.037587,0.05833,0.032012,0.0390200000000001,0.041353,0.034262,0.037143,0.558556,0.462568,0.504964,0.44822,0.413948,0.457356,0.509517,0.49837,0.596331,0.429094,0.014796,0.016146,0.013337,0.0132139999999999,0.013131,0.35667,0.433099,0.373666,0.424262,0.354432,0,0,0,0,0,0.01822,0.018754,0.026802,0.013218,0.020334,0.402907,0.396062,0.420059,0.480937,0.445369,0,0,0,0,0,0.057483,0.062627,0.057383,0.047447,0.05885,0.64351,0.600426,0.628685,0.615833,0.523478,0,0,0,0,0,0.053347,0.055583,0.036033,0.044415,0.037954,0.379119,0.421132,0.342009,0.389123,0.379904,0,0,0,0,0,0.089098,0.094101,0.086488,0.087832,0.096783,0.407866,0.40113,0.446662,0.487928,0.539903,0.593975,0.530892,0.556424,0.528038,0.646727,0.020687,0.014987,0.0140980000000001,0.015587,0.016694,0.904362,0.821443,0.848819,0.926371,0.829871,0,0,0,0,0,0.027359,0.031837,0.039137,0.029312,0.034786,0.602372,0.552237,0.533176,0.506926,0.49492,0,0,0,0,0,0.134364,0.138067,0.133018,0.108215,0.09362,0.431094,0.329462,0.367063,0.375678,0.365567,0.071114,0.056986,0.07808,0.07808,0.092317,0.067574,0.06419,0.056783,0.068628,0.055718,0.541852,0.484993,0.478495,0.503392,0.504322,0.025985,0.013732,0.020469,0.016177,0.018332,0.081646,0.080335,0.075197,0.080894,0.086209,0.526343,0.41243,0.504838,0.49584,0.469188,0.030695,0.028608,0.026828,0.042086,0.046044,0.09438,0.097265,0.071491,0.072635,0.074162,0.530042,0.572586,0.493767,0.477479,0.406532,0.026666,0.029596,0.03044,0.027996,0.0281169999999999,0.08026,0.072825,0.091913,0.0587259999999999,0.109547,0.157268,0.159993,0.209187,0.187829,0.197537,0.0423,0.040134,0.038023,0.040028,0.033946,0.057432,0.054503,0.058679,0.049234,0.049708,0.425518,0.403464,0.323103,0.320074,0.336779,0,0,0,0,0,0.120143,0.142088,0.127207,0.140155,0.118469,0.183684,0.220393,0.276555,0.15675,0.264117,0.513404,0.394277,0.477814,0.438075,0.460566,0.02125,0.042158,0.055754,0.059761,0.06645,0.544577,0.482611,0.491836,0.44481,0.459371,0.021282,0.023659,0.018471,0.03665,0.034343,0.022354,0.017942,0.034323,0.014215,0.020945,0.134543,0.150055,0.10606,0.134334,0.169681,0,0,0,0,0,0.083018,0.09167,0.0889,0.064581,0.079404,0.263882,0.260683,0.290842,0.310961,0.276382,0.02893,0.027362,0.035336,0.02547,0.031737,0.191534,0.135362,0.17084,0.124216,0.21719,0.254547,0.278813,0.303065,0.203209,0.282378,0.108153,0.102991,0.096882,0.0647799999999999,0.109036,0.023884,0.0364,0.0295570000000001,0.0281130000000001,0.037128,0.581859,0.570119,0.534012,0.539295,0.599081,0.030319,0.03796,0.023644,0.042641,0.031332,0.12625,0.109987,0.100855,0.124162,0.118199,0.43598,0.441219,0.417312,0.445001,0.415251,0.094133,0.113499,0.063792,0.102451,0.10151,0.0330240000000001,0.0358889999999999,0.0508189999999999,0.034593,0.042511
0.641321,0.557705,0.684275,0.71652,0.659756,0,0,0,0,0,0,0,0,0,0,0.395745,0.452612,0.389918,0.400365,0.41485,0,0,0,0,0,0.032451,0.037879,0.028245,0.030887,0.044505,0.353721,0.390875,0.41842,0.383819,0.3984,0,0,0,0,0,0.167981,0.169896,0.136466,0.175781,0.178819,0.348003,0.336017,0.33408,0.313027,0.350794,0,0,0,0,0,0.07723,0.076006,0.080185,0.081843,0.083399,0.443192,0.472612,0.422767,0.427942,0.521678,0,0,0,0,0,0.109668,0.086937,0.103179,0.093491,0.088123,0.422173,0.363997,0.354099,0.328194,0.337374,0,0,0,0,0,0.012314,0.009606,0.00864200000000004,0.008162,0.00900699999999999,0.486575,0.509923,0.450806,0.434428,0.371633,0,0,0,0,0,0,0,0,0,0,0.262815,0.28467,0.186635,0.290123,0.243461,0,0,0,0,0,0.62159,0.532598,0.571905,0.535656,0.543893,0.432711,0.397126,0.3806,0.360941,0.380014,0,0,0,0,0,0.00964200000000004,0.00850200000000001,0.00836199999999998,0.00719899999999996,0.00915299999999997,0.048751,0.023242,0.037446,0.039559,0.034865,0,0,0,0,0,0,0,0,0,0,0.305714,0.300411,0.292763,0.32164,0.313114,0,0,0,0,0,0.10683,0.103377,0.086449,0.0870570000000001,0.084449,0.445454,0.488931,0.53125,0.459671,0.453951,0,0,0,0,0,0.014563,0.00965099999999997,0.010899,0.013347,0.00251900000000005,0.296034,0.227605,0.246281,0.225252,0.237766,0,0,0,0,0,4.8000000000048e-05,2.10000000000488e-05,3.39999999999785e-05,7.29999999999897e-05,3.39999999999785e-05,0.283373,0.234553,0.306459,0.30553,0.325723,0,0,0,0,0,0,0,0,0,0,0.640882,0.658091,0.705005,0.64434,0.68404,0,0,0,0,0,0.154902,0.231007,0.20555,0.189336,0.148196,0.292838,0.290245,0.282215,0.34741,0.288389,0,0,0,0,0,0.093147,0.10678,0.095379,0.096831,0.119222,0.42092,0.411369,0.375507,0.435635,0.369962,0,0,0,0,0,0.05188,0.073532,0.065607,0.05945,0.067299,0.424663,0.419471,0.42425,0.469488,0.404237,0,0,0,0,0,0,0,0,0,0,0.087531,0.090359,0.111733,0.090602,0.124918,0,0,0,0,0,0.0641699999999999,0.0618610000000001,0.079014,0.066883,0.064849,0.399461,0.458708,0.396737,0.378032,0.455075,0,0,0,0,0,0.142519,0.127356,0.131071,0.128742,0.134783,0.151685,0.145518,0.102113,0.117491,0.105842,0,0,0,0,0,0.107819,0.100359,0.130706,0.113048,0.131531,0.460452,0.473919,0.46692,0.468537,0.4103,0,0,0,0,0,0.161348,0.186167,0.132928,0.133458,0.171497
0.258286,0.280906,0.321269,0.268613,0.28635,0,0,0,0,0,0,0,0,0,0,0.394919,0.4154,0.439378,0.397458,0.405255,0,0,0,0,0,0.04826,0.054513,0.054874,0.040695,0.060341,0.259699,0.251586,0.269085,0.249487,0.279723,0,0,0,0,0,0.230463,0.260073,0.272874,0.211428,0.226323,0.62172,0.615567,0.525926,0.583041,0.72977,0,0,0,0,0,0.234715,0.234477,0.208739,0.205325,0.233383,0.865065,0.858356,0.879541,0.913584,0.84199,0,0,0,0,0,0.190885,0.19517,0.202349,0.148365,0.182456,0.407793,0.372564,0.320618,0.413788,0.38353,0,0,0,0,0,0.03184,0.042133,0.033792,0.027741,0.0366069999999999,0.084079,0.090685,0.092471,0.092051,0.0978290000000001,0,0,0,0,0,0.257372,0.31635,0.223114,0.252332,0.259381,0.231409,0.286856,0.223447,0.273825,0.225334,0,0,0,0,0,0.218463,0.216794,0.234793,0.213938,0.254274,0.54409,0.69306,0.647375,0.596638,0.631084,0,0,0,0,0,0.108865,0.073912,0.0965240000000001,0.094836,0.09557,0.350832,0.328084,0.307856,0.321914,0.342631,0,0,0,0,0,0,0,0,0,0,0.373678,0.390656,0.366801,0.438801,0.427137,0,0,0,0,0,0.128686,0.152744,0.135906,0.151091,0.150454,0.902242,0.859386,0.847365,0.979028,0.891788,0,0,0,0,0,0.047219,0.0526219999999999,0.040851,0.046397,0.051223,0.841321,0.876425,0.815966,0.839766,0.921887,0,0,0,0,0,0.00470800000000005,0.00200199999999995,0.00339100000000003,0.00385899999999995,0.00502499999999995,0.25047,0.243617,0.26269,0.264333,0.203425,0,0,0,0,0,0.404154,0.406214,0.346596,0.354294,0.376338,0.813064,0.757936,0.847999,0.799141,0.807645,0,0,0,0,0,0.078667,0.071052,0.057075,0.072759,0.055402,0.44082,0.339843,0.360069,0.378544,0.35359,0.654399,0.714411,0.672583,0.585257,0.69269,0.219179,0.198016,0.229995,0.213075,0.162817,0.707536,0.785103,0.708991,0.785669,0.806031,0,0,0,0,0,0,0,0,0,0,0.592582,0.623751,0.615728,0.613265,0.553044,0,0,0,0,0,0.146645,0.171535,0.203802,0.181327,0.145095,0.488546,0.533626,0.507011,0.592665,0.6081,0,0,0,0,0,0.000137999999999971,0.000160000000000049,0.000352000000000019,0.000376000000000043,0.000137000000000054,0.666191,0.738792,0.665013,0.670209,0.571517,0,0,0,0,0,6.60000000000105e-05,5.29999999999697e-05,5.2000000000052e-05,4.4000000000044e-05,6.30000000000353e-05,0.276791,0.205566,0.252595,0.206324,0.263819,0,0,0,0,0,0.110884,0.122055,0.11118,0.096559,0.124719,0.884244,0.848925,0.813315,0.839195,0.825522,0,0,0,0,0,0.053343,0.022248,0.035328,0.051982,0.040674
0.286797,0.238187,0.235844,0.274375,0.25725,0,0,0,0,0,0,0,0,0,0,0.633229,0.743341,0.697648,0.762887,0.622297,0,0,0,0,0,0,0,0,0,0,0.603383,0.643959,0.68064,0.645439,0.601557,0,0,0,0,0,0,0,0,0,0,0.428749,0.435948,0.43205,0.398645,0.428854,0,0,0,0,0,0.0553630000000001,0.036058,0.083591,0.035197,0.066534,0.837656,0.765777,0.830519,0.781841,0.787594,0,0,0,0,0,0.0286960000000001,0.038772,0.020558,0.026813,0.030266,0.580192,0.629486,0.579917,0.594581,0.563839,0,0,0,0,0,0,0,0,0,0,0.088899,0.073567,0.095763,0.090151,0.106248,0,0,0,0,0,0,0,0,0,0,0.779516,0.768571,0.783491,0.73585,0.73658,0,0,0,0,0,0,0,0,0,0,0.274002,0.243194,0.229109,0.228923,0.262127,0,0,0,0,0,0.036038,0.039423,0.031716,0.0266150000000001,0.043883,0.733989,0.741988,0.699801,0.772466,0.816604,0.350702,0.362211,0.402232,0.371394,0.329986,0,0,0,0,0,0.149222,0.126007,0.111612,0.121886,0.132443,0,0,0,0,0,0,0,0,0,0,0.415697,0.39402,0.42325,0.462212,0.407049,0,0,0,0,0,0,0,0,0,0,0.331833,0.389874,0.401197,0.283844,0.290575,0,0,0,0,0,0,0,0,0,0,0.643824,0.694473,0.57377,0.679781,0.636459,0,0,0,0,0,0,0,0,0,0,0.63322,0.617991,0.561771,0.594295,0.588629,0,0,0,0,0,0.040791,0.048278,0.051229,0.071761,0.065116,0.327373,0.350864,0.311993,0.364996,0.364248,0.527132,0.475272,0.521193,0.471222,0.559378,0.017027,0.00883599999999996,0.000666000000000055,0.023728,0.010825,0.408901,0.295084,0.314543,0.395195,0.31046,0,0,0,0,0,0.00189700000000004,0.00184799999999996,0.00156199999999995,0.000550999999999968,0.001332,0.430287,0.39172,0.375326,0.39392,0.340282,0,0,0,0,0,0.0492010000000001,0.04519,0.051109,0.045234,0.029045,0.455077,0.536748,0.472959,0.492012,0.430317,0,0,0,0,0,0,0,0,0,0,0.539666,0.467673,0.518806,0.471261,0.470383,0,0,0,0,0,0,0,0,0,0,0.559668,0.643596,0.577652,0.760024,0.707232,0,0,0,0,0,0,0,0,0,0,0.53099,0.486184,0.503017,0.493633,0.531151,0,0,0,0,0,0.014972,0.012047,0.012889,0.020194,0.02346
0.790629,0.819839,0.851844,0.795416,0.787695,0,0,0,0,0,0.022104,0.019608,0.0192,0.022025,0.01774,0.563372,0.547796,0.450497,0.465756,0.446843,0,0,0,0,0,0,0,0,0,0,0.275092,0.245619,0.247486,0.248499,0.297474,0,0,0,0,0,0,0,0,0,0,0.555648,0.585968,0.591451,0.583445,0.615272,0,0,0,0,0,0,0,0,0,0,0.800665,0.864252,0.785324,0.822307,0.822866,0,0,0,0,0,0,0,0,0,0,0.709434,0.661195,0.660002,0.719323,0.675894,0,0,0,0,0,0.00622199999999995,0.00527100000000003,0.00665099999999996,0.00687899999999997,0.00727900000000004,0.491364,0.511891,0.441244,0.516751,0.561029,0,0,0,0,0,0,0,0,0,0,0.373428,0.422936,0.430309,0.445596,0.386922,0,0,0,0,0,0,0,0,0,0,0.360668,0.41036,0.31277,0.366232,0.399112,0,0,0,0,0,5.50000000000272e-05,8.30000000000553e-05,0.000107999999999997,2.99999999997524e-06,5.5999999999945e-05,0.690111,0.741085,0.654319,0.776553,0.812462,0.708486,0.645927,0.622118,0.770912,0.675252,0,0,0,0,0,0.578163,0.647463,0.594892,0.606958,0.667011,0,0,0,0,0,0,0,0,0,0,1,1,1,1,1,0,0,0,0,0,0.066505,0.090657,0.092894,0.070682,0.056961,1,1,1,1,1,0,0,0,0,0,0,0,0,0,0,0.699113,0.701909,0.634834,0.68007,0.706304,0,0,0,0,0,0,0,0,0,0,0.884543,0.871564,0.827024,0.813707,0.862911,0,0,0,0,0,0.013744,0.018757,0.017342,0.01049,0.0125420000000001,0.762215,0.814151,0.747842,0.776171,0.700198,0,0,0,0,0,0.073076,0.048332,0.05875,0.039242,0.0493710000000001,1,1,1,1,1,0,0,0,0,0,0.0442630000000001,0.048672,0.04356,0.040306,0.058368,0.851002,0.915057,0.793353,0.821744,0.909549,0,0,0,0,0,0.0789,0.098463,0.077333,0.091804,0.102242,0.552229,0.621506,0.603632,0.685377,0.713617,0,0,0,0,0,0.050571,0.032235,0.035389,0.031386,0.048583,0.76886,0.748431,0.833086,0.751938,0.832232,0,0,0,0,0,0.082052,0.072028,0.066662,0.046467,0.060013,0.260888,0.28298,0.277761,0.241856,0.294115,0,0,0,0,0,0.03112,0.037389,0.032812,0.019684,0.04096,1,1,1,1,1,0,0,0,0,0,0.032529,0.0337229999999999,0.03363,0.0362710000000001,0.0335760000000001
0.682388,0.583947,0.626799,0.59231,0.599018,0,0,0,0,0,0,0,0,0,0,0.894953,0.855127,0.923359,0.90018,0.844833,0,0,0,0,0,0,0,0,0,0,0.552229,0.352593,0.577475,0.562892,0.456653,0,0,0,0,0,0,0,0,0,0,0.812426,0.903054,0.851399,0.807631,0.82836,0,0,0,0,0,0,0,0,0,0,1,1,1,1,1,0,0,0,0,0,0,0,0,0,0,1,1,0.904796,1,1,0,0,0,0,0,0,0,0,0,0,0.473944,0.495898,0.500157,0.499781,0.535007,0,0,0,0,0,0,0,0,0,0,0.786607,0.839699,0.868732,0.774619,0.769013,0,0,0,0,0,0,0,0,0,0,0.669899,0.663586,0.559411,0.680154,0.619701,0,0,0,0,0,0,0,0,0,0,0.955513,1,1,1,0.879404,1,1,1,1,1,0,0,0,0,0,0.833643,0.878505,0.826961,0.870789,0.919808,0,0,0,0,0,0,0,0,0,0,0.836098,0.798709,0.863066,0.762493,0.851754,0,0,0,0,0,0,0,0,0,0,0.817168,0.773314,0.794959,0.817971,0.766227,0,0,0,0,0,0,0,0,0,0,1,1,1,1,1,0,0,0,0,0,0,0,0,0,0,1,1,1,1,1,0,0,0,0,0,0.00764699999999996,0.011047,0.00602199999999997,0.011866,0.00988800000000001,1,1,1,1,1,0.908387,0.911539,0.778777,0.932593,0.949949,0.00121000000000004,0.00126199999999999,0.000762999999999958,0.00178400000000001,0.00214499999999995,0.765062,0.836264,0.786423,0.793525,0.793489,0,0,0,0,0,0,0,0,0,0,1,1,1,1,1,0,0,0,0,0,0,0,0,0,0,1,1,1,1,1,0,0,0,0,0,0.020798,0.027214,0.024348,0.015395,0.019483,1,1,1,1,1,0,0,0,0,0,0,0,0,0,0,1,1,1,1,0.983121,0,0,0,0,0,0,0,0,0,0,0.683466,0.711724,0.668802,0.661411,0.717175,0,0,0,0,0,0.00159299999999996,0.00158700000000001,0.001637,0.00200800000000001,0.00181100000000001
0.825127,0.764212,0.696831,0.724151,0.845985,0,0,0,0,0,0.218287,0.233695,0.264261,0.283717,0.227647,0.447143,0.437351,0.506969,0.382915,0.454829,0,0,0,0,0,0.153413,0.168368,0.202734,0.163906,0.210569,0.232861,0.291402,0.24352,0.33686,0.310836,0,0,0,0,0,0.181903,0.136431,0.158376,0.176986,0.165496,0.428364,0.426073,0.409959,0.420464,0.419294,0,0,0,0,0,0.0413289999999999,0.044315,0.033982,0.041448,0.044163,0.821866,0.785924,0.843061,0.729474,0.843799,0,0,0,0,0,0.350367,0.272161,0.331783,0.295365,0.321987,0.682323,0.639591,0.653974,0.718816,0.638267,0,0,0,0,0,0.242919,0.294666,0.304745,0.346274,0.289184,0.314585,0.373467,0.382209,0.339158,0.38268,0,0,0,0,0,0.087908,0.10768,0.111836,0.09834,0.084839,0.42284,0.419285,0.479215,0.480091,0.348192,0,0,0,0,0,0.051659,0.0470970000000001,0.048372,0.057157,0.050507,0.350147,0.27717,0.34298,0.375794,0.373315,0,0,0,0,0,0.154557,0.164598,0.167426,0.179223,0.238695,0.763464,0.674941,0.670503,0.659933,0.677736,0.732461,0.825613,0.697473,0.725948,0.767464,0.310261,0.286078,0.334519,0.321738,0.320867,0.490104,0.51453,0.425796,0.425043,0.477147,0,0,0,0,0,0.243793,0.261136,0.27354,0.231,0.319398,1,1,1,1,1,0,0,0,0,0,0,0,0,0,0,1,1,1,1,1,0,0,0,0,0,8.20000000000265e-05,0.000125999999999959,0.000113999999999947,4.000000000004e-05,9.49999999999562e-05,0.686793,0.693027,0.680647,0.736415,0.655909,0,0,0,0,0,0.00858199999999998,0.011455,0.012137,0.00838700000000003,0.00681799999999999,0.885128,0.862778,0.812326,0.82483,0.84183,0,0,0,0,0,0.1139,0.135545,0.088657,0.120944,0.076646,0.836425,0.68556,0.807887,0.751313,0.670603,0,0,0,0,0,0.0582,0.030424,0.049184,0.057164,0.035998,1,1,1,1,1,0,0,0,0,0,0,0,0,0,0,0.815323,0.77068,0.823356,0.801535,0.75811,0,0,0,0,0,0.100522,0.138801,0.13259,0.107208,0.14049,0.542667,0.536272,0.579511,0.546443,0.559121,0,0,0,0,0,0.07057,0.0981070000000001,0.071388,0.077048,0.07484,0.691235,0.704347,0.772329,0.682378,0.644926,0,0,0,0,0,0.021606,0.00288900000000003,0.021071,0.013593,0.014602,0.441562,0.395522,0.413209,0.344972,0.448281,0,0,0,0,0,0.023412,0.037336,0.036474,0.032959,0.024581,0.944543,0.987253,0.992803,1,1,0,0,0,0,0,0.00230399999999997,0.00148199999999998,0.000550999999999968,0.00194099999999997,0.00133799999999995
0.222278,0.204612,0.304053,0.27753,0.301362,0,0,0,0,0,0,0,0,0,0,0.259521,0.330163,0.207005,0.25623,0.202748,0,0,0,0,0,0.00414300000000001,0.00348999999999999,0.00378999999999996,0.00269900000000001,0.00465400000000005,0.387046,0.389341,0.471008,0.421401,0.403524,0,0,0,0,0,0,0,0,0,0,0.288057,0.298997,0.275736,0.27807,0.306563,0,0,0,0,0,0,0,0,0,0,0.278001,0.322181,0.329692,0.357009,0.287973,0,0,0,0,0,0,0,0,0,0,0.402408,0.330046,0.359956,0.239526,0.366635,0,0,0,0,0,0,0,0,0,0,0.447307,0.427649,0.448646,0.479724,0.373251,0,0,0,0,0,0.011373,0.017547,0.0177310000000001,0.021349,0.011554,0.375895,0.366352,0.349482,0.339494,0.299832,0,0,0,0,0,0,0,0,0,0,0.22131,0.236137,0.179139,0.190678,0.15491,0,0,0,0,0,0.194437,0.163781,0.175086,0.147955,0.145297,0.355326,0.338775,0.341572,0.42595,0.367766,0.358433,0.35957,0.363599,0.362211,0.38688,0,0,0,0,0,0.196234,0.228571,0.207601,0.229348,0.247648,0,0,0,0,0,0,0,0,0,0,0.77645,0.805016,0.863619,0.813094,0.826599,0,0,0,0,0,0.050659,0.0431820000000001,0.048248,0.043662,0.052125,0.161249,0.139768,0.151153,0.176273,0.16287,0,0,0,0,0,0,0,0,0,0,0.205165,0.288236,0.230038,0.252663,0.281516,0,0,0,0,0,0,0,0,0,0,0.202846,0.288266,0.209791,0.183613,0.217623,0,0,0,0,0,0.035301,0.069051,0.036145,0.050822,0.064195,0.21096,0.238084,0.191335,0.242771,0.190629,0,0,0,0,0,0,0,0,0,0,0.193652,0.164486,0.200864,0.206404,0.241507,0,0,0,0,0,0.054525,0.038697,0.020504,0.035405,0.042202,0.333649,0.255715,0.255093,0.326765,0.297623,0,0,0,0,0,0.041162,0.0415450000000001,0.040287,0.023413,0.02361,0.260649,0.338237,0.340891,0.224241,0.344576,0,0,0,0,0,0.00160000000000005,0.001498,0.00196799999999997,0.00108299999999995,0.00189899999999998,0.230678,0.198655,0.229967,0.180391,0.202339,0,0,0,0,0,0.00281500000000001,0.010538,0.0160670000000001,0.013003,0.024487,0.367912,0.308368,0.322388,0.351234,0.299302,0,0,0,0,0,0.030732,0.0619690000000001,0.0256189999999999,0.025339,0.016706,0.185208,0.19201,0.194993,0.157498,0.190796,0,0,0,0,0,0.00496700000000005,0.00969299999999995,0.010042,0.00503200000000004,0.00995000000000001
